matchupId,raceId,date,year,round,raceName,constructorId,winnerDriverId,loserDriverId,winnerPositionOrder,loserPositionOrder,winnerStatus,loserStatus,winnerActual,loserActual
1,833,1950-05-13,1950,1,British Grand Prix,51,642,686,1,3,Finished,Finished,1.0,0.0
2,833,1950-05-13,1950,1,British Grand Prix,51,642,786,1,2,Finished,Finished,1.0,0.0
3,833,1950-05-13,1950,1,British Grand Prix,105,784,778,9,10,+6 Laps,+6 Laps,1.0,0.0
4,833,1950-05-13,1950,1,British Grand Prix,105,784,788,9,10,+6 Laps,+6 Laps,1.0,0.0
5,833,1950-05-13,1950,1,British Grand Prix,151,619,787,6,7,+3 Laps,+3 Laps,1.0,0.0
6,833,1950-05-13,1950,1,British Grand Prix,154,704,627,4,5,+2 Laps,+2 Laps,1.0,0.0
7,833,1950-05-13,1950,1,British Grand Prix,154,704,660,4,11,+2 Laps,+6 Laps,1.0,0.0
8,833,1950-05-13,1950,1,British Grand Prix,154,704,741,4,8,+2 Laps,+5 Laps,1.0,0.0
9,834,1950-05-21,1950,2,Monaco Grand Prix,6,647,793,2,4,+1 Lap,+3 Laps,1.0,0.0
10,834,1950-05-21,1950,2,Monaco Grand Prix,105,589,669,3,5,+2 Laps,+5 Laps,1.0,0.0
11,836,1950-06-04,1950,4,Swiss Grand Prix,51,642,786,1,2,Finished,Finished,1.0,0.0
12,836,1950-06-04,1950,4,Swiss Grand Prix,105,669,589,4,9,+2 Laps,+3 Laps,1.0,0.0
13,836,1950-06-04,1950,4,Swiss Grand Prix,105,669,640,4,6,+2 Laps,+2 Laps,1.0,0.0
14,836,1950-06-04,1950,4,Swiss Grand Prix,105,669,697,4,5,+2 Laps,+2 Laps,1.0,0.0
15,836,1950-06-04,1950,4,Swiss Grand Prix,105,669,780,4,11,+2 Laps,+7 Laps,1.0,0.0
16,836,1950-06-04,1950,4,Swiss Grand Prix,105,669,800,4,7,+2 Laps,+3 Laps,1.0,0.0
17,836,1950-06-04,1950,4,Swiss Grand Prix,154,627,501,3,8,+1 Lap,+3 Laps,1.0,0.0
18,836,1950-06-04,1950,4,Swiss Grand Prix,154,627,660,3,10,+1 Lap,+4 Laps,1.0,0.0
19,837,1950-06-18,1950,5,Belgian Grand Prix,6,647,633,5,6,+1 Lap,+2 Laps,1.0,0.0
20,837,1950-06-18,1950,5,Belgian Grand Prix,51,579,642,1,4,Finished,Finished,1.0,0.0
21,837,1950-06-18,1950,5,Belgian Grand Prix,51,579,786,1,2,Finished,Finished,1.0,0.0
22,837,1950-06-18,1950,5,Belgian Grand Prix,154,627,660,3,8,Finished,+3 Laps,1.0,0.0
23,837,1950-06-18,1950,5,Belgian Grand Prix,154,627,773,3,7,Finished,+2 Laps,1.0,0.0
24,838,1950-07-02,1950,6,French Grand Prix,51,579,786,1,2,Finished,Finished,1.0,0.0
25,839,1950-09-03,1950,7,Italian Grand Prix,51,642,786,1,3,Finished,Finished,1.0,0.0
26,839,1950-09-03,1950,7,Italian Grand Prix,154,627,741,4,5,+5 Laps,+5 Laps,1.0,0.0
27,825,1951-05-27,1951,1,Swiss Grand Prix,6,641,647,2,6,Finished,+2 Laps,1.0,0.0
28,825,1951-05-27,1951,1,Swiss Grand Prix,6,641,723,2,11,Finished,+3 Laps,1.0,0.0
29,825,1951-05-27,1951,1,Swiss Grand Prix,51,579,640,1,5,Finished,+2 Laps,1.0,0.0
30,825,1951-05-27,1951,1,Swiss Grand Prix,51,579,642,1,3,Finished,Finished,1.0,0.0
31,825,1951-05-27,1951,1,Swiss Grand Prix,51,579,763,1,4,Finished,+1 Lap,1.0,0.0
32,825,1951-05-27,1951,1,Swiss Grand Prix,105,589,501,7,12,+2 Laps,+4 Laps,1.0,0.0
33,825,1951-05-27,1951,1,Swiss Grand Prix,154,627,660,9,13,+3 Laps,+7 Laps,1.0,0.0
34,825,1951-05-27,1951,1,Swiss Grand Prix,154,627,741,9,10,+3 Laps,+3 Laps,1.0,0.0
35,825,1951-05-27,1951,1,Swiss Grand Prix,154,627,764,9,14,+3 Laps,+11 Laps,1.0,0.0
36,827,1951-06-17,1951,3,Belgian Grand Prix,6,647,633,2,3,Finished,Finished,1.0,0.0
37,827,1951-06-17,1951,3,Belgian Grand Prix,51,642,579,1,9,Finished,+4 Laps,1.0,0.0
38,827,1951-06-17,1951,3,Belgian Grand Prix,154,627,429,4,6,+2 Laps,+3 Laps,1.0,0.0
39,827,1951-06-17,1951,3,Belgian Grand Prix,154,627,660,4,7,+2 Laps,+3 Laps,1.0,0.0
40,827,1951-06-17,1951,3,Belgian Grand Prix,154,627,704,4,5,+2 Laps,+2 Laps,1.0,0.0
41,827,1951-06-17,1951,3,Belgian Grand Prix,154,627,773,4,8,+2 Laps,+4 Laps,1.0,0.0
42,828,1951-07-01,1951,4,French Grand Prix,154,589,704,6,7,+6 Laps,+6 Laps,1.0,0.0
43,828,1951-07-01,1951,4,French Grand Prix,154,589,764,6,9,+6 Laps,+11 Laps,1.0,0.0
44,828,1951-07-01,1951,4,French Grand Prix,154,589,774,6,8,+6 Laps,+8 Laps,1.0,0.0
45,829,1951-07-14,1951,5,British Grand Prix,6,498,633,1,3,Finished,+2 Laps,1.0,0.0
46,829,1951-07-14,1951,5,British Grand Prix,6,498,687,1,9,Finished,+7 Laps,1.0,0.0
47,829,1951-07-14,1951,5,British Grand Prix,51,579,697,2,4,Finished,+3 Laps,1.0,0.0
48,829,1951-07-14,1951,5,British Grand Prix,51,579,763,2,6,Finished,+6 Laps,1.0,0.0
49,829,1951-07-14,1951,5,British Grand Prix,66,686,661,5,7,+5 Laps,+6 Laps,1.0,0.0
50,829,1951-07-14,1951,5,British Grand Prix,151,778,619,8,11,+6 Laps,+8 Laps,1.0,0.0
51,829,1951-07-14,1951,5,British Grand Prix,154,627,660,10,13,+7 Laps,+10 Laps,1.0,0.0
52,829,1951-07-14,1951,5,British Grand Prix,154,627,708,10,12,+7 Laps,+9 Laps,1.0,0.0
53,830,1951-07-29,1951,6,German Grand Prix,6,647,498,1,3,Finished,Finished,1.0,0.0
54,830,1951-07-29,1951,6,German Grand Prix,6,647,633,1,4,Finished,Finished,1.0,0.0
55,830,1951-07-29,1951,6,German Grand Prix,6,647,641,1,5,Finished,Finished,1.0,0.0
56,830,1951-07-29,1951,6,German Grand Prix,6,647,723,1,6,Finished,+1 Lap,1.0,0.0
57,830,1951-07-29,1951,6,German Grand Prix,154,627,660,8,11,+1 Lap,+3 Laps,1.0,0.0
58,830,1951-07-29,1951,6,German Grand Prix,154,627,680,8,10,+1 Lap,+2 Laps,1.0,0.0
59,830,1951-07-29,1951,6,German Grand Prix,154,627,773,8,9,+1 Lap,+2 Laps,1.0,0.0
60,831,1951-09-16,1951,7,Italian Grand Prix,6,647,498,1,2,Finished,Finished,1.0,0.0
61,831,1951-09-16,1951,7,Italian Grand Prix,6,647,633,1,4,Finished,+1 Lap,1.0,0.0
62,831,1951-09-16,1951,7,Italian Grand Prix,6,647,641,1,5,Finished,+2 Laps,1.0,0.0
63,831,1951-09-16,1951,7,Italian Grand Prix,154,627,704,7,8,+7 Laps,+8 Laps,1.0,0.0
64,832,1951-10-28,1951,8,Spanish Grand Prix,6,498,647,2,4,Finished,+2 Laps,1.0,0.0
65,832,1951-10-28,1951,8,Spanish Grand Prix,51,579,640,1,6,Finished,+4 Laps,1.0,0.0
66,832,1951-10-28,1951,8,Spanish Grand Prix,51,579,642,1,3,Finished,Finished,1.0,0.0
67,832,1951-10-28,1951,8,Spanish Grand Prix,51,579,697,1,5,Finished,+2 Laps,1.0,0.0
68,832,1951-10-28,1951,8,Spanish Grand Prix,154,627,741,7,8,+6 Laps,+7 Laps,1.0,0.0
69,817,1952-05-18,1952,1,Swiss Grand Prix,6,641,721,1,7,Finished,+6 Laps,1.0,0.0
70,817,1952-05-18,1952,1,Swiss Grand Prix,6,641,723,1,2,Finished,Finished,1.0,0.0
71,817,1952-05-18,1952,1,Swiss Grand Prix,87,689,688,5,8,+3 Laps,+7 Laps,1.0,0.0
72,819,1952-06-22,1952,3,Belgian Grand Prix,6,647,642,1,2,Finished,Finished,1.0,0.0
73,819,1952-06-22,1952,3,Belgian Grand Prix,6,647,735,1,7,Finished,+3 Laps,1.0,0.0
74,819,1952-06-22,1952,3,Belgian Grand Prix,87,578,688,4,9,+1 Lap,+3 Laps,1.0,0.0
75,819,1952-06-22,1952,3,Belgian Grand Prix,87,578,689,4,6,+1 Lap,+2 Laps,1.0,0.0
76,819,1952-06-22,1952,3,Belgian Grand Prix,128,626,660,3,8,Finished,+3 Laps,1.0,0.0
77,819,1952-06-22,1952,3,Belgian Grand Prix,133,632,651,5,11,+2 Laps,+4 Laps,1.0,0.0
78,819,1952-06-22,1952,3,Belgian Grand Prix,133,632,736,5,12,+2 Laps,+4 Laps,1.0,0.0
79,819,1952-06-22,1952,3,Belgian Grand Prix,133,632,738,5,15,+2 Laps,+6 Laps,1.0,0.0
80,819,1952-06-22,1952,3,Belgian Grand Prix,141,669,737,10,14,+4 Laps,+6 Laps,1.0,0.0
81,820,1952-07-06,1952,4,French Grand Prix,6,647,641,1,3,Finished,+2 Laps,1.0,0.0
82,820,1952-07-06,1952,4,French Grand Prix,6,647,642,1,2,Finished,+1 Lap,1.0,0.0
83,820,1952-07-06,1952,4,French Grand Prix,6,647,721,1,11,Finished,+11 Laps,1.0,0.0
84,820,1952-07-06,1952,4,French Grand Prix,6,647,723,1,11,Finished,+11 Laps,1.0,0.0
85,820,1952-07-06,1952,4,French Grand Prix,6,647,740,1,12,Finished,+14 Laps,1.0,0.0
86,820,1952-07-06,1952,4,French Grand Prix,128,626,554,4,7,+3 Laps,+7 Laps,1.0,0.0
87,820,1952-07-06,1952,4,French Grand Prix,133,581,651,6,9,+7 Laps,+7 Laps,1.0,0.0
88,820,1952-07-06,1952,4,French Grand Prix,133,581,704,6,10,+7 Laps,+9 Laps,1.0,0.0
89,821,1952-07-19,1952,5,British Grand Prix,6,647,456,1,8,Finished,+3 Laps,1.0,0.0
90,821,1952-07-19,1952,5,British Grand Prix,6,647,641,1,2,Finished,+1 Lap,1.0,0.0
91,821,1952-07-19,1952,5,British Grand Prix,6,647,642,1,6,Finished,+3 Laps,1.0,0.0
92,821,1952-07-19,1952,5,British Grand Prix,6,647,687,1,10,Finished,+4 Laps,1.0,0.0
93,821,1952-07-19,1952,5,British Grand Prix,6,647,723,1,13,Finished,+5 Laps,1.0,0.0
94,821,1952-07-19,1952,5,British Grand Prix,87,578,686,3,7,+2 Laps,+3 Laps,1.0,0.0
95,821,1952-07-19,1952,5,British Grand Prix,87,578,688,3,20,+2 Laps,+9 Laps,1.0,0.0
96,821,1952-07-19,1952,5,British Grand Prix,87,578,689,3,22,+2 Laps,+16 Laps,1.0,0.0
97,821,1952-07-19,1952,5,British Grand Prix,105,501,640,17,19,+7 Laps,+9 Laps,1.0,0.0
98,821,1952-07-19,1952,5,British Grand Prix,105,501,746,17,18,+7 Laps,+8 Laps,1.0,0.0
99,821,1952-07-19,1952,5,British Grand Prix,125,742,664,4,16,+2 Laps,+6 Laps,1.0,0.0
100,821,1952-07-19,1952,5,British Grand Prix,125,742,743,4,5,+2 Laps,+3 Laps,1.0,0.0
101,821,1952-07-19,1952,5,British Grand Prix,125,742,744,4,9,+2 Laps,+3 Laps,1.0,0.0
102,822,1952-08-03,1952,6,German Grand Prix,6,647,641,1,4,Finished,+1 Lap,1.0,0.0
103,822,1952-08-03,1952,6,German Grand Prix,6,647,642,1,2,Finished,Finished,1.0,0.0
104,822,1952-08-03,1952,6,German Grand Prix,6,647,723,1,3,Finished,Finished,1.0,0.0
105,822,1952-08-03,1952,6,German Grand Prix,6,647,736,1,6,Finished,+2 Laps,1.0,0.0
106,822,1952-08-03,1952,6,German Grand Prix,144,751,724,7,8,+2 Laps,+2 Laps,1.0,0.0
107,822,1952-08-03,1952,6,German Grand Prix,144,751,753,7,11,+2 Laps,+4 Laps,1.0,0.0
108,823,1952-08-17,1952,7,Dutch Grand Prix,6,647,633,1,3,Finished,Finished,1.0,0.0
109,823,1952-08-17,1952,7,Dutch Grand Prix,6,647,642,1,2,Finished,Finished,1.0,0.0
110,823,1952-08-17,1952,7,Dutch Grand Prix,128,626,427,5,6,+3 Laps,+3 Laps,1.0,0.0
111,823,1952-08-17,1952,7,Dutch Grand Prix,133,708,651,7,8,+5 Laps,+6 Laps,1.0,0.0
112,824,1952-09-07,1952,8,Italian Grand Prix,6,647,609,1,6,Finished,+1 Lap,1.0,0.0
113,824,1952-09-07,1952,8,Italian Grand Prix,6,647,627,1,10,Finished,+5 Laps,1.0,0.0
114,824,1952-09-07,1952,8,Italian Grand Prix,6,647,633,1,3,Finished,Finished,1.0,0.0
115,824,1952-09-07,1952,8,Italian Grand Prix,6,647,641,1,7,Finished,+3 Laps,1.0,0.0
116,824,1952-09-07,1952,8,Italian Grand Prix,6,647,642,1,4,Finished,Finished,1.0,0.0
117,824,1952-09-07,1952,8,Italian Grand Prix,87,663,688,9,13,+4 Laps,+7 Laps,1.0,0.0
118,824,1952-09-07,1952,8,Italian Grand Prix,87,663,689,9,15,+4 Laps,+12 Laps,1.0,0.0
119,824,1952-09-07,1952,8,Italian Grand Prix,105,498,622,2,8,Finished,+4 Laps,1.0,0.0
120,824,1952-09-07,1952,8,Italian Grand Prix,105,498,697,2,5,Finished,+1 Lap,1.0,0.0
121,824,1952-09-07,1952,8,Italian Grand Prix,105,498,748,2,11,Finished,+5 Laps,1.0,0.0
122,808,1953-01-18,1953,1,Argentine Grand Prix,6,647,578,1,4,Finished,+1 Lap,1.0,0.0
123,808,1953-01-18,1953,1,Argentine Grand Prix,6,647,633,1,2,Finished,+1 Lap,1.0,0.0
124,808,1953-01-18,1953,1,Argentine Grand Prix,87,696,689,8,9,+7 Laps,+10 Laps,1.0,0.0
125,808,1953-01-18,1953,1,Argentine Grand Prix,105,498,695,3,5,+1 Lap,+1 Lap,1.0,0.0
126,808,1953-01-18,1953,1,Argentine Grand Prix,128,554,427,6,7,+3 Laps,+6 Laps,1.0,0.0
127,808,1953-01-18,1953,1,Argentine Grand Prix,128,554,501,6,7,+3 Laps,+6 Laps,1.0,0.0
128,810,1953-06-07,1953,3,Dutch Grand Prix,6,647,578,1,4,Finished,+1 Lap,1.0,0.0
129,810,1953-06-07,1953,3,Dutch Grand Prix,6,647,627,1,7,Finished,+4 Laps,1.0,0.0
130,810,1953-06-07,1953,3,Dutch Grand Prix,6,647,642,1,2,Finished,Finished,1.0,0.0
131,811,1953-06-21,1953,4,Belgian Grand Prix,6,647,578,1,6,Finished,+1 Lap,1.0,0.0
132,811,1953-06-21,1953,4,Belgian Grand Prix,6,647,627,1,8,Finished,+3 Laps,1.0,0.0
133,811,1953-06-21,1953,4,Belgian Grand Prix,6,647,633,1,2,Finished,Finished,1.0,0.0
134,811,1953-06-21,1953,4,Belgian Grand Prix,105,670,640,3,4,+1 Lap,+1 Lap,1.0,0.0
135,811,1953-06-21,1953,4,Belgian Grand Prix,128,427,501,5,7,+1 Lap,+3 Laps,1.0,0.0
136,811,1953-06-21,1953,4,Belgian Grand Prix,128,427,693,5,9,+1 Lap,+4 Laps,1.0,0.0
137,812,1953-07-05,1953,5,French Grand Prix,6,578,627,1,8,Finished,+4 Laps,1.0,0.0
138,812,1953-07-05,1953,5,French Grand Prix,6,578,633,1,6,Finished,Finished,1.0,0.0
139,812,1953-07-05,1953,5,French Grand Prix,6,578,642,1,5,Finished,Finished,1.0,0.0
140,812,1953-07-05,1953,5,French Grand Prix,6,578,647,1,4,Finished,Finished,1.0,0.0
141,812,1953-07-05,1953,5,French Grand Prix,105,579,498,2,3,Finished,Finished,1.0,0.0
142,812,1953-07-05,1953,5,French Grand Prix,105,579,640,2,7,Finished,+2 Laps,1.0,0.0
143,812,1953-07-05,1953,5,French Grand Prix,105,579,670,2,9,Finished,+5 Laps,1.0,0.0
144,812,1953-07-05,1953,5,French Grand Prix,133,581,704,13,14,+8 Laps,+10 Laps,1.0,0.0
145,813,1953-07-18,1953,6,British Grand Prix,6,647,578,1,5,Finished,+3 Laps,1.0,0.0
146,813,1953-07-18,1953,6,British Grand Prix,6,647,627,1,10,Finished,+12 Laps,1.0,0.0
147,813,1953-07-18,1953,6,British Grand Prix,6,647,642,1,3,Finished,+2 Laps,1.0,0.0
148,813,1953-07-18,1953,6,British Grand Prix,87,663,687,8,9,+10 Laps,+11 Laps,1.0,0.0
149,813,1953-07-18,1953,6,British Grand Prix,105,579,498,2,4,Finished,+2 Laps,1.0,0.0
150,813,1953-07-18,1953,6,British Grand Prix,105,579,697,2,6,Finished,+8 Laps,1.0,0.0
151,814,1953-08-02,1953,7,German Grand Prix,6,642,578,1,3,Finished,Finished,1.0,0.0
152,814,1953-08-02,1953,7,German Grand Prix,6,642,627,1,10,Finished,+1 Lap,1.0,0.0
153,814,1953-08-02,1953,7,German Grand Prix,6,642,633,1,8,Finished,+1 Lap,1.0,0.0
154,814,1953-08-02,1953,7,German Grand Prix,6,642,647,1,8,Finished,+1 Lap,1.0,0.0
155,814,1953-08-02,1953,7,German Grand Prix,6,642,680,1,7,Finished,+1 Lap,1.0,0.0
156,814,1953-08-02,1953,7,German Grand Prix,87,475,690,6,11,+1 Lap,+2 Laps,1.0,0.0
157,814,1953-08-02,1953,7,German Grand Prix,105,579,640,2,5,Finished,+1 Lap,1.0,0.0
158,814,1953-08-02,1953,7,German Grand Prix,105,579,697,2,4,Finished,Finished,1.0,0.0
159,814,1953-08-02,1953,7,German Grand Prix,144,478,455,9,16,+1 Lap,+4 Laps,1.0,0.0
160,814,1953-08-02,1953,7,German Grand Prix,144,478,692,9,12,+1 Lap,+2 Laps,1.0,0.0
161,814,1953-08-02,1953,7,German Grand Prix,145,710,709,14,15,+2 Laps,+3 Laps,1.0,0.0
162,815,1953-08-23,1953,8,Swiss Grand Prix,6,647,578,1,3,Finished,Finished,1.0,0.0
163,815,1953-08-23,1953,8,Swiss Grand Prix,6,647,633,1,6,Finished,+3 Laps,1.0,0.0
164,815,1953-08-23,1953,8,Swiss Grand Prix,6,647,642,1,2,Finished,Finished,1.0,0.0
165,815,1953-08-23,1953,8,Swiss Grand Prix,6,647,720,1,8,Finished,+14 Laps,1.0,0.0
166,816,1953-09-13,1953,9,Italian Grand Prix,6,642,578,2,4,Finished,+1 Lap,1.0,0.0
167,816,1953-09-13,1953,9,Italian Grand Prix,6,642,620,2,8,Finished,+5 Laps,1.0,0.0
168,816,1953-09-13,1953,9,Italian Grand Prix,6,642,627,2,16,Finished,+15 Laps,1.0,0.0
169,816,1953-09-13,1953,9,Italian Grand Prix,6,642,633,2,3,Finished,+1 Lap,1.0,0.0
170,816,1953-09-13,1953,9,Italian Grand Prix,87,689,475,12,13,+10 Laps,+10 Laps,1.0,0.0
171,816,1953-09-13,1953,9,Italian Grand Prix,105,579,577,1,7,Finished,+4 Laps,1.0,0.0
172,816,1953-09-13,1953,9,Italian Grand Prix,105,579,644,1,7,Finished,+4 Laps,1.0,0.0
173,816,1953-09-13,1953,9,Italian Grand Prix,105,579,669,1,11,Finished,+8 Laps,1.0,0.0
174,816,1953-09-13,1953,9,Italian Grand Prix,128,427,501,5,9,+1 Lap,+5 Laps,1.0,0.0
175,816,1953-09-13,1953,9,Italian Grand Prix,128,427,643,5,6,+1 Lap,+3 Laps,1.0,0.0
176,799,1954-01-17,1954,1,Argentine Grand Prix,6,642,427,2,4,Finished,+1 Lap,1.0,0.0
177,799,1954-01-17,1954,1,Argentine Grand Prix,6,642,498,2,3,Finished,Finished,1.0,0.0
178,799,1954-01-17,1954,1,Argentine Grand Prix,6,642,620,2,9,Finished,+5 Laps,1.0,0.0
179,799,1954-01-17,1954,1,Argentine Grand Prix,105,579,501,1,6,Finished,+3 Laps,1.0,0.0
180,799,1954-01-17,1954,1,Argentine Grand Prix,105,579,640,1,8,Finished,+4 Laps,1.0,0.0
181,799,1954-01-17,1954,1,Argentine Grand Prix,105,579,669,1,7,Finished,+4 Laps,1.0,0.0
182,801,1954-06-20,1954,3,Belgian Grand Prix,6,427,498,2,4,Finished,+1 Lap,1.0,0.0
183,801,1954-06-20,1954,3,Belgian Grand Prix,6,427,578,2,4,Finished,+1 Lap,1.0,0.0
184,801,1954-06-20,1954,3,Belgian Grand Prix,105,579,475,1,3,Finished,+1 Lap,1.0,0.0
185,801,1954-06-20,1954,3,Belgian Grand Prix,105,579,644,1,7,Finished,+2 Laps,1.0,0.0
186,801,1954-06-20,1954,3,Belgian Grand Prix,105,579,669,1,6,Finished,+1 Lap,1.0,0.0
187,802,1954-07-04,1954,4,French Grand Prix,105,669,633,4,5,+1 Lap,+3 Laps,1.0,0.0
188,802,1954-07-04,1954,4,French Grand Prix,131,579,648,1,2,Finished,Finished,1.0,0.0
189,803,1954-07-17,1954,5,British Grand Prix,6,498,427,1,5,Finished,+3 Laps,1.0,0.0
190,803,1954-07-17,1954,5,British Grand Prix,6,498,578,1,2,Finished,Finished,1.0,0.0
191,803,1954-07-17,1954,5,British Grand Prix,87,619,547,10,15,+5 Laps,+46 Laps,1.0,0.0
192,803,1954-07-17,1954,5,British Grand Prix,105,670,501,3,12,+1 Lap,+7 Laps,1.0,0.0
193,803,1954-07-17,1954,5,British Grand Prix,105,670,643,3,6,+1 Lap,+3 Laps,1.0,0.0
194,803,1954-07-17,1954,5,British Grand Prix,105,670,663,3,8,+1 Lap,+4 Laps,1.0,0.0
195,803,1954-07-17,1954,5,British Grand Prix,125,682,665,11,13,+6 Laps,+8 Laps,1.0,0.0
196,803,1954-07-17,1954,5,British Grand Prix,125,682,683,11,14,+6 Laps,+12 Laps,1.0,0.0
197,803,1954-07-17,1954,5,British Grand Prix,131,579,648,4,7,+1 Lap,+3 Laps,1.0,0.0
198,804,1954-08-01,1954,6,German Grand Prix,105,644,501,5,7,Finished,+1 Lap,1.0,0.0
199,804,1954-08-01,1954,6,German Grand Prix,131,579,648,1,4,Finished,Finished,1.0,0.0
200,805,1954-08-22,1954,7,Swiss Grand Prix,6,498,620,2,7,Finished,+5 Laps,1.0,0.0
201,805,1954-08-22,1954,7,Swiss Grand Prix,6,498,680,2,8,Finished,+8 Laps,1.0,0.0
202,805,1954-08-22,1954,7,Swiss Grand Prix,105,643,644,4,5,+2 Laps,+2 Laps,1.0,0.0
203,805,1954-08-22,1954,7,Swiss Grand Prix,105,643,663,4,6,+2 Laps,+2 Laps,1.0,0.0
204,805,1954-08-22,1954,7,Swiss Grand Prix,131,579,478,1,3,Finished,+1 Lap,1.0,0.0
205,806,1954-09-05,1954,8,Italian Grand Prix,6,578,427,2,5,+1 Lap,+5 Laps,1.0,0.0
206,806,1954-09-05,1954,8,Italian Grand Prix,6,578,498,2,3,+1 Lap,+2 Laps,1.0,0.0
207,806,1954-09-05,1954,8,Italian Grand Prix,6,578,620,2,3,+1 Lap,+2 Laps,1.0,0.0
208,806,1954-09-05,1954,8,Italian Grand Prix,105,627,475,8,10,+6 Laps,+9 Laps,1.0,0.0
209,806,1954-09-05,1954,8,Italian Grand Prix,105,627,644,8,9,+6 Laps,+6 Laps,1.0,0.0
210,806,1954-09-05,1954,8,Italian Grand Prix,105,627,672,8,11,+6 Laps,+10 Laps,1.0,0.0
211,806,1954-09-05,1954,8,Italian Grand Prix,131,579,478,1,4,Finished,+3 Laps,1.0,0.0
212,807,1954-10-24,1954,9,Spanish Grand Prix,105,577,580,2,6,Finished,+4 Laps,1.0,0.0
213,807,1954-10-24,1954,9,Spanish Grand Prix,105,577,627,2,7,Finished,+6 Laps,1.0,0.0
214,807,1954-10-24,1954,9,Spanish Grand Prix,105,577,643,2,4,Finished,+1 Lap,1.0,0.0
215,807,1954-10-24,1954,9,Spanish Grand Prix,105,577,663,2,8,Finished,+6 Laps,1.0,0.0
216,807,1954-10-24,1954,9,Spanish Grand Prix,105,577,669,2,9,Finished,+12 Laps,1.0,0.0
217,807,1954-10-24,1954,9,Spanish Grand Prix,131,579,648,3,5,+1 Lap,+4 Laps,1.0,0.0
218,792,1955-01-16,1955,1,Argentine Grand Prix,105,643,501,5,6,+5 Laps,+8 Laps,1.0,0.0
219,792,1955-01-16,1955,1,Argentine Grand Prix,105,643,554,5,6,+5 Laps,+8 Laps,1.0,0.0
220,792,1955-01-16,1955,1,Argentine Grand Prix,105,643,577,5,7,+5 Laps,+13 Laps,1.0,0.0
221,792,1955-01-16,1955,1,Argentine Grand Prix,105,643,644,5,7,+5 Laps,+13 Laps,1.0,0.0
222,792,1955-01-16,1955,1,Argentine Grand Prix,131,579,475,1,4,Finished,+2 Laps,1.0,0.0
223,792,1955-01-16,1955,1,Argentine Grand Prix,131,579,478,1,4,Finished,+2 Laps,1.0,0.0
224,792,1955-01-16,1955,1,Argentine Grand Prix,131,579,648,1,4,Finished,+2 Laps,1.0,0.0
225,793,1955-05-22,1955,2,Monaco Grand Prix,6,427,632,1,8,Finished,+14 Laps,1.0,0.0
226,793,1955-05-22,1955,2,Monaco Grand Prix,6,427,641,1,8,Finished,+14 Laps,1.0,0.0
227,793,1955-05-22,1955,2,Monaco Grand Prix,6,427,642,1,4,Finished,+1 Lap,1.0,0.0
228,793,1955-05-22,1955,2,Monaco Grand Prix,132,608,589,2,6,Finished,+5 Laps,1.0,0.0
229,793,1955-05-22,1955,2,Monaco Grand Prix,132,608,633,2,5,Finished,+1 Lap,1.0,0.0
230,795,1955-06-05,1955,4,Belgian Grand Prix,6,642,427,3,6,Finished,+1 Lap,1.0,0.0
231,795,1955-06-05,1955,4,Belgian Grand Prix,6,642,632,3,4,Finished,Finished,1.0,0.0
232,795,1955-06-05,1955,4,Belgian Grand Prix,131,579,475,1,2,Finished,Finished,1.0,0.0
233,796,1955-06-19,1955,5,Dutch Grand Prix,6,608,578,5,7,+3 Laps,+5 Laps,1.0,0.0
234,796,1955-06-19,1955,5,Dutch Grand Prix,6,608,660,5,11,+3 Laps,+12 Laps,1.0,0.0
235,796,1955-06-19,1955,5,Dutch Grand Prix,105,577,554,3,6,Finished,+3 Laps,1.0,0.0
236,796,1955-06-19,1955,5,Dutch Grand Prix,105,577,627,3,9,Finished,+8 Laps,1.0,0.0
237,796,1955-06-19,1955,5,Dutch Grand Prix,105,577,643,3,4,Finished,+1 Lap,1.0,0.0
238,796,1955-06-19,1955,5,Dutch Grand Prix,128,624,650,8,10,+8 Laps,+10 Laps,1.0,0.0
239,796,1955-06-19,1955,5,Dutch Grand Prix,131,579,475,1,2,Finished,Finished,1.0,0.0
240,797,1955-07-16,1955,6,British Grand Prix,105,577,651,5,8,+1 Lap,+11 Laps,1.0,0.0
241,797,1955-07-16,1955,6,British Grand Prix,131,475,579,1,2,Finished,Finished,1.0,0.0
242,797,1955-07-16,1955,6,British Grand Prix,131,475,641,1,4,Finished,+1 Lap,1.0,0.0
243,797,1955-07-16,1955,6,British Grand Prix,131,475,648,1,3,Finished,Finished,1.0,0.0
244,798,1955-09-11,1955,7,Italian Grand Prix,6,608,427,3,8,Finished,+3 Laps,1.0,0.0
245,798,1955-09-11,1955,7,Italian Grand Prix,6,608,620,3,6,Finished,+1 Lap,1.0,0.0
246,798,1955-09-11,1955,7,Italian Grand Prix,105,554,496,4,5,Finished,+1 Lap,1.0,0.0
247,798,1955-09-11,1955,7,Italian Grand Prix,105,554,643,4,7,Finished,+2 Laps,1.0,0.0
248,798,1955-09-11,1955,7,Italian Grand Prix,105,554,667,4,9,Finished,+4 Laps,1.0,0.0
249,798,1955-09-11,1955,7,Italian Grand Prix,131,579,641,1,2,Finished,Finished,1.0,0.0
250,784,1956-01-22,1956,1,Argentine Grand Prix,105,554,578,2,3,Finished,+2 Laps,1.0,0.0
251,784,1956-01-22,1956,1,Argentine Grand Prix,105,554,583,2,4,Finished,+6 Laps,1.0,0.0
252,784,1956-01-22,1956,1,Argentine Grand Prix,105,554,622,2,4,Finished,+6 Laps,1.0,0.0
253,784,1956-01-22,1956,1,Argentine Grand Prix,105,554,623,2,6,Finished,+10 Laps,1.0,0.0
254,784,1956-01-22,1956,1,Argentine Grand Prix,105,554,806,2,6,Finished,+10 Laps,1.0,0.0
255,785,1956-05-13,1956,2,Monaco Grand Prix,105,475,547,1,8,Finished,+15 Laps,1.0,0.0
256,785,1956-05-13,1956,2,Monaco Grand Prix,105,475,554,1,3,Finished,+1 Lap,1.0,0.0
257,785,1956-05-13,1956,2,Monaco Grand Prix,105,475,607,1,7,Finished,+14 Laps,1.0,0.0
258,785,1956-05-13,1956,2,Monaco Grand Prix,128,624,429,5,6,+7 Laps,+12 Laps,1.0,0.0
259,785,1956-05-13,1956,2,Monaco Grand Prix,128,624,625,5,6,+7 Laps,+12 Laps,1.0,0.0
260,787,1956-06-03,1956,4,Belgian Grand Prix,6,581,429,1,6,Finished,+3 Laps,1.0,0.0
261,787,1956-06-03,1956,4,Belgian Grand Prix,6,581,632,1,2,Finished,Finished,1.0,0.0
262,788,1956-07-01,1956,5,French Grand Prix,6,581,579,1,4,Finished,Finished,1.0,0.0
263,788,1956-07-01,1956,5,French Grand Prix,6,581,608,1,2,Finished,Finished,1.0,0.0
264,788,1956-07-01,1956,5,French Grand Prix,105,554,475,3,5,Finished,+2 Laps,1.0,0.0
265,788,1956-07-01,1956,5,French Grand Prix,105,554,580,3,7,Finished,+4 Laps,1.0,0.0
266,788,1956-07-01,1956,5,French Grand Prix,105,554,607,3,5,Finished,+2 Laps,1.0,0.0
267,788,1956-07-01,1956,5,French Grand Prix,105,554,627,3,6,Finished,+3 Laps,1.0,0.0
268,788,1956-07-01,1956,5,French Grand Prix,128,624,429,8,11,+4 Laps,+6 Laps,1.0,0.0
269,788,1956-07-01,1956,5,French Grand Prix,128,624,626,8,9,+4 Laps,+5 Laps,1.0,0.0
270,789,1956-07-14,1956,6,British Grand Prix,6,579,581,1,2,Finished,+1 Lap,1.0,0.0
271,789,1956-07-14,1956,6,British Grand Prix,6,579,606,1,2,Finished,+1 Lap,1.0,0.0
272,789,1956-07-14,1956,6,British Grand Prix,6,579,608,1,10,Finished,+9 Laps,1.0,0.0
273,789,1956-07-14,1956,6,British Grand Prix,105,554,547,3,5,+2 Laps,+4 Laps,1.0,0.0
274,789,1956-07-14,1956,6,British Grand Prix,105,554,580,3,8,+2 Laps,+7 Laps,1.0,0.0
275,789,1956-07-14,1956,6,British Grand Prix,105,554,607,3,7,+2 Laps,+6 Laps,1.0,0.0
276,789,1956-07-14,1956,6,British Grand Prix,105,554,633,3,6,+2 Laps,+5 Laps,1.0,0.0
277,790,1956-08-05,1956,7,German Grand Prix,105,475,554,2,3,Finished,Finished,1.0,0.0
278,790,1956-08-05,1956,7,German Grand Prix,105,475,580,2,4,Finished,+2 Laps,1.0,0.0
279,790,1956-08-05,1956,7,German Grand Prix,105,475,627,2,5,Finished,+3 Laps,1.0,0.0
280,790,1956-08-05,1956,7,German Grand Prix,105,475,638,2,7,Finished,+6 Laps,1.0,0.0
281,791,1956-09-02,1956,8,Italian Grand Prix,105,475,456,1,11,Finished,+9 Laps,1.0,0.0
282,791,1956-09-02,1956,8,Italian Grand Prix,105,475,580,1,4,Finished,+1 Lap,1.0,0.0
283,791,1956-09-02,1956,8,Italian Grand Prix,105,475,583,1,10,Finished,+8 Laps,1.0,0.0
284,791,1956-09-02,1956,8,Italian Grand Prix,105,475,586,1,6,Finished,+3 Laps,1.0,0.0
285,791,1956-09-02,1956,8,Italian Grand Prix,105,475,640,1,7,Finished,+4 Laps,1.0,0.0
286,791,1956-09-02,1956,8,Italian Grand Prix,125,541,486,3,5,+1 Lap,+3 Laps,1.0,0.0
287,776,1957-01-13,1957,1,Argentine Grand Prix,105,579,347,1,7,Finished,+5 Laps,1.0,0.0
288,776,1957-01-13,1957,1,Argentine Grand Prix,105,579,475,1,8,Finished,+7 Laps,1.0,0.0
289,776,1957-01-13,1957,1,Argentine Grand Prix,105,579,496,1,3,Finished,+1 Lap,1.0,0.0
290,776,1957-01-13,1957,1,Argentine Grand Prix,105,579,501,1,4,Finished,+2 Laps,1.0,0.0
291,776,1957-01-13,1957,1,Argentine Grand Prix,105,579,554,1,2,Finished,Finished,1.0,0.0
292,776,1957-01-13,1957,1,Argentine Grand Prix,105,579,586,1,10,Finished,+10 Laps,1.0,0.0
293,777,1957-05-19,1957,2,Monaco Grand Prix,105,579,418,1,3,Finished,+2 Laps,1.0,0.0
294,779,1957-07-07,1957,4,French Grand Prix,6,577,578,2,4,Finished,+1 Lap,1.0,0.0
295,779,1957-07-07,1957,4,French Grand Prix,6,577,581,2,3,Finished,Finished,1.0,0.0
296,779,1957-07-07,1957,4,French Grand Prix,105,579,501,1,5,Finished,+7 Laps,1.0,0.0
297,779,1957-07-07,1957,4,French Grand Prix,105,579,554,1,6,Finished,+8 Laps,1.0,0.0
298,780,1957-07-20,1957,5,British Grand Prix,6,577,427,2,4,Finished,+2 Laps,1.0,0.0
299,780,1957-07-20,1957,5,British Grand Prix,6,577,578,2,3,Finished,Finished,1.0,0.0
300,780,1957-07-20,1957,5,British Grand Prix,6,577,581,2,4,Finished,+2 Laps,1.0,0.0
301,780,1957-07-20,1957,5,British Grand Prix,87,456,619,5,6,+5 Laps,+8 Laps,1.0,0.0
302,781,1957-08-04,1957,6,German Grand Prix,6,578,577,2,4,Finished,Finished,1.0,0.0
303,781,1957-08-04,1957,6,German Grand Prix,6,578,581,2,3,Finished,Finished,1.0,0.0
304,781,1957-08-04,1957,6,German Grand Prix,87,484,459,13,15,+2 Laps,+5 Laps,1.0,0.0
305,781,1957-08-04,1957,6,German Grand Prix,95,431,430,12,14,+1 Lap,+2 Laps,1.0,0.0
306,781,1957-08-04,1957,6,German Grand Prix,105,579,418,1,8,Finished,+1 Lap,1.0,0.0
307,781,1957-08-04,1957,6,German Grand Prix,105,579,483,1,10,Finished,+1 Lap,1.0,0.0
308,781,1957-08-04,1957,6,German Grand Prix,105,579,501,1,7,Finished,Finished,1.0,0.0
309,781,1957-08-04,1957,6,German Grand Prix,105,579,506,1,11,Finished,+1 Lap,1.0,0.0
310,781,1957-08-04,1957,6,German Grand Prix,105,579,554,1,6,Finished,Finished,1.0,0.0
311,781,1957-08-04,1957,6,German Grand Prix,118,475,479,5,9,Finished,+1 Lap,1.0,0.0
312,782,1957-08-18,1957,7,Pescara Grand Prix,105,579,418,2,4,Finished,Finished,1.0,0.0
313,782,1957-08-18,1957,7,Pescara Grand Prix,105,579,483,2,6,Finished,+1 Lap,1.0,0.0
314,782,1957-08-18,1957,7,Pescara Grand Prix,105,579,501,2,3,Finished,Finished,1.0,0.0
315,782,1957-08-18,1957,7,Pescara Grand Prix,118,475,590,1,5,Finished,+1 Lap,1.0,0.0
316,783,1957-09-08,1957,8,Italian Grand Prix,6,476,577,3,8,+2 Laps,+5 Laps,1.0,0.0
317,783,1957-09-08,1957,8,Italian Grand Prix,6,476,578,3,6,+2 Laps,+4 Laps,1.0,0.0
318,783,1957-09-08,1957,8,Italian Grand Prix,105,579,418,2,4,Finished,+3 Laps,1.0,0.0
319,783,1957-09-08,1957,8,Italian Grand Prix,105,579,483,2,5,Finished,+3 Laps,1.0,0.0
320,783,1957-09-08,1957,8,Italian Grand Prix,105,579,501,2,5,Finished,+3 Laps,1.0,0.0
321,783,1957-09-08,1957,8,Italian Grand Prix,105,579,547,2,10,Finished,+9 Laps,1.0,0.0
322,783,1957-09-08,1957,8,Italian Grand Prix,105,579,580,2,9,Finished,+6 Laps,1.0,0.0
323,783,1957-09-08,1957,8,Italian Grand Prix,105,579,609,2,11,Finished,+15 Laps,1.0,0.0
324,783,1957-09-08,1957,8,Italian Grand Prix,105,579,638,2,11,Finished,+15 Laps,1.0,0.0
325,783,1957-09-08,1957,8,Italian Grand Prix,118,475,479,1,7,Finished,+5 Laps,1.0,0.0
326,765,1958-01-19,1958,1,Argentine Grand Prix,6,577,578,2,3,Finished,Finished,1.0,0.0
327,765,1958-01-19,1958,1,Argentine Grand Prix,105,579,496,4,7,Finished,+4 Laps,1.0,0.0
328,765,1958-01-19,1958,1,Argentine Grand Prix,105,579,501,4,6,Finished,+3 Laps,1.0,0.0
329,765,1958-01-19,1958,1,Argentine Grand Prix,105,579,547,4,9,Finished,+9 Laps,1.0,0.0
330,765,1958-01-19,1958,1,Argentine Grand Prix,105,579,554,4,5,Finished,+2 Laps,1.0,0.0
331,765,1958-01-19,1958,1,Argentine Grand Prix,105,579,580,4,8,Finished,+5 Laps,1.0,0.0
332,766,1958-05-18,1958,2,Monaco Grand Prix,6,577,581,2,3,Finished,Finished,1.0,0.0
333,766,1958-05-18,1958,2,Monaco Grand Prix,87,427,356,1,4,Finished,+3 Laps,1.0,0.0
334,767,1958-05-26,1958,3,Dutch Grand Prix,6,578,577,5,7,+1 Lap,+2 Laps,1.0,0.0
335,767,1958-05-26,1958,3,Dutch Grand Prix,66,501,554,2,3,Finished,Finished,1.0,0.0
336,767,1958-05-26,1958,3,Dutch Grand Prix,87,456,356,4,8,+1 Lap,+2 Laps,1.0,0.0
337,767,1958-05-26,1958,3,Dutch Grand Prix,87,456,427,4,9,+1 Lap,+3 Laps,1.0,0.0
338,769,1958-06-15,1958,5,Belgian Grand Prix,6,578,482,2,6,Finished,+1 Lap,1.0,0.0
339,769,1958-06-15,1958,5,Belgian Grand Prix,105,427,347,7,9,+1 Lap,+2 Laps,1.0,0.0
340,769,1958-06-15,1958,5,Belgian Grand Prix,105,427,551,7,10,+1 Lap,+2 Laps,1.0,0.0
341,769,1958-06-15,1958,5,Belgian Grand Prix,118,479,590,1,3,Finished,Finished,1.0,0.0
342,770,1958-07-06,1958,6,French Grand Prix,6,578,476,1,3,Finished,Finished,1.0,0.0
343,770,1958-07-06,1958,6,French Grand Prix,6,578,581,1,5,Finished,Finished,1.0,0.0
344,770,1958-07-06,1958,6,French Grand Prix,87,356,456,6,11,+1 Lap,+13 Laps,1.0,0.0
345,770,1958-07-06,1958,6,French Grand Prix,105,579,347,4,8,Finished,+2 Laps,1.0,0.0
346,770,1958-07-06,1958,6,French Grand Prix,105,579,403,4,7,Finished,+1 Lap,1.0,0.0
347,770,1958-07-06,1958,6,French Grand Prix,105,579,526,4,10,Finished,+5 Laps,1.0,0.0
348,770,1958-07-06,1958,6,French Grand Prix,105,579,583,4,9,Finished,+3 Laps,1.0,0.0
349,771,1958-07-19,1958,7,British Grand Prix,6,581,578,1,2,Finished,Finished,1.0,0.0
350,771,1958-07-19,1958,7,British Grand Prix,87,456,356,3,6,Finished,Finished,1.0,0.0
351,771,1958-07-19,1958,7,British Grand Prix,87,456,427,3,8,Finished,+2 Laps,1.0,0.0
352,771,1958-07-19,1958,7,British Grand Prix,118,590,479,4,7,Finished,+1 Lap,1.0,0.0
353,772,1958-08-03,1958,8,German Grand Prix,6,476,403,4,9,Finished,Finished,1.0,0.0
354,772,1958-08-03,1958,8,German Grand Prix,32,477,549,10,11,+2 Laps,+2 Laps,1.0,0.0
355,772,1958-08-03,1958,8,German Grand Prix,87,456,360,2,5,Finished,Finished,1.0,0.0
356,772,1958-08-03,1958,8,German Grand Prix,87,456,427,2,3,Finished,Finished,1.0,0.0
357,772,1958-08-03,1958,8,German Grand Prix,87,456,437,2,7,Finished,Finished,1.0,0.0
358,772,1958-08-03,1958,8,German Grand Prix,87,456,459,2,8,Finished,Finished,1.0,0.0
359,773,1958-08-24,1958,9,Portuguese Grand Prix,6,578,476,2,5,Finished,+1 Lap,1.0,0.0
360,773,1958-08-24,1958,9,Portuguese Grand Prix,66,554,501,4,6,+1 Lap,+1 Lap,1.0,0.0
361,773,1958-08-24,1958,9,Portuguese Grand Prix,87,356,427,7,8,+2 Laps,+2 Laps,1.0,0.0
362,773,1958-08-24,1958,9,Portuguese Grand Prix,87,356,456,7,9,+2 Laps,+4 Laps,1.0,0.0
363,773,1958-08-24,1958,9,Portuguese Grand Prix,118,475,590,1,3,Finished,+1 Lap,1.0,0.0
364,774,1958-09-07,1958,10,Italian Grand Prix,6,578,403,2,3,Finished,Finished,1.0,0.0
365,774,1958-09-07,1958,10,Italian Grand Prix,32,289,477,6,7,+8 Laps,+9 Laps,1.0,0.0
366,775,1958-10-19,1958,11,Moroccan Grand Prix,6,578,403,2,3,Finished,Finished,1.0,0.0
367,775,1958-10-19,1958,11,Moroccan Grand Prix,32,477,289,10,16,+4 Laps,+7 Laps,1.0,0.0
368,775,1958-10-19,1958,11,Moroccan Grand Prix,66,347,501,4,5,Finished,Finished,1.0,0.0
369,775,1958-10-19,1958,11,Moroccan Grand Prix,87,456,356,7,11,+2 Laps,+4 Laps,1.0,0.0
370,775,1958-10-19,1958,11,Moroccan Grand Prix,87,456,360,7,13,+2 Laps,+5 Laps,1.0,0.0
371,775,1958-10-19,1958,11,Moroccan Grand Prix,87,456,486,7,8,+2 Laps,+3 Laps,1.0,0.0
372,775,1958-10-19,1958,11,Moroccan Grand Prix,87,456,602,7,14,+2 Laps,+5 Laps,1.0,0.0
373,775,1958-10-19,1958,11,Moroccan Grand Prix,87,456,603,7,15,+2 Laps,+5 Laps,1.0,0.0
374,775,1958-10-19,1958,11,Moroccan Grand Prix,105,418,478,6,9,+1 Lap,+3 Laps,1.0,0.0
375,775,1958-10-19,1958,11,Moroccan Grand Prix,105,418,583,6,12,+1 Lap,+5 Laps,1.0,0.0
376,756,1959-05-10,1959,1,Monaco Grand Prix,6,479,403,2,4,Finished,+3 Laps,1.0,0.0
377,756,1959-05-10,1959,1,Monaco Grand Prix,170,356,360,1,5,Finished,+4 Laps,1.0,0.0
378,756,1959-05-10,1959,1,Monaco Grand Prix,170,356,427,1,3,Finished,+2 Laps,1.0,0.0
379,758,1959-05-31,1959,3,Dutch Grand Prix,6,554,403,5,6,+1 Lap,+2 Laps,1.0,0.0
380,758,1959-05-31,1959,3,Dutch Grand Prix,6,554,477,5,9,+1 Lap,+4 Laps,1.0,0.0
381,758,1959-05-31,1959,3,Dutch Grand Prix,32,404,289,4,7,+1 Lap,+2 Laps,1.0,0.0
382,758,1959-05-31,1959,3,Dutch Grand Prix,170,356,418,2,3,Finished,Finished,1.0,0.0
383,758,1959-05-31,1959,3,Dutch Grand Prix,170,356,427,2,8,Finished,+2 Laps,1.0,0.0
384,759,1959-07-05,1959,4,French Grand Prix,6,479,403,1,2,Finished,Finished,1.0,0.0
385,759,1959-07-05,1959,4,French Grand Prix,6,479,482,1,4,Finished,Finished,1.0,0.0
386,759,1959-07-05,1959,4,French Grand Prix,66,541,501,6,7,Finished,+3 Laps,1.0,0.0
387,759,1959-07-05,1959,4,French Grand Prix,105,483,430,8,9,+9 Laps,+10 Laps,1.0,0.0
388,759,1959-07-05,1959,4,French Grand Prix,105,483,567,8,10,+9 Laps,+10 Laps,1.0,0.0
389,759,1959-07-05,1959,4,French Grand Prix,170,356,360,3,5,Finished,Finished,1.0,0.0
390,759,1959-07-05,1959,4,French Grand Prix,170,356,427,3,11,Finished,+14 Laps,1.0,0.0
391,760,1959-07-18,1959,5,British Grand Prix,32,502,289,8,9,+4 Laps,+5 Laps,1.0,0.0
392,760,1959-07-18,1959,5,British Grand Prix,66,475,501,2,4,Finished,+1 Lap,1.0,0.0
393,760,1959-07-18,1959,5,British Grand Prix,169,505,549,10,13,+5 Laps,+6 Laps,1.0,0.0
394,760,1959-07-18,1959,5,British Grand Prix,170,356,360,1,3,Finished,Finished,1.0,0.0
395,760,1959-07-18,1959,5,British Grand Prix,170,356,418,1,7,Finished,+2 Laps,1.0,0.0
396,760,1959-07-18,1959,5,British Grand Prix,170,356,427,1,5,Finished,+1 Lap,1.0,0.0
397,760,1959-07-18,1959,5,British Grand Prix,170,356,481,1,11,Finished,+6 Laps,1.0,0.0
398,760,1959-07-18,1959,5,British Grand Prix,170,356,569,1,12,Finished,+6 Laps,1.0,0.0
399,761,1959-08-02,1959,6,German Grand Prix,6,479,364,1,2,Finished,Finished,1.0,0.0
400,761,1959-08-02,1959,6,German Grand Prix,6,479,403,1,3,Finished,Finished,1.0,0.0
401,761,1959-08-02,1959,6,German Grand Prix,66,347,501,5,7,+2 Laps,+11 Laps,1.0,0.0
402,762,1959-08-23,1959,7,Portuguese Grand Prix,6,364,479,3,9,+1 Lap,+5 Laps,1.0,0.0
403,762,1959-08-23,1959,7,Portuguese Grand Prix,66,501,541,5,7,+3 Laps,+3 Laps,1.0,0.0
404,762,1959-08-23,1959,7,Portuguese Grand Prix,117,456,566,6,8,+3 Laps,+4 Laps,1.0,0.0
405,762,1959-08-23,1959,7,Portuguese Grand Prix,170,475,418,1,2,Finished,+1 Lap,1.0,0.0
406,762,1959-08-23,1959,7,Portuguese Grand Prix,170,475,427,1,4,Finished,+2 Laps,1.0,0.0
407,763,1959-09-13,1959,8,Italian Grand Prix,6,403,364,2,4,Finished,Finished,1.0,0.0
408,763,1959-09-13,1959,8,Italian Grand Prix,6,403,477,2,5,Finished,+1 Lap,1.0,0.0
409,763,1959-09-13,1959,8,Italian Grand Prix,6,403,482,2,6,Finished,+1 Lap,1.0,0.0
410,763,1959-09-13,1959,8,Italian Grand Prix,66,501,347,7,8,+2 Laps,+2 Laps,1.0,0.0
411,763,1959-09-13,1959,8,Italian Grand Prix,66,501,541,7,13,+2 Laps,+5 Laps,1.0,0.0
412,763,1959-09-13,1959,8,Italian Grand Prix,167,462,437,11,14,+4 Laps,+5 Laps,1.0,0.0
413,763,1959-09-13,1959,8,Italian Grand Prix,170,475,356,1,3,Finished,Finished,1.0,0.0
414,763,1959-09-13,1959,8,Italian Grand Prix,170,475,427,1,9,Finished,+2 Laps,1.0,0.0
415,763,1959-09-13,1959,8,Italian Grand Prix,170,475,483,1,12,Finished,+4 Laps,1.0,0.0
416,764,1959-12-12,1959,9,United States Grand Prix,170,360,356,1,4,Finished,Finished,1.0,0.0
417,764,1959-12-12,1959,9,United States Grand Prix,170,360,427,1,2,Finished,Finished,1.0,0.0
418,746,1960-02-07,1960,1,Argentine Grand Prix,6,477,403,2,8,Finished,+3 Laps,1.0,0.0
419,746,1960-02-07,1960,1,Argentine Grand Prix,6,477,476,2,5,Finished,+1 Lap,1.0,0.0
420,746,1960-02-07,1960,1,Argentine Grand Prix,6,477,498,2,10,Finished,+3 Laps,1.0,0.0
421,746,1960-02-07,1960,1,Argentine Grand Prix,32,404,497,6,9,+1 Lap,+3 Laps,1.0,0.0
422,746,1960-02-07,1960,1,Argentine Grand Prix,105,500,439,13,14,+8 Laps,+10 Laps,1.0,0.0
423,746,1960-02-07,1960,1,Argentine Grand Prix,167,496,499,4,11,Finished,+4 Laps,1.0,0.0
424,746,1960-02-07,1960,1,Argentine Grand Prix,170,360,427,1,3,Finished,Finished,1.0,0.0
425,746,1960-02-07,1960,1,Argentine Grand Prix,170,360,475,1,3,Finished,Finished,1.0,0.0
426,747,1960-05-29,1960,2,Monaco Grand Prix,6,403,386,3,6,Finished,+30 Laps,1.0,0.0
427,747,1960-05-29,1960,2,Monaco Grand Prix,32,475,404,1,9,Finished,+44 Laps,1.0,0.0
428,747,1960-05-29,1960,2,Monaco Grand Prix,170,360,479,2,4,Finished,+1 Lap,1.0,0.0
429,749,1960-06-06,1960,4,Dutch Grand Prix,6,476,386,5,6,+1 Lap,+1 Lap,1.0,0.0
430,749,1960-06-06,1960,4,Dutch Grand Prix,32,404,475,2,4,Finished,Finished,1.0,0.0
431,749,1960-06-06,1960,4,Dutch Grand Prix,170,356,430,1,8,Finished,+6 Laps,1.0,0.0
432,749,1960-06-06,1960,4,Dutch Grand Prix,170,356,481,1,7,Finished,+5 Laps,1.0,0.0
433,750,1960-06-19,1960,5,Belgian Grand Prix,170,356,360,1,2,Finished,Finished,1.0,0.0
434,750,1960-06-19,1960,5,Belgian Grand Prix,170,356,376,1,6,Finished,+8 Laps,1.0,0.0
435,750,1960-06-19,1960,5,Belgian Grand Prix,170,356,482,1,3,Finished,+1 Lap,1.0,0.0
436,751,1960-07-03,1960,6,French Grand Prix,32,373,404,5,7,+1 Lap,+7 Laps,1.0,0.0
437,751,1960-07-03,1960,6,French Grand Prix,32,373,541,5,6,+1 Lap,+1 Lap,1.0,0.0
438,751,1960-07-03,1960,6,French Grand Prix,167,418,437,9,10,+13 Laps,+14 Laps,1.0,0.0
439,751,1960-07-03,1960,6,French Grand Prix,170,356,360,1,3,Finished,Finished,1.0,0.0
440,751,1960-07-03,1960,6,French Grand Prix,170,356,481,1,4,Finished,+1 Lap,1.0,0.0
441,751,1960-07-03,1960,6,French Grand Prix,170,356,482,1,2,Finished,Finished,1.0,0.0
442,752,1960-07-16,1960,7,British Grand Prix,6,476,403,6,7,+2 Laps,+2 Laps,1.0,0.0
443,752,1960-07-16,1960,7,British Grand Prix,32,341,373,2,16,Finished,+7 Laps,1.0,0.0
444,752,1960-07-16,1960,7,British Grand Prix,32,341,404,2,3,Finished,Finished,1.0,0.0
445,752,1960-07-16,1960,7,British Grand Prix,32,341,542,2,12,Finished,+5 Laps,1.0,0.0
446,752,1960-07-16,1960,7,British Grand Prix,170,356,360,1,4,Finished,+1 Lap,1.0,0.0
447,752,1960-07-16,1960,7,British Grand Prix,170,356,479,1,5,Finished,+1 Lap,1.0,0.0
448,752,1960-07-16,1960,7,British Grand Prix,170,356,481,1,8,Finished,+3 Laps,1.0,0.0
449,752,1960-07-16,1960,7,British Grand Prix,170,356,482,1,9,Finished,+3 Laps,1.0,0.0
450,753,1960-08-14,1960,8,Portuguese Grand Prix,32,373,404,3,6,Finished,+7 Laps,1.0,0.0
451,753,1960-08-14,1960,8,Portuguese Grand Prix,170,356,360,1,2,Finished,Finished,1.0,0.0
452,753,1960-08-14,1960,8,Portuguese Grand Prix,170,356,479,1,5,Finished,+6 Laps,1.0,0.0
453,753,1960-08-14,1960,8,Portuguese Grand Prix,170,356,482,1,7,Finished,+9 Laps,1.0,0.0
454,754,1960-09-04,1960,9,Italian Grand Prix,6,403,386,1,2,Finished,Finished,1.0,0.0
455,754,1960-09-04,1960,9,Italian Grand Prix,6,403,435,1,3,Finished,+1 Lap,1.0,0.0
456,754,1960-09-04,1960,9,Italian Grand Prix,6,403,476,1,5,Finished,+2 Laps,1.0,0.0
457,754,1960-09-04,1960,9,Italian Grand Prix,95,478,431,6,7,+3 Laps,+3 Laps,1.0,0.0
458,754,1960-09-04,1960,9,Italian Grand Prix,170,544,455,8,9,+5 Laps,+6 Laps,1.0,0.0
459,755,1960-11-20,1960,10,United States Grand Prix,32,475,373,1,16,Finished,+14 Laps,1.0,0.0
460,755,1960-11-20,1960,10,United States Grand Prix,32,475,404,1,2,Finished,Finished,1.0,0.0
461,755,1960-11-20,1960,10,United States Grand Prix,32,475,440,1,7,Finished,+1 Lap,1.0,0.0
462,755,1960-11-20,1960,10,United States Grand Prix,167,476,427,9,15,+3 Laps,+9 Laps,1.0,0.0
463,755,1960-11-20,1960,10,United States Grand Prix,170,360,356,3,4,Finished,+1 Lap,1.0,0.0
464,755,1960-11-20,1960,10,United States Grand Prix,170,360,403,3,6,Finished,+1 Lap,1.0,0.0
465,755,1960-11-20,1960,10,United States Grand Prix,170,360,456,3,8,Finished,+2 Laps,1.0,0.0
466,755,1960-11-20,1960,10,United States Grand Prix,170,360,481,3,14,Finished,+7 Laps,1.0,0.0
467,755,1960-11-20,1960,10,United States Grand Prix,170,360,482,3,12,Finished,+6 Laps,1.0,0.0
468,738,1961-05-14,1961,1,Monaco Grand Prix,6,386,403,2,3,Finished,Finished,1.0,0.0
469,738,1961-05-14,1961,1,Monaco Grand Prix,95,364,478,5,9,+2 Laps,+9 Laps,1.0,0.0
470,738,1961-05-14,1961,1,Monaco Grand Prix,172,475,373,1,10,Finished,+11 Laps,1.0,0.0
471,738,1961-05-14,1961,1,Monaco Grand Prix,172,475,477,1,8,Finished,+7 Laps,1.0,0.0
472,739,1961-05-22,1961,2,Dutch Grand Prix,6,476,386,1,5,Finished,Finished,1.0,0.0
473,739,1961-05-22,1961,2,Dutch Grand Prix,6,476,403,1,2,Finished,Finished,1.0,0.0
474,739,1961-05-22,1961,2,Dutch Grand Prix,66,289,479,8,9,Finished,+1 Lap,1.0,0.0
475,739,1961-05-22,1961,2,Dutch Grand Prix,95,364,347,10,11,+1 Lap,+2 Laps,1.0,0.0
476,739,1961-05-22,1961,2,Dutch Grand Prix,95,364,430,10,14,+1 Lap,+3 Laps,1.0,0.0
477,739,1961-05-22,1961,2,Dutch Grand Prix,95,364,478,10,15,+1 Lap,+3 Laps,1.0,0.0
478,739,1961-05-22,1961,2,Dutch Grand Prix,170,356,341,6,7,Finished,Finished,1.0,0.0
479,739,1961-05-22,1961,2,Dutch Grand Prix,170,356,360,6,12,Finished,+2 Laps,1.0,0.0
480,739,1961-05-22,1961,2,Dutch Grand Prix,172,373,401,3,13,Finished,+2 Laps,1.0,0.0
481,739,1961-05-22,1961,2,Dutch Grand Prix,172,373,475,3,4,Finished,Finished,1.0,0.0
482,740,1961-06-18,1961,3,Belgian Grand Prix,6,403,386,1,3,Finished,Finished,1.0,0.0
483,740,1961-06-18,1961,3,Belgian Grand Prix,6,403,476,1,2,Finished,Finished,1.0,0.0
484,740,1961-06-18,1961,3,Belgian Grand Prix,6,403,482,1,4,Finished,Finished,1.0,0.0
485,740,1961-06-18,1961,3,Belgian Grand Prix,95,364,347,6,7,Finished,Finished,1.0,0.0
486,740,1961-06-18,1961,3,Belgian Grand Prix,95,364,430,6,11,Finished,+2 Laps,1.0,0.0
487,740,1961-06-18,1961,3,Belgian Grand Prix,170,341,418,5,10,Finished,+1 Lap,1.0,0.0
488,740,1961-06-18,1961,3,Belgian Grand Prix,170,341,453,5,9,Finished,+1 Lap,1.0,0.0
489,740,1961-06-18,1961,3,Belgian Grand Prix,172,475,373,8,12,Finished,+6 Laps,1.0,0.0
490,741,1961-07-02,1961,4,French Grand Prix,6,394,403,1,9,Finished,+2 Laps,1.0,0.0
491,741,1961-07-02,1961,4,French Grand Prix,95,364,347,2,7,Finished,Finished,1.0,0.0
492,741,1961-07-02,1961,4,French Grand Prix,170,360,418,5,12,Finished,+9 Laps,1.0,0.0
493,741,1961-07-02,1961,4,French Grand Prix,170,360,456,5,8,Finished,+1 Lap,1.0,0.0
494,741,1961-07-02,1961,4,French Grand Prix,172,373,404,3,4,Finished,Finished,1.0,0.0
495,741,1961-07-02,1961,4,French Grand Prix,172,373,437,3,14,Finished,+10 Laps,1.0,0.0
496,741,1961-07-02,1961,4,French Grand Prix,172,373,480,3,11,Finished,+4 Laps,1.0,0.0
497,741,1961-07-02,1961,4,French Grand Prix,172,373,481,3,10,Finished,+3 Laps,1.0,0.0
498,742,1961-07-15,1961,5,British Grand Prix,6,476,386,1,3,Finished,Finished,1.0,0.0
499,742,1961-07-15,1961,5,British Grand Prix,6,476,403,1,2,Finished,Finished,1.0,0.0
500,742,1961-07-15,1961,5,British Grand Prix,95,347,364,5,7,Finished,+1 Lap,1.0,0.0
501,742,1961-07-15,1961,5,British Grand Prix,95,347,430,5,16,Finished,+6 Laps,1.0,0.0
502,742,1961-07-15,1961,5,British Grand Prix,170,356,360,4,8,Finished,+1 Lap,1.0,0.0
503,742,1961-07-15,1961,5,British Grand Prix,170,356,418,4,11,Finished,+4 Laps,1.0,0.0
504,742,1961-07-15,1961,5,British Grand Prix,170,356,456,4,6,Finished,Finished,1.0,0.0
505,742,1961-07-15,1961,5,British Grand Prix,172,404,408,10,13,+3 Laps,+6 Laps,1.0,0.0
506,742,1961-07-15,1961,5,British Grand Prix,172,404,437,10,14,+3 Laps,+6 Laps,1.0,0.0
507,742,1961-07-15,1961,5,British Grand Prix,172,404,455,10,17,+3 Laps,+17 Laps,1.0,0.0
508,743,1961-08-06,1961,6,German Grand Prix,6,476,386,2,8,Finished,Finished,1.0,0.0
509,743,1961-08-06,1961,6,German Grand Prix,6,476,403,2,3,Finished,Finished,1.0,0.0
510,743,1961-08-06,1961,6,German Grand Prix,95,364,430,7,14,Finished,+1 Lap,1.0,0.0
511,743,1961-08-06,1961,6,German Grand Prix,95,364,478,7,13,Finished,+1 Lap,1.0,0.0
512,743,1961-08-06,1961,6,German Grand Prix,170,341,360,5,6,Finished,Finished,1.0,0.0
513,743,1961-08-06,1961,6,German Grand Prix,170,341,437,5,12,Finished,+1 Lap,1.0,0.0
514,743,1961-08-06,1961,6,German Grand Prix,170,341,453,5,9,Finished,Finished,1.0,0.0
515,743,1961-08-06,1961,6,German Grand Prix,170,341,456,5,10,Finished,Finished,1.0,0.0
516,743,1961-08-06,1961,6,German Grand Prix,172,475,373,1,4,Finished,Finished,1.0,0.0
517,743,1961-08-06,1961,6,German Grand Prix,172,475,408,1,11,Finished,+1 Lap,1.0,0.0
518,743,1961-08-06,1961,6,German Grand Prix,172,475,459,1,15,Finished,+2 Laps,1.0,0.0
519,743,1961-08-06,1961,6,German Grand Prix,172,475,460,1,16,Finished,+2 Laps,1.0,0.0
520,744,1961-09-10,1961,7,Italian Grand Prix,95,364,430,2,7,Finished,+2 Laps,1.0,0.0
521,744,1961-09-10,1961,7,Italian Grand Prix,167,385,427,8,9,+2 Laps,+2 Laps,1.0,0.0
522,744,1961-09-10,1961,7,Italian Grand Prix,167,385,489,8,12,+2 Laps,+5 Laps,1.0,0.0
523,744,1961-09-10,1961,7,Italian Grand Prix,170,360,453,3,4,Finished,Finished,1.0,0.0
524,744,1961-09-10,1961,7,Italian Grand Prix,170,360,456,3,6,Finished,+1 Lap,1.0,0.0
525,744,1961-09-10,1961,7,Italian Grand Prix,172,441,481,10,11,+3 Laps,+4 Laps,1.0,0.0
526,745,1961-10-08,1961,8,United States Grand Prix,66,479,289,3,5,Finished,+1 Lap,1.0,0.0
527,745,1961-10-08,1961,8,United States Grand Prix,95,364,347,2,6,Finished,+2 Laps,1.0,0.0
528,745,1961-10-08,1961,8,United States Grand Prix,170,360,434,4,10,Finished,+7 Laps,1.0,0.0
529,745,1961-10-08,1961,8,United States Grand Prix,170,360,468,4,8,Finished,+4 Laps,1.0,0.0
530,745,1961-10-08,1961,8,United States Grand Prix,172,404,373,1,7,Finished,+4 Laps,1.0,0.0
531,745,1961-10-08,1961,8,United States Grand Prix,172,404,418,1,11,Finished,+8 Laps,1.0,0.0
532,745,1961-10-08,1961,8,United States Grand Prix,172,404,482,1,11,Finished,+8 Laps,1.0,0.0
533,745,1961-10-08,1961,8,United States Grand Prix,172,404,493,1,9,Finished,+4 Laps,1.0,0.0
534,729,1962-05-20,1962,1,Dutch Grand Prix,6,403,394,3,4,Finished,+1 Lap,1.0,0.0
535,729,1962-05-20,1962,1,Dutch Grand Prix,95,430,347,6,7,+4 Laps,+5 Laps,1.0,0.0
536,729,1962-05-20,1962,1,Dutch Grand Prix,170,408,453,5,8,+2 Laps,+10 Laps,1.0,0.0
537,729,1962-05-20,1962,1,Dutch Grand Prix,172,401,373,2,9,Finished,+10 Laps,1.0,0.0
538,730,1962-06-03,1962,2,Monaco Grand Prix,6,403,385,2,3,Finished,Finished,1.0,0.0
539,731,1962-06-17,1962,3,Belgian Grand Prix,6,403,454,3,4,Finished,Finished,1.0,0.0
540,731,1962-06-17,1962,3,Belgian Grand Prix,172,373,346,1,10,Finished,+3 Laps,1.0,0.0
541,731,1962-06-17,1962,3,Belgian Grand Prix,172,373,356,1,6,Finished,+2 Laps,1.0,0.0
542,731,1962-06-17,1962,3,Belgian Grand Prix,172,373,376,1,9,Finished,+3 Laps,1.0,0.0
543,731,1962-06-17,1962,3,Belgian Grand Prix,172,373,427,1,8,Finished,+2 Laps,1.0,0.0
544,731,1962-06-17,1962,3,Belgian Grand Prix,172,373,436,1,11,Finished,+16 Laps,1.0,0.0
545,732,1962-07-08,1962,4,French Grand Prix,66,386,289,3,9,+2 Laps,+10 Laps,1.0,0.0
546,732,1962-07-08,1962,4,French Grand Prix,95,364,430,1,6,Finished,+3 Laps,1.0,0.0
547,732,1962-07-08,1962,4,French Grand Prix,170,408,360,2,4,+1 Lap,+3 Laps,1.0,0.0
548,732,1962-07-08,1962,4,French Grand Prix,172,427,401,7,8,+4 Laps,+6 Laps,1.0,0.0
549,733,1962-07-21,1962,5,British Grand Prix,66,289,386,4,13,Finished,+5 Laps,1.0,0.0
550,733,1962-07-21,1962,5,British Grand Prix,95,364,430,9,14,+2 Laps,+6 Laps,1.0,0.0
551,733,1962-07-21,1962,5,British Grand Prix,170,360,408,3,6,Finished,+1 Lap,1.0,0.0
552,733,1962-07-21,1962,5,British Grand Prix,170,360,437,3,12,Finished,+4 Laps,1.0,0.0
553,733,1962-07-21,1962,5,British Grand Prix,170,360,453,3,10,Finished,+3 Laps,1.0,0.0
554,733,1962-07-21,1962,5,British Grand Prix,172,373,356,1,5,Finished,+1 Lap,1.0,0.0
555,733,1962-07-21,1962,5,British Grand Prix,172,373,401,1,8,Finished,+1 Lap,1.0,0.0
556,733,1962-07-21,1962,5,British Grand Prix,172,373,404,1,16,Finished,+14 Laps,1.0,0.0
557,733,1962-07-21,1962,5,British Grand Prix,172,373,418,1,7,Finished,+1 Lap,1.0,0.0
558,733,1962-07-21,1962,5,British Grand Prix,172,373,463,1,15,Finished,+11 Laps,1.0,0.0
559,734,1962-08-05,1962,6,German Grand Prix,6,454,394,6,10,Finished,Finished,1.0,0.0
560,734,1962-08-05,1962,6,German Grand Prix,66,289,386,1,8,Finished,Finished,1.0,0.0
561,734,1962-08-05,1962,6,German Grand Prix,95,364,347,3,7,Finished,Finished,1.0,0.0
562,734,1962-08-05,1962,6,German Grand Prix,95,364,425,3,15,Finished,+1 Lap,1.0,0.0
563,734,1962-08-05,1962,6,German Grand Prix,95,364,430,3,13,Finished,Finished,1.0,0.0
564,734,1962-08-05,1962,6,German Grand Prix,95,364,466,3,14,Finished,+1 Lap,1.0,0.0
565,734,1962-08-05,1962,6,German Grand Prix,170,360,408,5,9,Finished,Finished,1.0,0.0
566,734,1962-08-05,1962,6,German Grand Prix,170,360,437,5,11,Finished,Finished,1.0,0.0
567,734,1962-08-05,1962,6,German Grand Prix,172,373,346,4,12,Finished,Finished,1.0,0.0
568,735,1962-09-16,1962,7,Italian Grand Prix,6,435,385,4,8,Finished,+2 Laps,1.0,0.0
569,735,1962-09-16,1962,7,Italian Grand Prix,6,435,394,4,5,Finished,Finished,1.0,0.0
570,735,1962-09-16,1962,7,Italian Grand Prix,6,435,403,4,11,Finished,+5 Laps,1.0,0.0
571,735,1962-09-16,1962,7,Italian Grand Prix,66,289,386,1,2,Finished,Finished,1.0,0.0
572,735,1962-09-16,1962,7,Italian Grand Prix,95,347,430,6,10,+1 Lap,+5 Laps,1.0,0.0
573,735,1962-09-16,1962,7,Italian Grand Prix,170,360,408,3,7,Finished,+1 Lap,1.0,0.0
574,736,1962-10-07,1962,8,United States Grand Prix,95,364,347,5,13,+1 Lap,+21 Laps,1.0,0.0
575,736,1962-10-07,1962,8,United States Grand Prix,170,360,408,3,7,+1 Lap,+3 Laps,1.0,0.0
576,736,1962-10-07,1962,8,United States Grand Prix,170,360,434,3,11,+1 Lap,+9 Laps,1.0,0.0
577,736,1962-10-07,1962,8,United States Grand Prix,172,373,401,1,12,Finished,+15 Laps,1.0,0.0
578,736,1962-10-07,1962,8,United States Grand Prix,172,373,404,1,8,Finished,+4 Laps,1.0,0.0
579,736,1962-10-07,1962,8,United States Grand Prix,172,373,468,1,9,Finished,+4 Laps,1.0,0.0
580,736,1962-10-07,1962,8,United States Grand Prix,172,373,469,1,10,Finished,+7 Laps,1.0,0.0
581,737,1962-12-29,1962,9,South African Grand Prix,66,289,386,1,7,Finished,+4 Laps,1.0,0.0
582,737,1962-12-29,1962,9,South African Grand Prix,66,289,471,1,9,Finished,+6 Laps,1.0,0.0
583,737,1962-12-29,1962,9,South African Grand Prix,170,360,340,2,8,Finished,+4 Laps,1.0,0.0
584,737,1962-12-29,1962,9,South African Grand Prix,170,360,408,2,3,Finished,Finished,1.0,0.0
585,737,1962-12-29,1962,9,South African Grand Prix,172,404,410,5,6,+1 Lap,+4 Laps,1.0,0.0
586,737,1962-12-29,1962,9,South African Grand Prix,172,404,413,5,10,+1 Lap,+11 Laps,1.0,0.0
587,719,1963-05-26,1963,1,Monaco Grand Prix,66,289,386,1,2,Finished,Finished,1.0,0.0
588,719,1963-05-26,1963,1,Monaco Grand Prix,170,360,347,3,7,Finished,+6 Laps,1.0,0.0
589,719,1963-05-26,1963,1,Monaco Grand Prix,170,360,408,3,5,Finished,+2 Laps,1.0,0.0
590,720,1963-06-09,1963,2,Belgian Grand Prix,170,360,347,2,5,Finished,+2 Laps,1.0,0.0
591,721,1963-06-23,1963,3,Dutch Grand Prix,6,341,375,3,6,+1 Lap,+2 Laps,1.0,0.0
592,721,1963-06-23,1963,3,Dutch Grand Prix,172,373,401,1,10,Finished,+14 Laps,1.0,0.0
593,721,1963-06-23,1963,3,Dutch Grand Prix,176,346,440,7,8,+3 Laps,+3 Laps,1.0,0.0
594,722,1963-06-30,1963,4,French Grand Prix,34,356,364,4,5,Finished,Finished,1.0,0.0
595,722,1963-06-30,1963,4,French Grand Prix,66,289,385,3,10,Finished,+8 Laps,1.0,0.0
596,722,1963-06-30,1963,4,French Grand Prix,172,373,427,1,8,Finished,+3 Laps,1.0,0.0
597,722,1963-06-30,1963,4,French Grand Prix,176,346,440,6,11,+1 Lap,+8 Laps,1.0,0.0
598,723,1963-07-20,1963,5,British Grand Prix,26,278,383,7,12,+2 Laps,+7 Laps,1.0,0.0
599,723,1963-07-20,1963,5,British Grand Prix,26,278,436,7,13,+2 Laps,+8 Laps,1.0,0.0
600,723,1963-07-20,1963,5,British Grand Prix,66,289,385,3,5,Finished,+1 Lap,1.0,0.0
601,723,1963-07-20,1963,5,British Grand Prix,66,289,386,3,4,Finished,+1 Lap,1.0,0.0
602,723,1963-07-20,1963,5,British Grand Prix,172,373,305,1,8,Finished,+4 Laps,1.0,0.0
603,723,1963-07-20,1963,5,British Grand Prix,176,440,418,6,11,+2 Laps,+7 Laps,1.0,0.0
604,724,1963-08-04,1963,6,German Grand Prix,172,373,401,2,8,Finished,+1 Lap,1.0,0.0
605,724,1963-08-04,1963,6,German Grand Prix,172,373,428,2,10,Finished,+5 Laps,1.0,0.0
606,725,1963-09-08,1963,7,Italian Grand Prix,26,305,383,10,12,+4 Laps,+7 Laps,1.0,0.0
607,725,1963-09-08,1963,7,Italian Grand Prix,54,403,394,11,15,+7 Laps,+23 Laps,1.0,0.0
608,725,1963-09-08,1963,7,Italian Grand Prix,66,386,427,2,9,Finished,+3 Laps,1.0,0.0
609,725,1963-09-08,1963,7,Italian Grand Prix,170,360,347,3,7,+1 Lap,+2 Laps,1.0,0.0
610,725,1963-09-08,1963,7,Italian Grand Prix,170,360,408,3,6,+1 Lap,+2 Laps,1.0,0.0
611,726,1963-10-06,1963,8,United States Grand Prix,66,289,386,1,2,Finished,Finished,1.0,0.0
612,727,1963-10-27,1963,9,Mexican Grand Prix,34,356,364,2,6,Finished,+3 Laps,1.0,0.0
613,727,1963-10-27,1963,9,Mexican Grand Prix,66,386,289,3,4,Finished,+1 Lap,1.0,0.0
614,727,1963-10-27,1963,9,Mexican Grand Prix,176,434,346,7,9,+4 Laps,+6 Laps,1.0,0.0
615,727,1963-10-27,1963,9,Mexican Grand Prix,176,434,440,7,8,+4 Laps,+4 Laps,1.0,0.0
616,728,1963-12-28,1963,10,South African Grand Prix,170,360,340,4,9,+1 Lap,+5 Laps,1.0,0.0
617,728,1963-12-28,1963,10,South African Grand Prix,170,360,347,4,6,+1 Lap,+2 Laps,1.0,0.0
618,728,1963-12-28,1963,10,South African Grand Prix,170,360,408,4,7,+1 Lap,+3 Laps,1.0,0.0
619,728,1963-12-28,1963,10,South African Grand Prix,172,373,401,1,8,Finished,+4 Laps,1.0,0.0
620,709,1964-05-10,1964,1,Monaco Grand Prix,66,289,386,1,2,Finished,+1 Lap,1.0,0.0
621,709,1964-05-10,1964,1,Monaco Grand Prix,176,305,346,6,8,+4 Laps,+22 Laps,1.0,0.0
622,710,1964-05-24,1964,2,Dutch Grand Prix,66,289,386,4,11,+1 Lap,+16 Laps,1.0,0.0
623,710,1964-05-24,1964,2,Dutch Grand Prix,66,289,394,4,10,+1 Lap,+6 Laps,1.0,0.0
624,710,1964-05-24,1964,2,Dutch Grand Prix,170,360,403,7,8,+2 Laps,+4 Laps,1.0,0.0
625,710,1964-05-24,1964,2,Dutch Grand Prix,172,373,397,1,3,Finished,+1 Lap,1.0,0.0
626,710,1964-05-24,1964,2,Dutch Grand Prix,181,347,346,9,13,+4 Laps,+25 Laps,1.0,0.0
627,711,1964-06-14,1964,3,Belgian Grand Prix,66,386,394,4,8,Finished,+1 Lap,1.0,0.0
628,711,1964-06-14,1964,3,Belgian Grand Prix,94,401,404,7,10,+1 Lap,+4 Laps,1.0,0.0
629,712,1964-06-28,1964,4,French Grand Prix,66,289,386,2,5,Finished,Finished,1.0,0.0
630,712,1964-06-28,1964,4,French Grand Prix,66,289,427,2,11,Finished,+5 Laps,1.0,0.0
631,712,1964-06-28,1964,4,French Grand Prix,170,360,403,6,7,+1 Lap,+1 Lap,1.0,0.0
632,712,1964-06-28,1964,4,French Grand Prix,176,305,278,8,10,+1 Lap,+4 Laps,1.0,0.0
633,712,1964-06-28,1964,4,French Grand Prix,183,364,356,1,3,Finished,Finished,1.0,0.0
634,712,1964-06-28,1964,4,French Grand Prix,183,364,383,1,12,Finished,+7 Laps,1.0,0.0
635,713,1964-07-11,1964,5,British Grand Prix,6,341,385,3,5,Finished,+2 Laps,1.0,0.0
636,713,1964-07-11,1964,5,British Grand Prix,66,289,386,2,8,Finished,+3 Laps,1.0,0.0
637,713,1964-07-11,1964,5,British Grand Prix,66,289,394,2,12,Finished,+4 Laps,1.0,0.0
638,713,1964-07-11,1964,5,British Grand Prix,170,403,399,6,14,+2 Laps,+24 Laps,1.0,0.0
639,713,1964-07-11,1964,5,British Grand Prix,172,373,374,1,9,Finished,+3 Laps,1.0,0.0
640,713,1964-07-11,1964,5,British Grand Prix,183,356,364,4,13,+1 Lap,+5 Laps,1.0,0.0
641,713,1964-07-11,1964,5,British Grand Prix,183,356,383,4,7,+1 Lap,+2 Laps,1.0,0.0
642,714,1964-08-02,1964,6,German Grand Prix,6,341,385,1,3,Finished,Finished,1.0,0.0
643,714,1964-08-02,1964,6,German Grand Prix,66,289,386,2,7,Finished,+1 Lap,1.0,0.0
644,714,1964-08-02,1964,6,German Grand Prix,66,289,408,2,6,Finished,+1 Lap,1.0,0.0
645,714,1964-08-02,1964,6,German Grand Prix,172,374,423,8,9,+1 Lap,+1 Lap,1.0,0.0
646,715,1964-08-23,1964,7,Austrian Grand Prix,66,386,394,2,7,Finished,+9 Laps,1.0,0.0
647,715,1964-08-23,1964,7,Austrian Grand Prix,66,386,408,2,4,Finished,+3 Laps,1.0,0.0
648,715,1964-08-23,1964,7,Austrian Grand Prix,183,383,347,3,6,+3 Laps,+4 Laps,1.0,0.0
649,715,1964-08-23,1964,7,Austrian Grand Prix,183,383,356,3,9,+3 Laps,+29 Laps,1.0,0.0
650,716,1964-09-06,1964,8,Italian Grand Prix,6,341,375,1,9,Finished,+1 Lap,1.0,0.0
651,716,1964-09-06,1964,8,Italian Grand Prix,6,341,385,1,3,Finished,+1 Lap,1.0,0.0
652,716,1964-09-06,1964,8,Italian Grand Prix,66,386,394,4,8,+1 Lap,+1 Lap,1.0,0.0
653,716,1964-09-06,1964,8,Italian Grand Prix,183,364,347,10,12,+3 Laps,+4 Laps,1.0,0.0
654,716,1964-09-06,1964,8,Italian Grand Prix,183,364,383,10,11,+3 Laps,+3 Laps,1.0,0.0
655,717,1964-10-04,1964,9,United States Grand Prix,66,289,386,1,4,Finished,+3 Laps,1.0,0.0
656,718,1964-10-25,1964,10,Mexican Grand Prix,6,341,345,2,6,Finished,+1 Lap,1.0,0.0
657,718,1964-10-25,1964,10,Mexican Grand Prix,6,341,385,2,3,Finished,Finished,1.0,0.0
658,718,1964-10-25,1964,10,Mexican Grand Prix,66,386,289,8,11,+1 Lap,+2 Laps,1.0,0.0
659,718,1964-10-25,1964,10,Mexican Grand Prix,172,374,382,4,10,Finished,+2 Laps,1.0,0.0
660,699,1965-01-01,1965,1,South African Grand Prix,66,289,328,3,6,Finished,+2 Laps,1.0,0.0
661,699,1965-01-01,1965,1,South African Grand Prix,172,373,374,1,4,Finished,Finished,1.0,0.0
662,699,1965-01-01,1965,1,South African Grand Prix,181,346,380,7,12,+2 Laps,+10 Laps,1.0,0.0
663,699,1965-01-01,1965,1,South African Grand Prix,182,406,407,9,14,+4 Laps,+14 Laps,1.0,0.0
664,700,1965-05-30,1965,2,Monaco Grand Prix,66,289,328,1,3,Finished,Finished,1.0,0.0
665,700,1965-05-30,1965,2,Monaco Grand Prix,183,347,304,7,8,+3 Laps,+8 Laps,1.0,0.0
666,700,1965-05-30,1965,2,Monaco Grand Prix,183,347,383,7,9,+3 Laps,+15 Laps,1.0,0.0
667,701,1965-06-13,1965,3,Belgian Grand Prix,66,328,289,2,5,Finished,+1 Lap,1.0,0.0
668,701,1965-06-13,1965,3,Belgian Grand Prix,66,328,376,2,12,Finished,+3 Laps,1.0,0.0
669,701,1965-06-13,1965,3,Belgian Grand Prix,170,360,358,3,11,+1 Lap,+3 Laps,1.0,0.0
670,701,1965-06-13,1965,3,Belgian Grand Prix,172,373,374,1,7,Finished,+1 Lap,1.0,0.0
671,701,1965-06-13,1965,3,Belgian Grand Prix,183,356,364,4,10,+1 Lap,+2 Laps,1.0,0.0
672,702,1965-06-27,1965,4,French Grand Prix,66,328,289,2,5,Finished,+1 Lap,1.0,0.0
673,702,1965-06-27,1965,4,French Grand Prix,172,373,374,1,7,Finished,+1 Lap,1.0,0.0
674,703,1965-07-10,1965,5,British Grand Prix,66,289,328,2,5,Finished,Finished,1.0,0.0
675,703,1965-07-10,1965,5,British Grand Prix,66,289,418,2,12,Finished,+10 Laps,1.0,0.0
676,703,1965-07-10,1965,5,British Grand Prix,172,373,374,1,4,Finished,Finished,1.0,0.0
677,703,1965-07-10,1965,5,British Grand Prix,181,380,346,8,9,+2 Laps,+2 Laps,1.0,0.0
678,703,1965-07-10,1965,5,British Grand Prix,181,380,420,8,11,+2 Laps,+7 Laps,1.0,0.0
679,703,1965-07-10,1965,5,British Grand Prix,183,364,347,6,7,+1 Lap,+1 Lap,1.0,0.0
680,704,1965-07-18,1965,6,Dutch Grand Prix,6,341,385,7,9,+1 Lap,+1 Lap,1.0,0.0
681,704,1965-07-18,1965,6,Dutch Grand Prix,66,328,289,2,4,Finished,Finished,1.0,0.0
682,704,1965-07-18,1965,6,Dutch Grand Prix,172,373,374,1,8,Finished,+1 Lap,1.0,0.0
683,704,1965-07-18,1965,6,Dutch Grand Prix,176,404,370,10,12,+2 Laps,+3 Laps,1.0,0.0
684,704,1965-07-18,1965,6,Dutch Grand Prix,181,380,346,11,13,+3 Laps,+25 Laps,1.0,0.0
685,704,1965-07-18,1965,6,Dutch Grand Prix,183,364,304,3,5,Finished,+1 Lap,1.0,0.0
686,705,1965-08-01,1965,7,German Grand Prix,66,289,418,2,8,Finished,+1 Lap,1.0,0.0
687,705,1965-08-01,1965,7,German Grand Prix,183,364,347,3,7,Finished,Finished,1.0,0.0
688,705,1965-08-01,1965,7,German Grand Prix,183,364,356,3,5,Finished,Finished,1.0,0.0
689,706,1965-09-12,1965,8,Italian Grand Prix,66,328,289,1,2,Finished,Finished,1.0,0.0
690,706,1965-09-12,1965,8,Italian Grand Prix,170,360,358,5,8,+1 Lap,+2 Laps,1.0,0.0
691,706,1965-09-12,1965,8,Italian Grand Prix,176,370,404,6,9,+1 Lap,+2 Laps,1.0,0.0
692,706,1965-09-12,1965,8,Italian Grand Prix,183,364,347,3,7,Finished,+2 Laps,1.0,0.0
693,707,1965-10-03,1965,9,United States Grand Prix,6,385,345,4,5,+1 Lap,+1 Lap,1.0,0.0
694,707,1965-10-03,1965,9,United States Grand Prix,6,385,396,4,9,+1 Lap,+4 Laps,1.0,0.0
695,707,1965-10-03,1965,9,United States Grand Prix,11,386,405,7,13,+2 Laps,+18 Laps,1.0,0.0
696,707,1965-10-03,1965,9,United States Grand Prix,183,364,347,2,8,Finished,+3 Laps,1.0,0.0
697,707,1965-10-03,1965,9,United States Grand Prix,183,364,356,2,3,Finished,Finished,1.0,0.0
698,708,1965-10-24,1965,10,Mexican Grand Prix,6,345,385,7,8,+3 Laps,+3 Laps,1.0,0.0
699,708,1965-10-24,1965,10,Mexican Grand Prix,11,386,405,1,5,Finished,+1 Lap,1.0,0.0
700,690,1966-05-22,1966,1,Monaco Grand Prix,66,328,289,1,3,Finished,+1 Lap,1.0,0.0
701,690,1966-05-22,1966,1,Monaco Grand Prix,66,328,396,1,4,Finished,+5 Laps,1.0,0.0
702,691,1966-06-12,1966,2,Belgian Grand Prix,6,341,385,1,3,Finished,+1 Lap,1.0,0.0
703,691,1966-06-12,1966,2,Belgian Grand Prix,167,358,386,2,5,Finished,+3 Laps,1.0,0.0
704,692,1966-07-03,1966,3,French Grand Prix,167,358,278,4,8,+2 Laps,+4 Laps,1.0,0.0
705,692,1966-07-03,1966,3,French Grand Prix,191,356,304,1,3,Finished,+2 Laps,1.0,0.0
706,693,1966-07-16,1966,4,British Grand Prix,66,289,396,3,9,+1 Lap,+4 Laps,1.0,0.0
707,693,1966-07-16,1966,4,British Grand Prix,167,358,389,5,10,+1 Lap,+5 Laps,1.0,0.0
708,693,1966-07-16,1966,4,British Grand Prix,191,356,304,1,2,Finished,Finished,1.0,0.0
709,694,1966-07-24,1966,5,Dutch Grand Prix,66,289,328,2,4,+1 Lap,+2 Laps,1.0,0.0
710,694,1966-07-24,1966,5,Dutch Grand Prix,167,347,389,7,9,+6 Laps,+6 Laps,1.0,0.0
711,695,1966-08-07,1966,6,German Grand Prix,66,289,328,4,5,Finished,Finished,1.0,0.0
712,695,1966-08-07,1966,6,German Grand Prix,167,341,358,2,3,Finished,Finished,1.0,0.0
713,696,1966-09-04,1966,7,Italian Grand Prix,6,375,387,1,2,Finished,Finished,1.0,0.0
714,698,1966-10-23,1966,9,Mexican Grand Prix,11,386,405,4,8,+1 Lap,+5 Laps,1.0,0.0
715,698,1966-10-23,1966,9,Mexican Grand Prix,167,341,347,1,6,Finished,+2 Laps,1.0,0.0
716,698,1966-10-23,1966,9,Mexican Grand Prix,191,356,304,2,3,Finished,+1 Lap,1.0,0.0
717,679,1967-01-02,1967,1,South African Grand Prix,191,304,356,4,6,+2 Laps,+4 Laps,1.0,0.0
718,681,1967-06-04,1967,3,Dutch Grand Prix,6,278,375,4,6,Finished,+1 Lap,1.0,0.0
719,681,1967-06-04,1967,3,Dutch Grand Prix,6,278,387,4,5,Finished,+1 Lap,1.0,0.0
720,681,1967-06-04,1967,3,Dutch Grand Prix,191,356,304,2,3,Finished,Finished,1.0,0.0
721,682,1967-06-18,1967,4,Belgian Grand Prix,66,328,374,2,5,Finished,+1 Lap,1.0,0.0
722,682,1967-06-18,1967,4,Belgian Grand Prix,167,358,346,4,7,Finished,+1 Lap,1.0,0.0
723,682,1967-06-18,1967,4,Belgian Grand Prix,167,358,389,4,10,Finished,+3 Laps,1.0,0.0
724,683,1967-07-02,1967,5,French Grand Prix,167,346,345,4,6,+3 Laps,+4 Laps,1.0,0.0
725,683,1967-07-02,1967,5,French Grand Prix,191,356,304,1,2,Finished,Finished,1.0,0.0
726,684,1967-07-15,1967,6,British Grand Prix,66,388,322,7,8,+3 Laps,+3 Laps,1.0,0.0
727,684,1967-07-15,1967,6,British Grand Prix,167,345,390,5,9,+1 Lap,+4 Laps,1.0,0.0
728,684,1967-07-15,1967,6,British Grand Prix,191,304,356,2,4,Finished,Finished,1.0,0.0
729,684,1967-07-15,1967,6,British Grand Prix,191,304,389,2,10,Finished,+4 Laps,1.0,0.0
730,685,1967-08-06,1967,7,German Grand Prix,167,347,345,6,11,Finished,+2 Laps,1.0,0.0
731,685,1967-08-06,1967,7,German Grand Prix,191,304,356,1,2,Finished,Finished,1.0,0.0
732,685,1967-08-06,1967,7,German Grand Prix,191,304,389,1,8,Finished,+1 Lap,1.0,0.0
733,686,1967-08-27,1967,8,Canadian Grand Prix,66,374,322,5,9,+3 Laps,+5 Laps,1.0,0.0
734,686,1967-08-27,1967,8,Canadian Grand Prix,167,347,370,8,10,+5 Laps,+6 Laps,1.0,0.0
735,686,1967-08-27,1967,8,Canadian Grand Prix,191,356,304,1,2,Finished,Finished,1.0,0.0
736,687,1967-09-10,1967,9,Italian Grand Prix,167,358,235,4,6,Finished,+2 Laps,1.0,0.0
737,688,1967-10-01,1967,10,United States Grand Prix,167,346,347,4,6,+2 Laps,+7 Laps,1.0,0.0
738,688,1967-10-01,1967,10,United States Grand Prix,180,373,289,1,2,Finished,Finished,1.0,0.0
739,688,1967-10-01,1967,10,United States Grand Prix,191,304,356,3,5,+1 Lap,+4 Laps,1.0,0.0
740,689,1967-10-22,1967,11,Mexican Grand Prix,167,345,347,6,10,+2 Laps,+4 Laps,1.0,0.0
741,689,1967-10-22,1967,11,Mexican Grand Prix,191,356,304,2,3,Finished,+1 Lap,1.0,0.0
742,689,1967-10-22,1967,11,Mexican Grand Prix,191,356,389,2,11,Finished,+4 Laps,1.0,0.0
743,667,1968-01-01,1968,1,South African Grand Prix,180,373,289,1,2,Finished,Finished,1.0,0.0
744,667,1968-01-01,1968,1,South African Grand Prix,191,358,340,3,9,Finished,+5 Laps,1.0,0.0
745,668,1968-05-12,1968,2,Spanish Grand Prix,195,312,375,3,4,+1 Lap,+1 Lap,1.0,0.0
746,669,1968-05-26,1968,3,Monaco Grand Prix,195,376,375,3,4,+4 Laps,+4 Laps,1.0,0.0
747,671,1968-06-23,1968,5,Dutch Grand Prix,6,235,278,4,6,+2 Laps,+5 Laps,1.0,0.0
748,671,1968-06-23,1968,5,Dutch Grand Prix,66,345,370,3,7,+1 Lap,+5 Laps,1.0,0.0
749,672,1968-07-07,1968,6,French Grand Prix,6,235,278,1,10,Finished,+5 Laps,1.0,0.0
750,672,1968-07-07,1968,6,French Grand Prix,66,361,370,6,7,+3 Laps,+3 Laps,1.0,0.0
751,672,1968-07-07,1968,6,French Grand Prix,187,304,360,5,8,+2 Laps,+4 Laps,1.0,0.0
752,673,1968-07-20,1968,7,British Grand Prix,6,278,235,2,3,Finished,+1 Lap,1.0,0.0
753,673,1968-07-20,1968,7,British Grand Prix,187,304,360,4,7,+1 Lap,+3 Laps,1.0,0.0
754,674,1968-08-04,1968,8,German Grand Prix,66,345,361,6,8,Finished,Finished,1.0,0.0
755,674,1968-08-04,1968,8,German Grand Prix,66,345,370,6,14,Finished,+1 Lap,1.0,0.0
756,674,1968-08-04,1968,8,German Grand Prix,180,289,262,2,11,Finished,+1 Lap,1.0,0.0
757,674,1968-08-04,1968,8,German Grand Prix,191,358,356,3,5,Finished,Finished,1.0,0.0
758,674,1968-08-04,1968,8,German Grand Prix,191,358,379,3,12,Finished,+1 Lap,1.0,0.0
759,676,1968-09-22,1968,10,Canadian Grand Prix,187,304,360,1,2,Finished,+1 Lap,1.0,0.0
760,677,1968-10-06,1968,11,United States Grand Prix,180,289,346,2,5,Finished,+3 Laps,1.0,0.0
761,677,1968-10-06,1968,11,United States Grand Prix,187,364,360,4,6,+1 Lap,+5 Laps,1.0,0.0
762,678,1968-11-03,1968,12,Mexican Grand Prix,180,289,262,1,3,Finished,Finished,1.0,0.0
763,678,1968-11-03,1968,12,Mexican Grand Prix,180,289,346,1,6,Finished,+1 Lap,1.0,0.0
764,656,1969-03-01,1969,1,South African Grand Prix,180,289,346,2,4,Finished,Finished,1.0,0.0
765,656,1969-03-01,1969,1,South African Grand Prix,187,304,360,3,5,Finished,+1 Lap,1.0,0.0
766,656,1969-03-01,1969,1,South African Grand Prix,196,328,306,1,6,Finished,+2 Laps,1.0,0.0
767,657,1969-05-04,1969,2,Spanish Grand Prix,187,360,304,2,4,+2 Laps,+3 Laps,1.0,0.0
768,657,1969-05-04,1969,2,Spanish Grand Prix,196,328,306,1,3,Finished,+3 Laps,1.0,0.0
769,658,1969-05-18,1969,3,Monaco Grand Prix,180,289,346,1,3,Finished,Finished,1.0,0.0
770,658,1969-05-18,1969,3,Monaco Grand Prix,180,289,370,1,4,Finished,Finished,1.0,0.0
771,658,1969-05-18,1969,3,Monaco Grand Prix,187,360,304,5,6,+1 Lap,+2 Laps,1.0,0.0
772,659,1969-06-21,1969,4,Dutch Grand Prix,180,346,289,2,7,Finished,+2 Laps,1.0,0.0
773,659,1969-06-21,1969,4,Dutch Grand Prix,182,235,356,5,6,Finished,Finished,1.0,0.0
774,659,1969-06-21,1969,4,Dutch Grand Prix,187,304,306,4,8,Finished,+3 Laps,1.0,0.0
775,659,1969-06-21,1969,4,Dutch Grand Prix,187,304,350,4,10,Finished,+6 Laps,1.0,0.0
776,660,1969-07-06,1969,5,French Grand Prix,180,289,346,6,9,+1 Lap,+4 Laps,1.0,0.0
777,660,1969-07-06,1969,5,French Grand Prix,182,235,351,3,7,Finished,+2 Laps,1.0,0.0
778,660,1969-07-06,1969,5,French Grand Prix,187,360,304,4,8,+1 Lap,+3 Laps,1.0,0.0
779,660,1969-07-06,1969,5,French Grand Prix,187,360,350,4,5,+1 Lap,+1 Lap,1.0,0.0
780,660,1969-07-06,1969,5,French Grand Prix,196,328,306,1,2,Finished,Finished,1.0,0.0
781,661,1969-07-19,1969,6,British Grand Prix,180,358,289,4,7,+1 Lap,+2 Laps,1.0,0.0
782,661,1969-07-19,1969,6,British Grand Prix,180,358,346,4,8,+1 Lap,+3 Laps,1.0,0.0
783,661,1969-07-19,1969,6,British Grand Prix,180,358,357,4,10,+1 Lap,+9 Laps,1.0,0.0
784,661,1969-07-19,1969,6,British Grand Prix,182,235,361,2,5,+1 Lap,+1 Lap,1.0,0.0
785,661,1969-07-19,1969,6,British Grand Prix,187,360,350,3,6,+1 Lap,+2 Laps,1.0,0.0
786,661,1969-07-19,1969,6,British Grand Prix,196,328,306,1,9,Finished,+6 Laps,1.0,0.0
787,663,1969-09-07,1969,8,Italian Grand Prix,187,360,304,4,7,Finished,+2 Laps,1.0,0.0
788,663,1969-09-07,1969,8,Italian Grand Prix,196,328,306,1,3,Finished,Finished,1.0,0.0
789,664,1969-09-20,1969,9,Canadian Grand Prix,180,358,353,3,7,Finished,+9 Laps,1.0,0.0
790,664,1969-09-20,1969,9,Canadian Grand Prix,182,235,356,1,2,Finished,Finished,1.0,0.0
791,664,1969-09-20,1969,9,Canadian Grand Prix,196,306,359,4,6,+1 Lap,+6 Laps,1.0,0.0
792,665,1969-10-05,1969,10,United States Grand Prix,182,361,351,2,6,Finished,+10 Laps,1.0,0.0
793,665,1969-10-05,1969,10,United States Grand Prix,182,361,356,2,4,Finished,+2 Laps,1.0,0.0
794,666,1969-10-19,1969,11,Mexican Grand Prix,182,235,356,2,3,Finished,Finished,1.0,0.0
795,666,1969-10-19,1969,11,Mexican Grand Prix,182,235,361,2,10,Finished,+4 Laps,1.0,0.0
796,666,1969-10-19,1969,11,Mexican Grand Prix,196,328,306,4,5,Finished,Finished,1.0,0.0
797,666,1969-10-19,1969,11,Mexican Grand Prix,196,328,359,4,8,Finished,+2 Laps,1.0,0.0
798,643,1970-03-07,1970,1,South African Grand Prix,32,357,289,5,6,+1 Lap,+1 Lap,1.0,0.0
799,643,1970-03-07,1970,1,South African Grand Prix,32,357,340,5,8,+1 Lap,+2 Laps,1.0,0.0
800,643,1970-03-07,1970,1,South African Grand Prix,34,356,362,1,11,Finished,+5 Laps,1.0,0.0
801,643,1970-03-07,1970,1,South African Grand Prix,37,328,346,3,10,Finished,+5 Laps,1.0,0.0
802,643,1970-03-07,1970,1,South African Grand Prix,82,306,280,4,7,Finished,+2 Laps,1.0,0.0
803,644,1970-04-19,1970,2,Spanish Grand Prix,37,328,207,1,3,Finished,+1 Lap,1.0,0.0
804,644,1970-04-19,1970,2,Spanish Grand Prix,37,328,359,1,5,Finished,+2 Laps,1.0,0.0
805,645,1970-05-10,1970,3,Monaco Grand Prix,32,358,289,1,5,Finished,+1 Lap,1.0,0.0
806,646,1970-06-07,1970,4,Belgian Grand Prix,6,363,235,4,8,Finished,+2 Laps,1.0,0.0
807,647,1970-06-21,1970,5,Dutch Grand Prix,6,235,223,3,4,+1 Lap,+1 Lap,1.0,0.0
808,647,1970-06-21,1970,5,Dutch Grand Prix,32,358,357,1,7,Finished,+2 Laps,1.0,0.0
809,647,1970-06-21,1970,5,Dutch Grand Prix,37,328,238,2,9,Finished,+2 Laps,1.0,0.0
810,647,1970-06-21,1970,5,Dutch Grand Prix,82,306,280,5,8,+1 Lap,+2 Laps,1.0,0.0
811,648,1970-07-05,1970,6,French Grand Prix,32,358,289,1,10,Finished,+1 Lap,1.0,0.0
812,648,1970-07-05,1970,6,French Grand Prix,32,358,357,1,8,Finished,Finished,1.0,0.0
813,648,1970-07-05,1970,6,French Grand Prix,34,356,243,3,7,Finished,Finished,1.0,0.0
814,648,1970-07-05,1970,6,French Grand Prix,37,278,327,2,11,Finished,+1 Lap,1.0,0.0
815,648,1970-07-05,1970,6,French Grand Prix,37,278,328,2,9,Finished,Finished,1.0,0.0
816,648,1970-07-05,1970,6,French Grand Prix,187,304,364,4,6,Finished,Finished,1.0,0.0
817,649,1970-07-18,1970,7,British Grand Prix,32,358,224,1,8,Finished,+2 Laps,1.0,0.0
818,649,1970-07-18,1970,7,British Grand Prix,32,358,289,1,6,Finished,+1 Lap,1.0,0.0
819,649,1970-07-18,1970,7,British Grand Prix,37,278,238,5,9,+1 Lap,+8 Laps,1.0,0.0
820,649,1970-07-18,1970,7,British Grand Prix,37,278,327,5,7,+1 Lap,+1 Lap,1.0,0.0
821,650,1970-08-02,1970,8,German Grand Prix,32,358,224,1,4,Finished,Finished,1.0,0.0
822,651,1970-08-16,1970,9,Austrian Grand Prix,6,235,223,1,2,Finished,Finished,1.0,0.0
823,651,1970-08-16,1970,9,Austrian Grand Prix,6,235,363,1,7,Finished,+1 Lap,1.0,0.0
824,651,1970-08-16,1970,9,Austrian Grand Prix,34,243,356,3,13,Finished,+4 Laps,1.0,0.0
825,651,1970-08-16,1970,9,Austrian Grand Prix,37,278,346,8,9,+1 Lap,+1 Lap,1.0,0.0
826,651,1970-08-16,1970,9,Austrian Grand Prix,66,345,262,4,5,+1 Lap,+1 Lap,1.0,0.0
827,651,1970-08-16,1970,9,Austrian Grand Prix,66,345,352,4,11,+1 Lap,+2 Laps,1.0,0.0
828,651,1970-08-16,1970,9,Austrian Grand Prix,82,306,280,6,14,+1 Lap,+4 Laps,1.0,0.0
829,652,1970-09-06,1970,10,Italian Grand Prix,37,328,278,2,7,Finished,+1 Lap,1.0,0.0
830,652,1970-09-06,1970,10,Italian Grand Prix,37,328,327,2,6,Finished,Finished,1.0,0.0
831,653,1970-09-20,1970,11,Canadian Grand Prix,6,235,223,1,2,Finished,Finished,1.0,0.0
832,653,1970-09-20,1970,11,Canadian Grand Prix,37,278,327,3,9,Finished,+5 Laps,1.0,0.0
833,653,1970-09-20,1970,11,Canadian Grand Prix,66,345,352,4,10,+1 Lap,+5 Laps,1.0,0.0
834,654,1970-10-04,1970,12,United States Grand Prix,6,235,223,4,13,+1 Lap,+7 Laps,1.0,0.0
835,654,1970-10-04,1970,12,United States Grand Prix,32,224,317,1,3,Finished,Finished,1.0,0.0
836,654,1970-10-04,1970,12,United States Grand Prix,34,356,243,10,12,+3 Laps,+4 Laps,1.0,0.0
837,654,1970-10-04,1970,12,United States Grand Prix,37,278,238,5,11,+1 Lap,+4 Laps,1.0,0.0
838,654,1970-10-04,1970,12,United States Grand Prix,37,278,346,5,9,+1 Lap,+3 Laps,1.0,0.0
839,654,1970-10-04,1970,12,United States Grand Prix,187,304,320,7,14,+2 Laps,+8 Laps,1.0,0.0
840,655,1970-10-25,1970,13,Mexican Grand Prix,6,235,223,1,2,Finished,Finished,1.0,0.0
841,655,1970-10-25,1970,13,Mexican Grand Prix,66,345,262,6,7,Finished,+1 Lap,1.0,0.0
842,655,1970-10-25,1970,13,Mexican Grand Prix,82,306,280,5,9,Finished,+4 Laps,1.0,0.0
843,632,1971-03-06,1971,1,South African Grand Prix,6,207,223,1,3,Finished,Finished,1.0,0.0
844,632,1971-03-06,1971,1,South African Grand Prix,6,207,235,1,8,Finished,+1 Lap,1.0,0.0
845,632,1971-03-06,1971,1,South African Grand Prix,63,312,243,7,12,+1 Lap,+2 Laps,1.0,0.0
846,632,1971-03-06,1971,1,South African Grand Prix,200,238,280,10,11,+2 Laps,+2 Laps,1.0,0.0
847,633,1971-04-18,1971,2,Spanish Grand Prix,1,304,320,5,8,Finished,+2 Laps,1.0,0.0
848,633,1971-04-18,1971,2,Spanish Grand Prix,25,328,327,1,7,Finished,+1 Lap,1.0,0.0
849,633,1971-04-18,1971,2,Spanish Grand Prix,66,345,307,4,10,Finished,+4 Laps,1.0,0.0
850,633,1971-04-18,1971,2,Spanish Grand Prix,82,278,306,3,6,Finished,+1 Lap,1.0,0.0
851,634,1971-05-23,1971,3,Monaco Grand Prix,63,243,341,6,7,+1 Lap,+1 Lap,1.0,0.0
852,634,1971-05-23,1971,3,Monaco Grand Prix,200,238,280,2,8,Finished,+3 Laps,1.0,0.0
853,635,1971-06-20,1971,4,Dutch Grand Prix,6,235,223,1,3,Finished,+1 Lap,1.0,0.0
854,635,1971-06-20,1971,4,Dutch Grand Prix,63,341,298,5,8,+2 Laps,+5 Laps,1.0,0.0
855,635,1971-06-20,1971,4,Dutch Grand Prix,66,345,307,2,7,Finished,+4 Laps,1.0,0.0
856,635,1971-06-20,1971,4,Dutch Grand Prix,66,345,346,2,6,Finished,+2 Laps,1.0,0.0
857,636,1971-07-04,1971,5,French Grand Prix,25,328,327,1,2,Finished,Finished,1.0,0.0
858,636,1971-07-04,1971,5,French Grand Prix,63,341,243,8,11,Finished,+2 Laps,1.0,0.0
859,636,1971-07-04,1971,5,French Grand Prix,66,346,307,4,10,Finished,+1 Lap,1.0,0.0
860,636,1971-07-04,1971,5,French Grand Prix,82,278,306,5,7,Finished,Finished,1.0,0.0
861,636,1971-07-04,1971,5,French Grand Prix,180,224,317,3,6,Finished,Finished,1.0,0.0
862,637,1971-07-17,1971,6,British Grand Prix,25,328,327,1,10,Finished,+3 Laps,1.0,0.0
863,637,1971-07-17,1971,6,British Grand Prix,63,243,341,5,6,+1 Lap,+1 Lap,1.0,0.0
864,637,1971-07-17,1971,6,British Grand Prix,66,307,346,8,9,+2 Laps,+2 Laps,1.0,0.0
865,637,1971-07-17,1971,6,British Grand Prix,200,238,280,2,4,Finished,+1 Lap,1.0,0.0
866,637,1971-07-17,1971,6,British Grand Prix,200,238,330,2,11,Finished,+3 Laps,1.0,0.0
867,638,1971-08-01,1971,7,German Grand Prix,6,223,207,3,4,Finished,Finished,1.0,0.0
868,638,1971-08-01,1971,7,German Grand Prix,25,328,327,1,2,Finished,Finished,1.0,0.0
869,638,1971-08-01,1971,7,German Grand Prix,34,314,289,6,9,Finished,Finished,1.0,0.0
870,638,1971-08-01,1971,7,German Grand Prix,63,341,243,7,10,Finished,+1 Lap,1.0,0.0
871,639,1971-08-15,1971,8,Austrian Grand Prix,34,314,289,3,5,Finished,Finished,1.0,0.0
872,639,1971-08-15,1971,8,Austrian Grand Prix,66,346,320,1,10,Finished,+2 Laps,1.0,0.0
873,639,1971-08-15,1971,8,Austrian Grand Prix,66,346,337,1,11,Finished,+2 Laps,1.0,0.0
874,639,1971-08-15,1971,8,Austrian Grand Prix,180,224,317,2,4,Finished,Finished,1.0,0.0
875,639,1971-08-15,1971,8,Austrian Grand Prix,200,280,238,6,8,Finished,+1 Lap,1.0,0.0
876,640,1971-09-05,1971,9,Italian Grand Prix,1,262,347,7,10,Finished,+4 Laps,1.0,0.0
877,640,1971-09-05,1971,9,Italian Grand Prix,66,320,307,1,5,Finished,Finished,1.0,0.0
878,640,1971-09-05,1971,9,Italian Grand Prix,66,320,346,1,9,Finished,+2 Laps,1.0,0.0
879,641,1971-09-19,1971,10,Canadian Grand Prix,1,288,304,3,4,Finished,+1 Lap,1.0,0.0
880,641,1971-09-19,1971,10,Canadian Grand Prix,6,235,207,8,13,+2 Laps,+4 Laps,1.0,0.0
881,641,1971-09-19,1971,10,Canadian Grand Prix,25,328,327,1,6,Finished,+2 Laps,1.0,0.0
882,641,1971-09-19,1971,10,Canadian Grand Prix,66,346,320,9,14,+3 Laps,+5 Laps,1.0,0.0
883,641,1971-09-19,1971,10,Canadian Grand Prix,66,346,337,9,12,+3 Laps,+4 Laps,1.0,0.0
884,641,1971-09-19,1971,10,Canadian Grand Prix,66,346,352,9,15,+3 Laps,+5 Laps,1.0,0.0
885,641,1971-09-19,1971,10,Canadian Grand Prix,180,317,224,5,7,+1 Lap,+2 Laps,1.0,0.0
886,641,1971-09-19,1971,10,Canadian Grand Prix,200,238,330,2,16,Finished,+7 Laps,1.0,0.0
887,642,1971-10-03,1971,11,United States Grand Prix,25,327,328,1,5,Finished,Finished,1.0,0.0
888,642,1971-10-03,1971,11,United States Grand Prix,66,346,307,2,4,Finished,Finished,1.0,0.0
889,642,1971-10-03,1971,11,United States Grand Prix,66,346,320,2,9,Finished,+1 Lap,1.0,0.0
890,642,1971-10-03,1971,11,United States Grand Prix,66,346,337,2,13,Finished,+2 Laps,1.0,0.0
891,642,1971-10-03,1971,11,United States Grand Prix,66,346,355,2,14,Finished,+3 Laps,1.0,0.0
892,642,1971-10-03,1971,11,United States Grand Prix,82,306,278,8,12,+1 Lap,+2 Laps,1.0,0.0
893,620,1972-01-23,1972,1,Argentine Grand Prix,6,235,223,3,4,Finished,Finished,1.0,0.0
894,620,1972-01-23,1972,1,Argentine Grand Prix,37,238,182,6,11,+1 Lap,+2 Laps,1.0,0.0
895,620,1972-01-23,1972,1,Argentine Grand Prix,37,238,280,6,8,+1 Lap,+2 Laps,1.0,0.0
896,620,1972-01-23,1972,1,Argentine Grand Prix,66,307,337,9,10,+2 Laps,+2 Laps,1.0,0.0
897,621,1972-03-04,1972,2,South African Grand Prix,1,304,309,1,3,Finished,Finished,1.0,0.0
898,621,1972-03-04,1972,2,South African Grand Prix,6,207,223,4,12,Finished,+2 Laps,1.0,0.0
899,621,1972-03-04,1972,2,South African Grand Prix,6,207,235,4,8,Finished,+1 Lap,1.0,0.0
900,621,1972-03-04,1972,2,South African Grand Prix,32,224,338,2,10,Finished,+1 Lap,1.0,0.0
901,621,1972-03-04,1972,2,South African Grand Prix,37,238,182,5,7,Finished,+1 Lap,1.0,0.0
902,621,1972-03-04,1972,2,South African Grand Prix,37,238,243,5,13,Finished,+2 Laps,1.0,0.0
903,621,1972-03-04,1972,2,South African Grand Prix,37,238,250,5,17,Finished,+6 Laps,1.0,0.0
904,621,1972-03-04,1972,2,South African Grand Prix,37,238,280,5,11,Finished,+1 Lap,1.0,0.0
905,622,1972-05-01,1972,3,Spanish Grand Prix,6,235,223,2,3,Finished,+1 Lap,1.0,0.0
906,622,1972-05-01,1972,3,Spanish Grand Prix,32,224,338,1,9,Finished,+3 Laps,1.0,0.0
907,622,1972-05-01,1972,3,Spanish Grand Prix,34,290,289,7,10,+2 Laps,+4 Laps,1.0,0.0
908,622,1972-05-01,1972,3,Spanish Grand Prix,37,250,280,6,11,+1 Lap,+4 Laps,1.0,0.0
909,622,1972-05-01,1972,3,Spanish Grand Prix,63,333,314,4,8,+1 Lap,+2 Laps,1.0,0.0
910,623,1972-05-14,1972,4,Monaco Grand Prix,1,312,304,5,15,+3 Laps,+6 Laps,1.0,0.0
911,623,1972-05-14,1972,4,Monaco Grand Prix,32,224,338,3,14,+1 Lap,+5 Laps,1.0,0.0
912,623,1972-05-14,1972,4,Monaco Grand Prix,34,290,289,9,12,+3 Laps,+4 Laps,1.0,0.0
913,623,1972-05-14,1972,4,Monaco Grand Prix,37,243,182,10,16,+3 Laps,+6 Laps,1.0,0.0
914,623,1972-05-14,1972,4,Monaco Grand Prix,37,243,238,10,11,+3 Laps,+4 Laps,1.0,0.0
915,623,1972-05-14,1972,4,Monaco Grand Prix,37,243,250,10,17,+3 Laps,+8 Laps,1.0,0.0
916,623,1972-05-14,1972,4,Monaco Grand Prix,37,243,329,10,13,+3 Laps,+4 Laps,1.0,0.0
917,623,1972-05-14,1972,4,Monaco Grand Prix,66,306,337,1,8,Finished,+3 Laps,1.0,0.0
918,624,1972-06-04,1972,5,Belgian Grand Prix,1,304,309,3,7,Finished,+2 Laps,1.0,0.0
919,624,1972-06-04,1972,5,Belgian Grand Prix,32,224,338,1,14,Finished,+6 Laps,1.0,0.0
920,624,1972-06-04,1972,5,Belgian Grand Prix,37,250,182,5,12,+1 Lap,+3 Laps,1.0,0.0
921,624,1972-06-04,1972,5,Belgian Grand Prix,37,250,238,5,9,+1 Lap,+2 Laps,1.0,0.0
922,624,1972-06-04,1972,5,Belgian Grand Prix,37,250,243,5,11,+1 Lap,+2 Laps,1.0,0.0
923,624,1972-06-04,1972,5,Belgian Grand Prix,66,307,337,8,10,+2 Laps,+2 Laps,1.0,0.0
924,625,1972-07-02,1972,6,French Grand Prix,1,304,312,7,9,Finished,Finished,1.0,0.0
925,625,1972-07-02,1972,6,French Grand Prix,6,235,330,11,13,+1 Lap,+1 Lap,1.0,0.0
926,625,1972-07-02,1972,6,French Grand Prix,25,328,327,1,4,Finished,Finished,1.0,0.0
927,625,1972-07-02,1972,6,French Grand Prix,34,290,199,8,12,Finished,+1 Lap,1.0,0.0
928,625,1972-07-02,1972,6,French Grand Prix,34,290,289,8,10,Finished,Finished,1.0,0.0
929,625,1972-07-02,1972,6,French Grand Prix,37,238,243,5,16,Finished,+1 Lap,1.0,0.0
930,625,1972-07-02,1972,6,French Grand Prix,63,305,314,6,17,Finished,+2 Laps,1.0,0.0
931,625,1972-07-02,1972,6,French Grand Prix,63,305,333,6,14,Finished,+1 Lap,1.0,0.0
932,626,1972-07-15,1972,7,British Grand Prix,1,309,304,3,5,Finished,+1 Lap,1.0,0.0
933,627,1972-07-30,1972,8,German Grand Prix,6,235,223,1,2,Finished,Finished,1.0,0.0
934,627,1972-07-30,1972,8,German Grand Prix,6,235,232,1,12,Finished,+1 Lap,1.0,0.0
935,627,1972-07-30,1972,8,German Grand Prix,34,289,290,6,7,Finished,Finished,1.0,0.0
936,627,1972-07-30,1972,8,German Grand Prix,37,238,329,3,8,Finished,Finished,1.0,0.0
937,627,1972-07-30,1972,8,German Grand Prix,63,333,314,13,14,+1 Lap,+1 Lap,1.0,0.0
938,627,1972-07-30,1972,8,German Grand Prix,66,307,306,4,9,Finished,Finished,1.0,0.0
939,628,1972-08-13,1972,9,Austrian Grand Prix,1,304,309,2,3,Finished,Finished,1.0,0.0
940,628,1972-08-13,1972,9,Austrian Grand Prix,25,328,327,7,9,Finished,+1 Lap,1.0,0.0
941,628,1972-08-13,1972,9,Austrian Grand Prix,37,182,238,10,12,+1 Lap,+2 Laps,1.0,0.0
942,628,1972-08-13,1972,9,Austrian Grand Prix,63,305,314,4,11,Finished,+2 Laps,1.0,0.0
943,628,1972-08-13,1972,9,Austrian Grand Prix,63,305,333,4,14,Finished,+3 Laps,1.0,0.0
944,628,1972-08-13,1972,9,Austrian Grand Prix,66,307,306,6,8,Finished,Finished,1.0,0.0
945,628,1972-08-13,1972,9,Austrian Grand Prix,66,307,320,6,13,Finished,+3 Laps,1.0,0.0
946,629,1972-09-10,1972,10,Italian Grand Prix,1,304,309,3,4,Finished,Finished,1.0,0.0
947,629,1972-09-10,1972,10,Italian Grand Prix,37,238,182,9,13,+1 Lap,+5 Laps,1.0,0.0
948,629,1972-09-10,1972,10,Italian Grand Prix,37,238,329,9,10,+1 Lap,+1 Lap,1.0,0.0
949,629,1972-09-10,1972,10,Italian Grand Prix,66,320,306,6,8,Finished,+1 Lap,1.0,0.0
950,629,1972-09-10,1972,10,Italian Grand Prix,66,320,307,6,11,Finished,+3 Laps,1.0,0.0
951,629,1972-09-10,1972,10,Italian Grand Prix,66,320,317,6,12,Finished,+4 Laps,1.0,0.0
952,630,1972-09-24,1972,11,Canadian Grand Prix,1,309,304,2,3,Finished,Finished,1.0,0.0
953,630,1972-09-24,1972,11,Canadian Grand Prix,6,223,235,5,12,Finished,+4 Laps,1.0,0.0
954,630,1972-09-24,1972,11,Canadian Grand Prix,34,199,289,4,8,Finished,+1 Lap,1.0,0.0
955,631,1972-10-08,1972,12,United States Grand Prix,1,304,222,3,9,Finished,+1 Lap,1.0,0.0
956,631,1972-10-08,1972,12,United States Grand Prix,6,235,207,5,6,Finished,+1 Lap,1.0,0.0
957,631,1972-10-08,1972,12,United States Grand Prix,6,235,223,5,8,Finished,+1 Lap,1.0,0.0
958,631,1972-10-08,1972,12,United States Grand Prix,25,328,221,1,7,Finished,+1 Lap,1.0,0.0
959,631,1972-10-08,1972,12,United States Grand Prix,25,328,327,1,2,Finished,Finished,1.0,0.0
960,631,1972-10-08,1972,12,United States Grand Prix,37,238,280,4,14,Finished,+2 Laps,1.0,0.0
961,631,1972-10-08,1972,12,United States Grand Prix,37,238,329,4,13,Finished,+2 Laps,1.0,0.0
962,631,1972-10-08,1972,12,United States Grand Prix,37,238,342,4,16,Finished,+2 Laps,1.0,0.0
963,605,1973-01-28,1973,1,Argentine Grand Prix,1,304,309,5,8,+1 Lap,+4 Laps,1.0,0.0
964,605,1973-01-28,1973,1,Argentine Grand Prix,6,235,232,4,9,Finished,+4 Laps,1.0,0.0
965,605,1973-01-28,1973,1,Argentine Grand Prix,25,327,328,2,3,Finished,Finished,1.0,0.0
966,606,1973-02-11,1973,2,Brazilian Grand Prix,6,232,235,4,5,+1 Lap,+1 Lap,1.0,0.0
967,606,1973-02-11,1973,2,Brazilian Grand Prix,25,328,327,2,10,Finished,+2 Laps,1.0,0.0
968,606,1973-02-11,1973,2,Brazilian Grand Prix,66,223,182,6,8,+1 Lap,+2 Laps,1.0,0.0
969,606,1973-02-11,1973,2,Brazilian Grand Prix,80,307,330,7,9,+1 Lap,+2 Laps,1.0,0.0
970,607,1973-03-03,1973,3,South African Grand Prix,1,309,304,2,5,Finished,+2 Laps,1.0,0.0
971,607,1973-03-03,1973,3,South African Grand Prix,32,224,238,3,11,Finished,+6 Laps,1.0,0.0
972,608,1973-04-29,1973,4,Spanish Grand Prix,1,309,304,4,6,+1 Lap,+1 Lap,1.0,0.0
973,608,1973-04-29,1973,4,Spanish Grand Prix,37,329,280,7,8,+1 Lap,+2 Laps,1.0,0.0
974,608,1973-04-29,1973,4,Spanish Grand Prix,66,306,223,5,9,+1 Lap,+6 Laps,1.0,0.0
975,609,1973-05-20,1973,5,Belgian Grand Prix,25,328,327,1,2,Finished,Finished,1.0,0.0
976,610,1973-06-03,1973,6,Monaco Grand Prix,1,309,304,5,6,+2 Laps,+2 Laps,1.0,0.0
977,610,1973-06-03,1973,6,Monaco Grand Prix,25,328,327,1,4,Finished,+1 Lap,1.0,0.0
978,610,1973-06-03,1973,6,Monaco Grand Prix,32,224,238,2,3,Finished,+1 Lap,1.0,0.0
979,611,1973-06-17,1973,7,Swedish Grand Prix,1,304,309,1,7,Finished,+1 Lap,1.0,0.0
980,611,1973-06-17,1973,7,Swedish Grand Prix,25,327,328,3,5,Finished,Finished,1.0,0.0
981,611,1973-06-17,1973,7,Swedish Grand Prix,66,223,182,9,13,+3 Laps,+5 Laps,1.0,0.0
982,612,1973-07-01,1973,8,French Grand Prix,6,235,232,5,7,Finished,Finished,1.0,0.0
983,612,1973-07-01,1973,8,French Grand Prix,25,327,328,2,4,Finished,Finished,1.0,0.0
984,612,1973-07-01,1973,8,French Grand Prix,34,199,290,3,16,Finished,+4 Laps,1.0,0.0
985,612,1973-07-01,1973,8,French Grand Prix,66,182,223,9,12,Finished,+1 Lap,1.0,0.0
986,612,1973-07-01,1973,8,French Grand Prix,66,182,306,9,11,Finished,+1 Lap,1.0,0.0
987,613,1973-07-14,1973,9,British Grand Prix,1,309,304,1,3,Finished,Finished,1.0,0.0
988,613,1973-07-14,1973,9,British Grand Prix,25,327,328,5,10,Finished,+1 Lap,1.0,0.0
989,613,1973-07-14,1973,9,British Grand Prix,37,231,329,4,11,Finished,+2 Laps,1.0,0.0
990,613,1973-07-14,1973,9,British Grand Prix,66,223,182,7,12,Finished,+4 Laps,1.0,0.0
991,614,1973-07-29,1973,10,Dutch Grand Prix,25,328,327,1,2,Finished,Finished,1.0,0.0
992,614,1973-07-29,1973,10,Dutch Grand Prix,66,306,223,5,8,Finished,+4 Laps,1.0,0.0
993,614,1973-07-29,1973,10,Dutch Grand Prix,80,298,307,6,9,+2 Laps,+4 Laps,1.0,0.0
994,615,1973-08-05,1973,11,German Grand Prix,1,235,304,3,12,Finished,Finished,1.0,0.0
995,615,1973-08-05,1973,11,German Grand Prix,1,235,309,3,9,Finished,Finished,1.0,0.0
996,615,1973-08-05,1973,11,German Grand Prix,25,328,327,1,2,Finished,Finished,1.0,0.0
997,615,1973-08-05,1973,11,German Grand Prix,34,290,243,5,11,Finished,Finished,1.0,0.0
998,615,1973-08-05,1973,11,German Grand Prix,37,259,329,15,16,+1 Lap,+1 Lap,1.0,0.0
999,615,1973-08-05,1973,11,German Grand Prix,58,262,289,8,13,Finished,Finished,1.0,0.0
1000,615,1973-08-05,1973,11,German Grand Prix,63,250,200,4,7,Finished,Finished,1.0,0.0
1001,615,1973-08-05,1973,11,German Grand Prix,63,250,305,4,14,Finished,+1 Lap,1.0,0.0
1002,616,1973-08-19,1973,12,Austrian Grand Prix,63,250,305,3,10,Finished,+5 Laps,1.0,0.0
1003,616,1973-08-19,1973,12,Austrian Grand Prix,66,306,223,5,6,Finished,Finished,1.0,0.0
1004,617,1973-09-09,1973,13,Italian Grand Prix,1,309,304,3,15,Finished,+2 Laps,1.0,0.0
1005,617,1973-09-09,1973,13,Italian Grand Prix,25,328,327,4,5,Finished,Finished,1.0,0.0
1006,617,1973-09-09,1973,13,Italian Grand Prix,32,238,224,1,2,Finished,Finished,1.0,0.0
1007,617,1973-09-09,1973,13,Italian Grand Prix,34,199,243,6,12,Finished,+1 Lap,1.0,0.0
1008,617,1973-09-09,1973,13,Italian Grand Prix,58,332,262,10,11,+1 Lap,+1 Lap,1.0,0.0
1009,617,1973-09-09,1973,13,Italian Grand Prix,58,332,289,10,14,+1 Lap,+1 Lap,1.0,0.0
1010,618,1973-09-23,1973,14,Canadian Grand Prix,1,309,304,1,13,Finished,+5 Laps,1.0,0.0
1011,618,1973-09-23,1973,14,Canadian Grand Prix,25,328,278,5,10,+1 Lap,+3 Laps,1.0,0.0
1012,618,1973-09-23,1973,14,Canadian Grand Prix,34,199,243,8,12,+2 Laps,+4 Laps,1.0,0.0
1013,618,1973-09-23,1973,14,Canadian Grand Prix,34,199,290,8,11,+2 Laps,+3 Laps,1.0,0.0
1014,618,1973-09-23,1973,14,Canadian Grand Prix,58,262,289,3,16,Finished,+7 Laps,1.0,0.0
1015,618,1973-09-23,1973,14,Canadian Grand Prix,58,262,332,3,17,Finished,+7 Laps,1.0,0.0
1016,618,1973-09-23,1973,14,Canadian Grand Prix,63,305,250,9,18,+2 Laps,+8 Laps,1.0,0.0
1017,618,1973-09-23,1973,14,Canadian Grand Prix,80,307,314,6,14,+1 Lap,+5 Laps,1.0,0.0
1018,619,1973-10-07,1973,15,United States Grand Prix,1,304,309,4,5,Finished,Finished,1.0,0.0
1019,619,1973-10-07,1973,15,United States Grand Prix,32,238,224,1,6,Finished,Finished,1.0,0.0
1020,619,1973-10-07,1973,15,United States Grand Prix,37,231,329,2,10,Finished,+1 Lap,1.0,0.0
1021,619,1973-10-07,1973,15,United States Grand Prix,58,289,262,13,15,+2 Laps,+4 Laps,1.0,0.0
1022,619,1973-10-07,1973,15,United States Grand Prix,58,289,332,13,14,+2 Laps,+2 Laps,1.0,0.0
1023,619,1973-10-07,1973,15,United States Grand Prix,66,223,306,8,9,+1 Lap,+1 Lap,1.0,0.0
1024,619,1973-10-07,1973,15,United States Grand Prix,80,235,307,7,12,+1 Lap,+2 Laps,1.0,0.0
1025,590,1974-01-13,1974,1,Argentine Grand Prix,1,304,224,1,10,Finished,+1 Lap,1.0,0.0
1026,590,1974-01-13,1974,1,Argentine Grand Prix,1,304,305,1,4,Finished,Finished,1.0,0.0
1027,590,1974-01-13,1974,1,Argentine Grand Prix,6,182,223,2,3,Finished,Finished,1.0,0.0
1028,590,1974-01-13,1974,1,Argentine Grand Prix,66,306,280,5,9,Finished,+1 Lap,1.0,0.0
1029,591,1974-01-27,1974,2,Brazilian Grand Prix,1,224,304,1,12,Finished,+1 Lap,1.0,0.0
1030,591,1974-01-27,1974,2,Brazilian Grand Prix,1,224,305,1,5,Finished,+1 Lap,1.0,0.0
1031,591,1974-01-27,1974,2,Brazilian Grand Prix,25,221,222,8,13,+1 Lap,+1 Lap,1.0,0.0
1032,591,1974-01-27,1974,2,Brazilian Grand Prix,32,235,238,3,6,+1 Lap,+1 Lap,1.0,0.0
1033,591,1974-01-27,1974,2,Brazilian Grand Prix,34,199,308,7,15,+1 Lap,+2 Laps,1.0,0.0
1034,591,1974-01-27,1974,2,Brazilian Grand Prix,63,250,200,4,17,+1 Lap,+2 Laps,1.0,0.0
1035,591,1974-01-27,1974,2,Brazilian Grand Prix,66,306,280,10,14,+1 Lap,+2 Laps,1.0,0.0
1036,591,1974-01-27,1974,2,Brazilian Grand Prix,66,306,296,10,16,+1 Lap,+2 Laps,1.0,0.0
1037,592,1974-03-30,1974,3,South African Grand Prix,1,305,224,3,7,Finished,Finished,1.0,0.0
1038,592,1974-03-30,1974,3,South African Grand Prix,1,305,293,3,19,Finished,+7 Laps,1.0,0.0
1039,592,1974-03-30,1974,3,South African Grand Prix,1,305,304,3,9,Finished,+1 Lap,1.0,0.0
1040,592,1974-03-30,1974,3,South African Grand Prix,25,221,222,4,8,Finished,Finished,1.0,0.0
1041,592,1974-03-30,1974,3,South African Grand Prix,25,221,292,4,14,Finished,+2 Laps,1.0,0.0
1042,592,1974-03-30,1974,3,South African Grand Prix,34,199,308,1,17,Finished,+4 Laps,1.0,0.0
1043,592,1974-03-30,1974,3,South African Grand Prix,37,233,230,5,10,Finished,+1 Lap,1.0,0.0
1044,592,1974-03-30,1974,3,South African Grand Prix,66,306,280,2,18,Finished,+6 Laps,1.0,0.0
1045,592,1974-03-30,1974,3,South African Grand Prix,66,306,296,2,15,Finished,+3 Laps,1.0,0.0
1046,593,1974-04-28,1974,4,Spanish Grand Prix,1,224,304,3,6,+1 Lap,+2 Laps,1.0,0.0
1047,593,1974-04-28,1974,4,Spanish Grand Prix,1,224,305,3,9,+1 Lap,+3 Laps,1.0,0.0
1048,593,1974-04-28,1974,4,Spanish Grand Prix,6,182,223,1,2,Finished,Finished,1.0,0.0
1049,593,1974-04-28,1974,4,Spanish Grand Prix,25,222,221,5,8,+2 Laps,+3 Laps,1.0,0.0
1050,594,1974-05-12,1974,5,Belgian Grand Prix,1,224,304,1,6,Finished,Finished,1.0,0.0
1051,594,1974-05-12,1974,5,Belgian Grand Prix,1,224,305,1,7,Finished,+1 Lap,1.0,0.0
1052,594,1974-05-12,1974,5,Belgian Grand Prix,6,182,223,2,4,Finished,Finished,1.0,0.0
1053,594,1974-05-12,1974,5,Belgian Grand Prix,26,289,265,8,12,+2 Laps,+3 Laps,1.0,0.0
1054,594,1974-05-12,1974,5,Belgian Grand Prix,34,187,269,11,17,+2 Laps,+4 Laps,1.0,0.0
1055,594,1974-05-12,1974,5,Belgian Grand Prix,66,306,296,5,16,Finished,+3 Laps,1.0,0.0
1056,595,1974-05-26,1974,6,Monaco Grand Prix,25,222,221,2,9,Finished,+4 Laps,1.0,0.0
1057,595,1974-05-26,1974,6,Monaco Grand Prix,26,289,265,7,8,+2 Laps,+3 Laps,1.0,0.0
1058,596,1974-06-09,1974,7,Swedish Grand Prix,25,222,221,1,2,Finished,Finished,1.0,0.0
1059,596,1974-06-09,1974,7,Swedish Grand Prix,26,289,265,6,7,+1 Lap,+1 Lap,1.0,0.0
1060,596,1974-06-09,1974,7,Swedish Grand Prix,34,313,187,9,11,+1 Lap,+3 Laps,1.0,0.0
1061,597,1974-06-23,1974,8,Dutch Grand Prix,1,224,305,3,4,Finished,Finished,1.0,0.0
1062,597,1974-06-23,1974,8,Dutch Grand Prix,6,182,223,1,2,Finished,Finished,1.0,0.0
1063,597,1974-06-23,1974,8,Dutch Grand Prix,25,222,221,5,6,Finished,Finished,1.0,0.0
1064,597,1974-06-23,1974,8,Dutch Grand Prix,32,238,235,8,11,+2 Laps,+4 Laps,1.0,0.0
1065,597,1974-06-23,1974,8,Dutch Grand Prix,34,187,199,7,12,Finished,+4 Laps,1.0,0.0
1066,597,1974-06-23,1974,8,Dutch Grand Prix,34,187,313,7,9,Finished,+2 Laps,1.0,0.0
1067,598,1974-07-07,1974,9,French Grand Prix,1,304,305,6,7,Finished,+1 Lap,1.0,0.0
1068,598,1974-07-07,1974,9,French Grand Prix,6,182,223,2,3,Finished,Finished,1.0,0.0
1069,598,1974-07-07,1974,9,French Grand Prix,25,222,221,4,8,Finished,+1 Lap,1.0,0.0
1070,598,1974-07-07,1974,9,French Grand Prix,26,289,265,13,15,+2 Laps,+3 Laps,1.0,0.0
1071,598,1974-07-07,1974,9,French Grand Prix,32,238,235,1,5,Finished,Finished,1.0,0.0
1072,598,1974-07-07,1974,9,French Grand Prix,66,306,296,10,14,+1 Lap,+2 Laps,1.0,0.0
1073,599,1974-07-20,1974,10,British Grand Prix,1,224,304,2,7,Finished,+1 Lap,1.0,0.0
1074,599,1974-07-20,1974,10,British Grand Prix,6,223,182,4,5,Finished,+1 Lap,1.0,0.0
1075,599,1974-07-20,1974,10,British Grand Prix,32,235,238,3,10,Finished,+2 Laps,1.0,0.0
1076,599,1974-07-20,1974,10,British Grand Prix,34,199,187,6,11,+1 Lap,+2 Laps,1.0,0.0
1077,599,1974-07-20,1974,10,British Grand Prix,34,199,250,6,9,+1 Lap,+1 Lap,1.0,0.0
1078,600,1974-08-04,1974,11,German Grand Prix,32,238,235,4,5,Finished,Finished,1.0,0.0
1079,600,1974-08-04,1974,11,German Grand Prix,34,199,250,3,12,Finished,Finished,1.0,0.0
1080,600,1974-08-04,1974,11,German Grand Prix,37,233,230,7,13,Finished,Finished,1.0,0.0
1081,600,1974-08-04,1974,11,German Grand Prix,58,252,197,6,8,Finished,Finished,1.0,0.0
1082,601,1974-08-18,1974,12,Austrian Grand Prix,1,304,322,2,7,Finished,+1 Lap,1.0,0.0
1083,601,1974-08-18,1974,12,Austrian Grand Prix,34,199,187,1,4,Finished,Finished,1.0,0.0
1084,602,1974-09-08,1974,13,Italian Grand Prix,1,224,304,2,6,Finished,+1 Lap,1.0,0.0
1085,602,1974-09-08,1974,13,Italian Grand Prix,1,224,322,2,9,Finished,+1 Lap,1.0,0.0
1086,602,1974-09-08,1974,13,Italian Grand Prix,25,222,221,3,11,Finished,+2 Laps,1.0,0.0
1087,602,1974-09-08,1974,13,Italian Grand Prix,34,250,187,5,7,+1 Lap,+1 Lap,1.0,0.0
1088,603,1974-09-22,1974,14,Canadian Grand Prix,1,224,200,1,16,Finished,+8 Laps,1.0,0.0
1089,603,1974-09-22,1974,14,Canadian Grand Prix,1,224,304,1,6,Finished,+1 Lap,1.0,0.0
1090,603,1974-09-22,1974,14,Canadian Grand Prix,26,243,289,11,14,+2 Laps,+3 Laps,1.0,0.0
1091,603,1974-09-22,1974,14,Canadian Grand Prix,32,238,235,3,13,Finished,+2 Laps,1.0,0.0
1092,603,1974-09-22,1974,14,Canadian Grand Prix,34,250,199,8,9,+1 Lap,+1 Lap,1.0,0.0
1093,604,1974-10-06,1974,15,United States Grand Prix,1,224,200,4,7,Finished,Finished,1.0,0.0
1094,604,1974-10-06,1974,15,United States Grand Prix,26,289,243,8,12,+1 Lap,+5 Laps,1.0,0.0
1095,604,1974-10-06,1974,15,United States Grand Prix,34,199,187,1,5,Finished,Finished,1.0,0.0
1096,604,1974-10-06,1974,15,United States Grand Prix,34,199,250,1,2,Finished,Finished,1.0,0.0
1097,576,1975-01-12,1975,1,Argentine Grand Prix,1,224,200,1,14,Finished,+3 Laps,1.0,0.0
1098,576,1975-01-12,1975,1,Argentine Grand Prix,6,223,182,4,6,Finished,Finished,1.0,0.0
1099,576,1975-01-12,1975,1,Argentine Grand Prix,25,221,222,5,11,Finished,+1 Lap,1.0,0.0
1100,576,1975-01-12,1975,1,Argentine Grand Prix,26,289,243,10,13,+1 Lap,+2 Laps,1.0,0.0
1101,577,1975-01-26,1975,2,Brazilian Grand Prix,1,224,200,2,3,Finished,Finished,1.0,0.0
1102,577,1975-01-26,1975,2,Brazilian Grand Prix,6,223,182,4,5,Finished,Finished,1.0,0.0
1103,577,1975-01-26,1975,2,Brazilian Grand Prix,26,289,243,12,14,+1 Lap,+1 Lap,1.0,0.0
1104,577,1975-01-26,1975,2,Brazilian Grand Prix,32,235,238,9,15,Finished,+2 Laps,1.0,0.0
1105,577,1975-01-26,1975,2,Brazilian Grand Prix,34,250,199,1,8,Finished,Finished,1.0,0.0
1106,578,1975-03-01,1975,3,South African Grand Prix,1,200,293,6,14,Finished,+2 Laps,1.0,0.0
1107,578,1975-03-01,1975,3,South African Grand Prix,25,222,221,1,3,Finished,Finished,1.0,0.0
1108,578,1975-03-01,1975,3,South African Grand Prix,32,238,235,10,12,+1 Lap,+2 Laps,1.0,0.0
1109,578,1975-03-01,1975,3,South African Grand Prix,32,238,291,10,11,+1 Lap,+2 Laps,1.0,0.0
1110,578,1975-03-01,1975,3,South African Grand Prix,32,238,292,10,13,+1 Lap,+2 Laps,1.0,0.0
1111,578,1975-03-01,1975,3,South African Grand Prix,34,199,250,2,4,Finished,Finished,1.0,0.0
1112,579,1975-04-27,1975,4,Spanish Grand Prix,37,230,275,5,6,+1 Lap,+2 Laps,1.0,0.0
1113,580,1975-05-11,1975,5,Monaco Grand Prix,1,224,200,2,6,Finished,Finished,1.0,0.0
1114,580,1975-05-11,1975,5,Monaco Grand Prix,25,221,222,5,7,Finished,+1 Lap,1.0,0.0
1115,580,1975-05-11,1975,5,Monaco Grand Prix,32,238,235,4,8,Finished,+1 Lap,1.0,0.0
1116,580,1975-05-11,1975,5,Monaco Grand Prix,34,250,199,3,9,Finished,+2 Laps,1.0,0.0
1117,581,1975-05-25,1975,6,Belgian Grand Prix,6,182,223,1,5,Finished,Finished,1.0,0.0
1118,581,1975-05-25,1975,6,Belgian Grand Prix,25,222,221,2,4,Finished,Finished,1.0,0.0
1119,581,1975-05-25,1975,6,Belgian Grand Prix,34,199,250,3,8,Finished,+1 Lap,1.0,0.0
1120,582,1975-06-08,1975,7,Swedish Grand Prix,6,182,223,1,3,Finished,Finished,1.0,0.0
1121,582,1975-06-08,1975,7,Swedish Grand Prix,25,222,221,7,12,+1 Lap,+2 Laps,1.0,0.0
1122,582,1975-06-08,1975,7,Swedish Grand Prix,32,238,235,9,15,+1 Lap,+3 Laps,1.0,0.0
1123,583,1975-06-22,1975,8,Dutch Grand Prix,6,182,223,2,3,Finished,Finished,1.0,0.0
1124,583,1975-06-22,1975,8,Dutch Grand Prix,34,199,250,4,5,+1 Lap,+1 Lap,1.0,0.0
1125,583,1975-06-22,1975,8,Dutch Grand Prix,75,294,178,7,13,+1 Lap,+5 Laps,1.0,0.0
1126,584,1975-07-06,1975,9,French Grand Prix,1,200,224,3,4,Finished,Finished,1.0,0.0
1127,584,1975-07-06,1975,9,French Grand Prix,25,221,219,6,12,Finished,Finished,1.0,0.0
1128,584,1975-07-06,1975,9,French Grand Prix,25,221,222,6,9,Finished,Finished,1.0,0.0
1129,584,1975-07-06,1975,9,French Grand Prix,75,294,178,7,16,Finished,+1 Lap,1.0,0.0
1130,585,1975-07-19,1975,10,British Grand Prix,6,182,223,8,13,+2 Laps,+2 Laps,1.0,0.0
1131,587,1975-08-17,1975,12,Austrian Grand Prix,1,200,224,4,9,Finished,+1 Lap,1.0,0.0
1132,587,1975-08-17,1975,12,Austrian Grand Prix,6,182,223,6,7,Finished,Finished,1.0,0.0
1133,587,1975-08-17,1975,12,Austrian Grand Prix,25,222,221,8,11,+1 Lap,+1 Lap,1.0,0.0
1134,587,1975-08-17,1975,12,Austrian Grand Prix,37,230,275,1,17,Finished,+3 Laps,1.0,0.0
1135,587,1975-08-17,1975,12,Austrian Grand Prix,64,231,239,2,13,Finished,+1 Lap,1.0,0.0
1136,587,1975-08-17,1975,12,Austrian Grand Prix,75,294,243,15,16,+1 Lap,+2 Laps,1.0,0.0
1137,588,1975-09-07,1975,13,Italian Grand Prix,6,223,182,1,3,Finished,Finished,1.0,0.0
1138,588,1975-09-07,1975,13,Italian Grand Prix,25,221,222,7,8,+1 Lap,+1 Lap,1.0,0.0
1139,588,1975-09-07,1975,13,Italian Grand Prix,64,231,229,5,9,Finished,+1 Lap,1.0,0.0
1140,588,1975-09-07,1975,13,Italian Grand Prix,64,231,239,5,10,Finished,+2 Laps,1.0,0.0
1141,589,1975-10-05,1975,14,United States Grand Prix,1,224,200,2,3,Finished,Finished,1.0,0.0
1142,589,1975-10-05,1975,14,United States Grand Prix,37,230,233,7,8,Finished,+1 Lap,1.0,0.0
1143,560,1976-01-25,1976,1,Brazilian Grand Prix,6,182,223,1,7,Finished,Finished,1.0,0.0
1144,560,1976-01-25,1976,1,Brazilian Grand Prix,25,221,222,2,5,Finished,Finished,1.0,0.0
1145,560,1976-01-25,1976,1,Brazilian Grand Prix,37,233,275,4,14,Finished,+4 Laps,1.0,0.0
1146,560,1976-01-25,1976,1,Brazilian Grand Prix,56,253,224,11,13,+1 Lap,+3 Laps,1.0,0.0
1147,561,1976-03-06,1976,2,South African Grand Prix,1,231,200,2,3,Finished,Finished,1.0,0.0
1148,561,1976-03-06,1976,2,South African Grand Prix,25,222,221,4,9,Finished,+1 Lap,1.0,0.0
1149,561,1976-03-06,1976,2,South African Grand Prix,37,230,233,8,12,+1 Lap,+2 Laps,1.0,0.0
1150,561,1976-03-06,1976,2,South African Grand Prix,59,277,235,13,16,+2 Laps,+5 Laps,1.0,0.0
1151,562,1976-03-28,1976,3,United States Grand Prix West,6,223,182,1,2,Finished,Finished,1.0,0.0
1152,563,1976-05-02,1976,4,Spanish Grand Prix,6,182,223,2,11,Finished,+3 Laps,1.0,0.0
1153,563,1976-05-02,1976,4,Spanish Grand Prix,59,235,277,7,10,+1 Lap,+2 Laps,1.0,0.0
1154,563,1976-05-02,1976,4,Spanish Grand Prix,204,199,250,4,6,+1 Lap,+1 Lap,1.0,0.0
1155,564,1976-05-16,1976,5,Belgian Grand Prix,6,182,223,1,2,Finished,Finished,1.0,0.0
1156,564,1976-05-16,1976,5,Belgian Grand Prix,58,197,252,9,10,+1 Lap,+2 Laps,1.0,0.0
1157,565,1976-05-30,1976,6,Monaco Grand Prix,25,222,221,2,3,Finished,Finished,1.0,0.0
1158,565,1976-05-30,1976,6,Monaco Grand Prix,58,252,197,7,8,+1 Lap,+2 Laps,1.0,0.0
1159,566,1976-06-13,1976,7,Swedish Grand Prix,1,231,200,5,11,Finished,+1 Lap,1.0,0.0
1160,566,1976-06-13,1976,7,Swedish Grand Prix,6,182,223,3,6,Finished,Finished,1.0,0.0
1161,566,1976-06-13,1976,7,Swedish Grand Prix,25,222,221,1,2,Finished,Finished,1.0,0.0
1162,566,1976-06-13,1976,7,Swedish Grand Prix,37,238,230,7,10,Finished,+1 Lap,1.0,0.0
1163,566,1976-06-13,1976,7,Swedish Grand Prix,58,252,197,9,12,+1 Lap,+1 Lap,1.0,0.0
1164,566,1976-06-13,1976,7,Swedish Grand Prix,63,178,239,13,15,+1 Lap,+2 Laps,1.0,0.0
1165,567,1976-07-04,1976,8,French Grand Prix,1,231,200,1,15,Finished,+1 Lap,1.0,0.0
1166,567,1976-07-04,1976,8,French Grand Prix,25,221,222,2,6,Finished,Finished,1.0,0.0
1167,567,1976-07-04,1976,8,French Grand Prix,37,233,232,7,9,Finished,Finished,1.0,0.0
1168,567,1976-07-04,1976,8,French Grand Prix,58,252,197,8,12,Finished,+1 Lap,1.0,0.0
1169,567,1976-07-04,1976,8,French Grand Prix,59,235,277,10,13,+1 Lap,+1 Lap,1.0,0.0
1170,567,1976-07-04,1976,8,French Grand Prix,204,250,199,4,11,Finished,+1 Lap,1.0,0.0
1171,568,1976-07-18,1976,9,British Grand Prix,58,252,197,4,9,+1 Lap,+6 Laps,1.0,0.0
1172,569,1976-08-01,1976,10,German Grand Prix,1,231,200,1,3,Finished,Finished,1.0,0.0
1173,569,1976-08-01,1976,10,German Grand Prix,25,222,284,2,14,Finished,+1 Lap,1.0,0.0
1174,569,1976-08-01,1976,10,German Grand Prix,32,255,207,5,12,Finished,Finished,1.0,0.0
1175,569,1976-08-01,1976,10,German Grand Prix,58,252,197,8,11,Finished,Finished,1.0,0.0
1176,569,1976-08-01,1976,10,German Grand Prix,204,250,243,4,6,Finished,Finished,1.0,0.0
1177,570,1976-08-15,1976,11,Austrian Grand Prix,1,231,200,4,7,Finished,Finished,1.0,0.0
1178,570,1976-08-15,1976,11,Austrian Grand Prix,32,255,207,3,5,Finished,Finished,1.0,0.0
1179,571,1976-08-29,1976,12,Dutch Grand Prix,1,231,200,1,9,Finished,+1 Lap,1.0,0.0
1180,571,1976-08-29,1976,12,Dutch Grand Prix,25,222,221,5,7,Finished,Finished,1.0,0.0
1181,571,1976-08-29,1976,12,Dutch Grand Prix,58,252,197,4,10,Finished,+1 Lap,1.0,0.0
1182,571,1976-08-29,1976,12,Dutch Grand Prix,63,178,280,8,11,+1 Lap,+1 Lap,1.0,0.0
1183,572,1976-09-12,1976,13,Italian Grand Prix,6,223,182,2,4,Finished,Finished,1.0,0.0
1184,572,1976-09-12,1976,13,Italian Grand Prix,6,223,199,2,9,Finished,Finished,1.0,0.0
1185,572,1976-09-12,1976,13,Italian Grand Prix,25,222,221,5,6,Finished,Finished,1.0,0.0
1186,572,1976-09-12,1976,13,Italian Grand Prix,25,222,284,5,18,Finished,+3 Laps,1.0,0.0
1187,572,1976-09-12,1976,13,Italian Grand Prix,37,238,230,1,7,Finished,Finished,1.0,0.0
1188,572,1976-09-12,1976,13,Italian Grand Prix,58,252,197,8,19,Finished,+5 Laps,1.0,0.0
1189,572,1976-09-12,1976,13,Italian Grand Prix,63,178,239,12,14,+1 Lap,+2 Laps,1.0,0.0
1190,572,1976-09-12,1976,13,Italian Grand Prix,63,178,280,12,17,+1 Lap,+3 Laps,1.0,0.0
1191,573,1976-10-03,1976,14,Canadian Grand Prix,1,231,200,1,5,Finished,Finished,1.0,0.0
1192,573,1976-10-03,1976,14,Canadian Grand Prix,6,223,182,6,8,Finished,Finished,1.0,0.0
1193,573,1976-10-03,1976,14,Canadian Grand Prix,25,221,222,2,4,Finished,Finished,1.0,0.0
1194,573,1976-10-03,1976,14,Canadian Grand Prix,32,207,255,3,12,Finished,+1 Lap,1.0,0.0
1195,573,1976-10-03,1976,14,Canadian Grand Prix,37,238,230,9,14,+1 Lap,+1 Lap,1.0,0.0
1196,573,1976-10-03,1976,14,Canadian Grand Prix,58,252,197,11,18,+1 Lap,+3 Laps,1.0,0.0
1197,573,1976-10-03,1976,14,Canadian Grand Prix,63,239,178,15,16,+2 Laps,+2 Laps,1.0,0.0
1198,573,1976-10-03,1976,14,Canadian Grand Prix,63,239,280,15,19,+2 Laps,+3 Laps,1.0,0.0
1199,573,1976-10-03,1976,14,Canadian Grand Prix,204,250,256,7,17,Finished,+2 Laps,1.0,0.0
1200,574,1976-10-10,1976,15,United States Grand Prix,1,231,200,1,4,Finished,Finished,1.0,0.0
1201,574,1976-10-10,1976,15,United States Grand Prix,6,182,223,3,7,Finished,+1 Lap,1.0,0.0
1202,574,1976-10-10,1976,15,United States Grand Prix,63,178,239,8,11,+1 Lap,+2 Laps,1.0,0.0
1203,574,1976-10-10,1976,15,United States Grand Prix,64,237,229,12,13,+2 Laps,+5 Laps,1.0,0.0
1204,575,1976-10-24,1976,16,Japanese Grand Prix,32,207,255,1,6,Finished,+1 Lap,1.0,0.0
1205,575,1976-10-24,1976,16,Japanese Grand Prix,63,178,274,4,9,+1 Lap,+3 Laps,1.0,0.0
1206,544,1977-01-23,1977,2,Brazilian Grand Prix,6,199,182,1,3,Finished,Finished,1.0,0.0
1207,544,1977-01-23,1977,2,Brazilian Grand Prix,56,224,253,4,7,+1 Lap,+2 Laps,1.0,0.0
1208,545,1977-03-05,1977,3,South African Grand Prix,1,231,200,4,5,Finished,Finished,1.0,0.0
1209,545,1977-03-05,1977,3,South African Grand Prix,6,182,199,1,8,Finished,Finished,1.0,0.0
1210,545,1977-03-05,1977,3,South African Grand Prix,34,187,250,6,13,Finished,+2 Laps,1.0,0.0
1211,545,1977-03-05,1977,3,South African Grand Prix,63,230,246,7,11,Finished,+1 Lap,1.0,0.0
1212,546,1977-04-03,1977,4,United States Grand Prix West,32,207,255,1,8,Finished,+1 Lap,1.0,0.0
1213,547,1977-05-08,1977,5,Spanish Grand Prix,1,200,208,4,13,Finished,+5 Laps,1.0,0.0
1214,547,1977-05-08,1977,5,Spanish Grand Prix,32,207,255,1,5,Finished,Finished,1.0,0.0
1215,547,1977-05-08,1977,5,Spanish Grand Prix,37,239,251,10,11,+3 Laps,+3 Laps,1.0,0.0
1216,547,1977-05-08,1977,5,Spanish Grand Prix,37,239,258,10,12,+3 Laps,+4 Laps,1.0,0.0
1217,548,1977-05-22,1977,6,Monaco Grand Prix,6,182,199,2,3,Finished,Finished,1.0,0.0
1218,548,1977-05-22,1977,6,Monaco Grand Prix,58,178,119,6,9,Finished,+1 Lap,1.0,0.0
1219,549,1977-06-05,1977,7,Belgian Grand Prix,25,238,221,3,8,Finished,+1 Lap,1.0,0.0
1220,549,1977-06-05,1977,7,Belgian Grand Prix,37,258,232,10,14,+2 Laps,+5 Laps,1.0,0.0
1221,549,1977-06-05,1977,7,Belgian Grand Prix,63,230,256,4,12,Finished,+3 Laps,1.0,0.0
1222,550,1977-06-19,1977,8,Swedish Grand Prix,1,200,231,2,12,Finished,+1 Lap,1.0,0.0
1223,550,1977-06-19,1977,8,Swedish Grand Prix,1,200,239,2,11,Finished,+1 Lap,1.0,0.0
1224,550,1977-06-19,1977,8,Swedish Grand Prix,34,187,233,5,10,Finished,+1 Lap,1.0,0.0
1225,550,1977-06-19,1977,8,Swedish Grand Prix,58,262,178,9,17,Finished,+5 Laps,1.0,0.0
1226,550,1977-06-19,1977,8,Swedish Grand Prix,64,211,229,13,16,+1 Lap,+4 Laps,1.0,0.0
1227,551,1977-07-03,1977,9,French Grand Prix,1,231,200,3,9,Finished,+2 Laps,1.0,0.0
1228,551,1977-07-03,1977,9,French Grand Prix,6,182,199,5,6,Finished,+1 Lap,1.0,0.0
1229,551,1977-07-03,1977,9,French Grand Prix,32,207,255,1,4,Finished,Finished,1.0,0.0
1230,552,1977-07-16,1977,10,British Grand Prix,1,231,200,1,4,Finished,Finished,1.0,0.0
1231,552,1977-07-16,1977,10,British Grand Prix,1,231,203,1,11,Finished,+2 Laps,1.0,0.0
1232,552,1977-07-16,1977,10,British Grand Prix,1,231,239,1,13,Finished,+4 Laps,1.0,0.0
1233,552,1977-07-16,1977,10,British Grand Prix,6,182,199,2,15,Finished,+6 Laps,1.0,0.0
1234,552,1977-07-16,1977,10,British Grand Prix,63,230,267,8,12,+1 Lap,+2 Laps,1.0,0.0
1235,553,1977-07-31,1977,11,German Grand Prix,6,182,199,1,4,Finished,Finished,1.0,0.0
1236,553,1977-07-31,1977,11,German Grand Prix,63,230,267,5,7,Finished,+1 Lap,1.0,0.0
1237,554,1977-08-14,1977,12,Austrian Grand Prix,1,200,239,6,10,+1 Lap,+1 Lap,1.0,0.0
1238,554,1977-08-14,1977,12,Austrian Grand Prix,6,182,199,2,4,Finished,Finished,1.0,0.0
1239,554,1977-08-14,1977,12,Austrian Grand Prix,25,238,221,5,13,Finished,+1 Lap,1.0,0.0
1240,554,1977-08-14,1977,12,Austrian Grand Prix,34,233,187,3,8,Finished,+1 Lap,1.0,0.0
1241,554,1977-08-14,1977,12,Austrian Grand Prix,63,230,267,15,16,+2 Laps,+2 Laps,1.0,0.0
1242,554,1977-08-14,1977,12,Austrian Grand Prix,67,246,197,12,14,+1 Lap,+2 Laps,1.0,0.0
1243,555,1977-08-28,1977,13,Dutch Grand Prix,6,182,199,1,6,Finished,+2 Laps,1.0,0.0
1244,555,1977-08-28,1977,13,Dutch Grand Prix,37,251,237,10,11,+2 Laps,+3 Laps,1.0,0.0
1245,557,1977-10-02,1977,15,United States Grand Prix,1,231,239,1,10,Finished,+2 Laps,1.0,0.0
1246,557,1977-10-02,1977,15,United States Grand Prix,6,182,199,4,6,Finished,+1 Lap,1.0,0.0
1247,557,1977-10-02,1977,15,United States Grand Prix,25,221,238,14,16,+3 Laps,+3 Laps,1.0,0.0
1248,557,1977-10-02,1977,15,United States Grand Prix,37,237,258,15,18,+3 Laps,+4 Laps,1.0,0.0
1249,557,1977-10-02,1977,15,United States Grand Prix,63,246,230,11,19,+2 Laps,+5 Laps,1.0,0.0
1250,557,1977-10-02,1977,15,United States Grand Prix,64,211,270,8,17,+1 Lap,+4 Laps,1.0,0.0
1251,559,1977-10-23,1977,17,Japanese Grand Prix,25,221,272,3,9,Finished,+2 Laps,1.0,0.0
1252,559,1977-10-23,1977,17,Japanese Grand Prix,58,178,119,4,6,Finished,+1 Lap,1.0,0.0
1253,527,1978-01-15,1978,1,Argentine Grand Prix,1,231,175,4,6,Finished,Finished,1.0,0.0
1254,527,1978-01-15,1978,1,Argentine Grand Prix,1,231,239,4,13,Finished,+1 Lap,1.0,0.0
1255,527,1978-01-15,1978,1,Argentine Grand Prix,6,199,203,7,8,Finished,Finished,1.0,0.0
1256,527,1978-01-15,1978,1,Argentine Grand Prix,25,221,202,3,14,Finished,+1 Lap,1.0,0.0
1257,527,1978-01-15,1978,1,Argentine Grand Prix,32,207,238,1,5,Finished,Finished,1.0,0.0
1258,527,1978-01-15,1978,1,Argentine Grand Prix,54,200,197,11,12,Finished,+1 Lap,1.0,0.0
1259,527,1978-01-15,1978,1,Argentine Grand Prix,58,223,233,15,17,+1 Lap,+2 Laps,1.0,0.0
1260,528,1978-01-29,1978,2,Brazilian Grand Prix,34,182,187,3,8,Finished,+2 Laps,1.0,0.0
1261,529,1978-03-04,1978,3,South African Grand Prix,25,221,202,2,6,Finished,+1 Lap,1.0,0.0
1262,529,1978-03-04,1978,3,South African Grand Prix,32,238,207,1,7,Finished,+1 Lap,1.0,0.0
1263,529,1978-03-04,1978,3,South African Grand Prix,32,238,212,1,10,Finished,+1 Lap,1.0,0.0
1264,530,1978-04-02,1978,4,United States Grand Prix West,21,119,243,6,9,+1 Lap,+1 Lap,1.0,0.0
1265,530,1978-04-02,1978,4,United States Grand Prix West,32,207,238,2,4,Finished,Finished,1.0,0.0
1266,531,1978-05-07,1978,5,Monaco Grand Prix,25,221,202,1,5,Finished,Finished,1.0,0.0
1267,531,1978-05-07,1978,5,Monaco Grand Prix,34,182,187,2,4,Finished,Finished,1.0,0.0
1268,532,1978-05-21,1978,6,Belgian Grand Prix,1,239,152,7,8,+1 Lap,+1 Lap,1.0,0.0
1269,532,1978-05-21,1978,6,Belgian Grand Prix,6,199,203,3,4,Finished,Finished,1.0,0.0
1270,532,1978-05-21,1978,6,Belgian Grand Prix,32,207,238,1,2,Finished,Finished,1.0,0.0
1271,533,1978-06-04,1978,7,Spanish Grand Prix,32,207,238,1,2,Finished,Finished,1.0,0.0
1272,533,1978-06-04,1978,7,Spanish Grand Prix,63,230,211,7,11,+1 Lap,+2 Laps,1.0,0.0
1273,534,1978-06-17,1978,8,Swedish Grand Prix,1,175,231,4,8,+1 Lap,+1 Lap,1.0,0.0
1274,534,1978-06-17,1978,8,Swedish Grand Prix,6,203,199,9,10,+1 Lap,+1 Lap,1.0,0.0
1275,534,1978-06-17,1978,8,Swedish Grand Prix,21,119,243,2,14,Finished,+3 Laps,1.0,0.0
1276,534,1978-06-17,1978,8,Swedish Grand Prix,32,238,212,3,12,Finished,+2 Laps,1.0,0.0
1277,534,1978-06-17,1978,8,Swedish Grand Prix,54,200,177,13,15,+2 Laps,+7 Laps,1.0,0.0
1278,534,1978-06-17,1978,8,Swedish Grand Prix,58,223,233,5,11,+1 Lap,+2 Laps,1.0,0.0
1279,535,1978-07-02,1978,9,French Grand Prix,1,231,175,3,9,Finished,Finished,1.0,0.0
1280,535,1978-07-02,1978,9,French Grand Prix,6,203,199,12,18,+1 Lap,+5 Laps,1.0,0.0
1281,535,1978-07-02,1978,9,French Grand Prix,21,119,243,8,15,Finished,+1 Lap,1.0,0.0
1282,535,1978-07-02,1978,9,French Grand Prix,32,207,238,1,2,Finished,Finished,1.0,0.0
1283,535,1978-07-02,1978,9,French Grand Prix,54,200,177,13,16,+1 Lap,+2 Laps,1.0,0.0
1284,536,1978-07-16,1978,10,British Grand Prix,1,175,152,6,7,+1 Lap,+1 Lap,1.0,0.0
1285,536,1978-07-16,1978,10,British Grand Prix,1,175,239,6,8,+1 Lap,+1 Lap,1.0,0.0
1286,536,1978-07-16,1978,10,British Grand Prix,34,182,187,2,3,Finished,Finished,1.0,0.0
1287,537,1978-07-30,1978,11,German Grand Prix,32,207,212,1,6,Finished,Finished,1.0,0.0
1288,537,1978-07-30,1978,11,German Grand Prix,59,222,177,2,10,Finished,+3 Laps,1.0,0.0
1289,539,1978-08-27,1978,13,Dutch Grand Prix,1,175,231,9,10,+1 Lap,+1 Lap,1.0,0.0
1290,539,1978-08-27,1978,13,Dutch Grand Prix,6,203,199,6,7,Finished,Finished,1.0,0.0
1291,539,1978-08-27,1978,13,Dutch Grand Prix,32,207,212,1,11,Finished,+1 Lap,1.0,0.0
1292,539,1978-08-27,1978,13,Dutch Grand Prix,32,207,238,1,2,Finished,Finished,1.0,0.0
1293,539,1978-08-27,1978,13,Dutch Grand Prix,34,182,187,3,4,Finished,Finished,1.0,0.0
1294,540,1978-09-10,1978,14,Italian Grand Prix,1,175,137,5,9,Finished,Finished,1.0,0.0
1295,540,1978-09-10,1978,14,Italian Grand Prix,1,175,152,5,14,Finished,+1 Lap,1.0,0.0
1296,540,1978-09-10,1978,14,Italian Grand Prix,6,199,203,3,7,Finished,Finished,1.0,0.0
1297,540,1978-09-10,1978,14,Italian Grand Prix,34,182,187,1,2,Finished,Finished,1.0,0.0
1298,541,1978-10-01,1978,15,United States Grand Prix,1,175,231,6,7,Finished,+1 Lap,1.0,0.0
1299,541,1978-10-01,1978,15,United States Grand Prix,57,206,239,8,13,+1 Lap,+1 Lap,1.0,0.0
1300,541,1978-10-01,1978,15,United States Grand Prix,59,222,249,3,12,Finished,+1 Lap,1.0,0.0
1301,542,1978-10-08,1978,16,Canadian Grand Prix,6,203,199,1,3,Finished,Finished,1.0,0.0
1302,542,1978-10-08,1978,16,Canadian Grand Prix,25,221,202,5,7,Finished,Finished,1.0,0.0
1303,512,1979-01-21,1979,1,Argentine Grand Prix,3,178,223,9,10,+2 Laps,+2 Laps,1.0,0.0
1304,512,1979-01-21,1979,1,Argentine Grand Prix,27,172,221,1,4,Finished,Finished,1.0,0.0
1305,512,1979-01-21,1979,1,Argentine Grand Prix,32,199,207,2,5,Finished,+1 Lap,1.0,0.0
1306,513,1979-02-04,1979,2,Brazilian Grand Prix,6,203,222,5,6,+1 Lap,+1 Lap,1.0,0.0
1307,513,1979-02-04,1979,2,Brazilian Grand Prix,21,200,119,7,9,+1 Lap,+1 Lap,1.0,0.0
1308,513,1979-02-04,1979,2,Brazilian Grand Prix,27,172,221,1,2,Finished,Finished,1.0,0.0
1309,513,1979-02-04,1979,2,Brazilian Grand Prix,58,173,136,12,14,+1 Lap,+1 Lap,1.0,0.0
1310,514,1979-03-03,1979,3,South African Grand Prix,6,203,222,1,2,Finished,Finished,1.0,0.0
1311,514,1979-03-03,1979,3,South African Grand Prix,21,119,200,11,12,+3 Laps,+4 Laps,1.0,0.0
1312,514,1979-03-03,1979,3,South African Grand Prix,32,207,199,4,5,Finished,Finished,1.0,0.0
1313,514,1979-03-03,1979,3,South African Grand Prix,204,182,137,6,7,+1 Lap,+1 Lap,1.0,0.0
1314,515,1979-04-08,1979,4,United States Grand Prix West,6,203,222,1,2,Finished,Finished,1.0,0.0
1315,516,1979-04-29,1979,5,Spanish Grand Prix,6,222,203,4,7,Finished,Finished,1.0,0.0
1316,516,1979-04-29,1979,5,Spanish Grand Prix,21,200,119,8,10,Finished,+1 Lap,1.0,0.0
1317,516,1979-04-29,1979,5,Spanish Grand Prix,25,197,202,5,6,Finished,Finished,1.0,0.0
1318,516,1979-04-29,1979,5,Spanish Grand Prix,32,199,207,2,3,Finished,Finished,1.0,0.0
1319,517,1979-05-13,1979,6,Belgian Grand Prix,6,222,203,1,7,Finished,+1 Lap,1.0,0.0
1320,517,1979-05-13,1979,6,Belgian Grand Prix,25,202,197,3,11,Finished,+3 Laps,1.0,0.0
1321,519,1979-07-01,1979,8,French Grand Prix,1,175,187,10,11,+2 Laps,+2 Laps,1.0,0.0
1322,519,1979-07-01,1979,8,French Grand Prix,3,178,223,4,6,Finished,Finished,1.0,0.0
1323,519,1979-07-01,1979,8,French Grand Prix,4,219,163,1,3,Finished,Finished,1.0,0.0
1324,519,1979-07-01,1979,8,French Grand Prix,6,203,222,2,7,Finished,+1 Lap,1.0,0.0
1325,519,1979-07-01,1979,8,French Grand Prix,21,119,200,14,15,+3 Laps,+5 Laps,1.0,0.0
1326,519,1979-07-01,1979,8,French Grand Prix,32,212,199,12,13,+2 Laps,+3 Laps,1.0,0.0
1327,519,1979-07-01,1979,8,French Grand Prix,58,173,136,16,18,+5 Laps,+7 Laps,1.0,0.0
1328,520,1979-07-14,1979,9,British Grand Prix,25,197,202,3,10,+1 Lap,+2 Laps,1.0,0.0
1329,520,1979-07-14,1979,9,British Grand Prix,32,199,212,8,9,+2 Laps,+2 Laps,1.0,0.0
1330,520,1979-07-14,1979,9,British Grand Prix,58,136,173,11,12,+3 Laps,+3 Laps,1.0,0.0
1331,521,1979-07-29,1979,10,German Grand Prix,3,178,223,1,2,Finished,Finished,1.0,0.0
1332,521,1979-07-29,1979,10,German Grand Prix,6,222,203,4,8,Finished,+1 Lap,1.0,0.0
1333,521,1979-07-29,1979,10,German Grand Prix,25,209,202,7,9,+1 Lap,+1 Lap,1.0,0.0
1334,521,1979-07-29,1979,10,German Grand Prix,58,136,173,10,11,+1 Lap,+2 Laps,1.0,0.0
1335,522,1979-08-12,1979,11,Austrian Grand Prix,1,187,175,9,10,+1 Lap,+1 Lap,1.0,0.0
1336,522,1979-08-12,1979,11,Austrian Grand Prix,3,178,223,1,5,Finished,Finished,1.0,0.0
1337,522,1979-08-12,1979,11,Austrian Grand Prix,6,203,222,2,4,Finished,Finished,1.0,0.0
1338,522,1979-08-12,1979,11,Austrian Grand Prix,25,202,206,7,8,+1 Lap,+1 Lap,1.0,0.0
1339,523,1979-08-26,1979,12,Dutch Grand Prix,27,172,235,3,5,Finished,+1 Lap,1.0,0.0
1340,524,1979-09-09,1979,13,Italian Grand Prix,3,223,178,3,9,Finished,+1 Lap,1.0,0.0
1341,524,1979-09-09,1979,13,Italian Grand Prix,6,222,203,1,2,Finished,Finished,1.0,0.0
1342,524,1979-09-09,1979,13,Italian Grand Prix,25,197,202,6,10,Finished,+1 Lap,1.0,0.0
1343,524,1979-09-09,1979,13,Italian Grand Prix,32,207,199,5,7,Finished,Finished,1.0,0.0
1344,525,1979-09-30,1979,14,Canadian Grand Prix,3,178,223,1,3,Finished,Finished,1.0,0.0
1345,525,1979-09-30,1979,14,Canadian Grand Prix,6,203,222,2,4,Finished,+1 Lap,1.0,0.0
1346,498,1980-01-13,1980,1,Argentine Grand Prix,34,137,217,2,7,Finished,+2 Laps,1.0,0.0
1347,499,1980-01-27,1980,2,Brazilian Grand Prix,1,117,187,5,11,Finished,+1 Lap,1.0,0.0
1348,499,1980-01-27,1980,2,Brazilian Grand Prix,21,119,200,6,10,+1 Lap,+1 Lap,1.0,0.0
1349,499,1980-01-27,1980,2,Brazilian Grand Prix,25,197,206,12,14,+1 Lap,+2 Laps,1.0,0.0
1350,499,1980-01-27,1980,2,Brazilian Grand Prix,56,177,224,9,15,+1 Lap,+2 Laps,1.0,0.0
1351,500,1980-03-01,1980,3,South African Grand Prix,27,172,202,2,3,Finished,Finished,1.0,0.0
1352,500,1980-03-01,1980,3,South African Grand Prix,34,137,217,4,10,Finished,+1 Lap,1.0,0.0
1353,501,1980-03-30,1980,4,United States Grand Prix West,4,163,219,9,10,+2 Laps,+9 Laps,1.0,0.0
1354,501,1980-03-30,1980,4,United States Grand Prix West,21,119,200,2,7,Finished,+1 Lap,1.0,0.0
1355,502,1980-05-04,1980,5,Belgian Grand Prix,3,178,199,2,3,Finished,Finished,1.0,0.0
1356,502,1980-05-04,1980,5,Belgian Grand Prix,6,203,222,6,8,+1 Lap,+2 Laps,1.0,0.0
1357,502,1980-05-04,1980,5,Belgian Grand Prix,25,197,206,5,9,+1 Lap,+2 Laps,1.0,0.0
1358,502,1980-05-04,1980,5,Belgian Grand Prix,27,202,172,1,11,Finished,+4 Laps,1.0,0.0
1359,503,1980-05-18,1980,6,Monaco Grand Prix,21,200,119,4,8,+1 Lap,+3 Laps,1.0,0.0
1360,504,1980-06-29,1980,7,French Grand Prix,3,178,199,1,6,Finished,Finished,1.0,0.0
1361,504,1980-06-29,1980,7,French Grand Prix,6,203,222,8,12,+1 Lap,+2 Laps,1.0,0.0
1362,504,1980-06-29,1980,7,French Grand Prix,21,119,200,9,10,+1 Lap,+1 Lap,1.0,0.0
1363,504,1980-06-29,1980,7,French Grand Prix,25,206,197,11,14,+2 Laps,+4 Laps,1.0,0.0
1364,504,1980-06-29,1980,7,French Grand Prix,27,202,172,2,3,Finished,Finished,1.0,0.0
1365,505,1980-07-13,1980,8,British Grand Prix,3,178,199,1,3,Finished,Finished,1.0,0.0
1366,505,1980-07-13,1980,8,British Grand Prix,3,178,211,1,11,Finished,+3 Laps,1.0,0.0
1367,505,1980-07-13,1980,8,British Grand Prix,21,119,200,9,13,+3 Laps,+7 Laps,1.0,0.0
1368,505,1980-07-13,1980,8,British Grand Prix,25,206,197,4,5,+1 Lap,+1 Lap,1.0,0.0
1369,505,1980-07-13,1980,8,British Grand Prix,34,137,212,2,7,Finished,+2 Laps,1.0,0.0
1370,506,1980-08-10,1980,9,German Grand Prix,3,199,178,2,3,Finished,Finished,1.0,0.0
1371,506,1980-08-10,1980,9,German Grand Prix,6,203,222,6,13,Finished,+1 Lap,1.0,0.0
1372,506,1980-08-10,1980,9,German Grand Prix,21,200,119,8,9,Finished,+1 Lap,1.0,0.0
1373,506,1980-08-10,1980,9,German Grand Prix,25,206,197,10,15,+1 Lap,+1 Lap,1.0,0.0
1374,507,1980-08-17,1980,10,Austrian Grand Prix,3,178,199,2,3,Finished,Finished,1.0,0.0
1375,507,1980-08-17,1980,10,Austrian Grand Prix,3,178,211,2,15,Finished,+2 Laps,1.0,0.0
1376,507,1980-08-17,1980,10,Austrian Grand Prix,4,219,163,1,9,Finished,+1 Lap,1.0,0.0
1377,507,1980-08-17,1980,10,Austrian Grand Prix,6,203,222,8,13,+1 Lap,+1 Lap,1.0,0.0
1378,507,1980-08-17,1980,10,Austrian Grand Prix,34,137,212,5,10,Finished,+1 Lap,1.0,0.0
1379,507,1980-08-17,1980,10,Austrian Grand Prix,56,224,177,11,16,+1 Lap,+2 Laps,1.0,0.0
1380,508,1980-08-31,1980,11,Dutch Grand Prix,3,199,178,4,11,Finished,+3 Laps,1.0,0.0
1381,508,1980-08-31,1980,11,Dutch Grand Prix,6,203,222,7,9,+1 Lap,+2 Laps,1.0,0.0
1382,509,1980-09-14,1980,12,Italian Grand Prix,3,178,199,2,3,Finished,Finished,1.0,0.0
1383,509,1980-09-14,1980,12,Italian Grand Prix,3,178,211,2,11,Finished,+2 Laps,1.0,0.0
1384,509,1980-09-14,1980,12,Italian Grand Prix,27,202,172,6,9,+1 Lap,+1 Lap,1.0,0.0
1385,510,1980-09-28,1980,13,Canadian Grand Prix,3,178,199,1,2,Finished,Finished,1.0,0.0
1386,511,1980-10-05,1980,14,United States Grand Prix,3,178,199,1,2,Finished,Finished,1.0,0.0
1387,511,1980-10-05,1980,14,United States Grand Prix,3,178,211,1,9,Finished,+2 Laps,1.0,0.0
1388,511,1980-10-05,1980,14,United States Grand Prix,27,202,172,3,5,Finished,+1 Lap,1.0,0.0
1389,511,1980-10-05,1980,14,United States Grand Prix,32,173,207,4,6,Finished,+1 Lap,1.0,0.0
1390,483,1981-03-15,1981,1,United States Grand Prix West,3,178,199,1,2,Finished,Finished,1.0,0.0
1391,484,1981-03-29,1981,2,Brazilian Grand Prix,3,199,178,1,2,Finished,Finished,1.0,0.0
1392,484,1981-03-29,1981,2,Brazilian Grand Prix,27,172,197,6,7,Finished,Finished,1.0,0.0
1393,484,1981-03-29,1981,2,Brazilian Grand Prix,32,173,95,5,11,Finished,+1 Lap,1.0,0.0
1394,485,1981-04-12,1981,3,Argentine Grand Prix,3,199,178,2,4,Finished,Finished,1.0,0.0
1395,485,1981-04-12,1981,3,Argentine Grand Prix,4,117,163,3,5,Finished,Finished,1.0,0.0
1396,485,1981-04-12,1981,3,Argentine Grand Prix,21,119,216,7,9,+1 Lap,+1 Lap,1.0,0.0
1397,486,1981-05-03,1981,4,San Marino Grand Prix,1,110,187,6,10,Finished,+2 Laps,1.0,0.0
1398,486,1981-05-03,1981,4,San Marino Grand Prix,3,199,178,3,12,Finished,+2 Laps,1.0,0.0
1399,486,1981-05-03,1981,4,San Marino Grand Prix,6,202,203,5,7,Finished,Finished,1.0,0.0
1400,486,1981-05-03,1981,4,San Marino Grand Prix,34,137,212,1,4,Finished,Finished,1.0,0.0
1401,487,1981-05-17,1981,5,Belgian Grand Prix,6,203,202,4,8,Finished,Finished,1.0,0.0
1402,487,1981-05-17,1981,5,Belgian Grand Prix,25,158,105,6,12,Finished,+2 Laps,1.0,0.0
1403,487,1981-05-17,1981,5,Belgian Grand Prix,32,95,173,3,5,Finished,Finished,1.0,0.0
1404,487,1981-05-17,1981,5,Belgian Grand Prix,51,152,207,9,10,Finished,+1 Lap,1.0,0.0
1405,488,1981-05-31,1981,6,Monaco Grand Prix,6,203,202,1,4,Finished,+1 Lap,1.0,0.0
1406,489,1981-06-21,1981,7,Spanish Grand Prix,3,199,178,4,7,Finished,Finished,1.0,0.0
1407,489,1981-06-21,1981,7,Spanish Grand Prix,6,203,202,1,15,Finished,+4 Laps,1.0,0.0
1408,489,1981-06-21,1981,7,Spanish Grand Prix,32,173,95,5,6,Finished,Finished,1.0,0.0
1409,489,1981-06-21,1981,7,Spanish Grand Prix,51,207,152,8,10,Finished,Finished,1.0,0.0
1410,489,1981-06-21,1981,7,Spanish Grand Prix,56,192,177,11,12,+1 Lap,+2 Laps,1.0,0.0
1411,490,1981-07-05,1981,8,French Grand Prix,1,187,110,2,11,Finished,+2 Laps,1.0,0.0
1412,490,1981-07-05,1981,8,French Grand Prix,4,117,163,1,4,Finished,Finished,1.0,0.0
1413,490,1981-07-05,1981,8,French Grand Prix,25,158,105,13,16,+3 Laps,+3 Laps,1.0,0.0
1414,490,1981-07-05,1981,8,French Grand Prix,32,173,95,6,7,+1 Lap,+1 Lap,1.0,0.0
1415,490,1981-07-05,1981,8,French Grand Prix,34,137,212,3,9,Finished,+2 Laps,1.0,0.0
1416,490,1981-07-05,1981,8,French Grand Prix,51,207,152,8,15,+1 Lap,+3 Laps,1.0,0.0
1417,492,1981-08-02,1981,10,German Grand Prix,4,117,163,2,13,Finished,+1 Lap,1.0,0.0
1418,492,1981-08-02,1981,10,German Grand Prix,34,137,212,1,4,Finished,Finished,1.0,0.0
1419,492,1981-08-02,1981,10,German Grand Prix,51,207,152,9,15,+1 Lap,+2 Laps,1.0,0.0
1420,493,1981-08-16,1981,11,Austrian Grand Prix,1,187,110,6,8,Finished,+1 Lap,1.0,0.0
1421,493,1981-08-16,1981,11,Austrian Grand Prix,3,178,199,4,5,Finished,Finished,1.0,0.0
1422,494,1981-08-30,1981,12,Dutch Grand Prix,34,137,212,2,4,Finished,+1 Lap,1.0,0.0
1423,495,1981-09-13,1981,13,Italian Grand Prix,3,178,199,2,3,Finished,Finished,1.0,0.0
1424,496,1981-09-27,1981,14,Canadian Grand Prix,51,152,207,4,7,+1 Lap,+1 Lap,1.0,0.0
1425,497,1981-10-17,1981,15,Caesars Palace Grand Prix,1,187,110,7,12,Finished,+6 Laps,1.0,0.0
1426,497,1981-10-17,1981,15,Caesars Palace Grand Prix,3,178,199,1,8,Finished,+1 Lap,1.0,0.0
1427,467,1982-01-23,1982,1,South African Grand Prix,1,182,187,4,6,Finished,Finished,1.0,0.0
1428,467,1982-01-23,1982,1,South African Grand Prix,3,199,177,2,5,Finished,Finished,1.0,0.0
1429,467,1982-01-23,1982,1,South African Grand Prix,4,117,163,1,3,Finished,Finished,1.0,0.0
1430,467,1982-01-23,1982,1,South African Grand Prix,25,105,201,7,16,+1 Lap,+5 Laps,1.0,0.0
1431,467,1982-01-23,1982,1,South African Grand Prix,37,200,196,12,15,+3 Laps,+5 Laps,1.0,0.0
1432,467,1982-01-23,1982,1,South African Grand Prix,51,152,110,11,13,+3 Laps,+4 Laps,1.0,0.0
1433,467,1982-01-23,1982,1,South African Grand Prix,54,194,181,9,10,+2 Laps,+2 Laps,1.0,0.0
1434,468,1982-03-21,1982,2,Brazilian Grand Prix,25,105,201,4,7,Finished,+2 Laps,1.0,0.0
1435,469,1982-04-04,1982,3,United States Grand Prix West,1,182,187,1,6,Finished,+1 Lap,1.0,0.0
1436,469,1982-04-04,1982,3,United States Grand Prix West,25,105,201,4,10,Finished,+7 Laps,1.0,0.0
1437,469,1982-04-04,1982,3,United States Grand Prix West,32,173,95,5,7,+1 Lap,+2 Laps,1.0,0.0
1438,469,1982-04-04,1982,3,United States Grand Prix West,37,200,196,8,9,+2 Laps,+5 Laps,1.0,0.0
1439,470,1982-04-25,1982,4,San Marino Grand Prix,6,202,203,1,2,Finished,Finished,1.0,0.0
1440,471,1982-05-09,1982,5,Belgian Grand Prix,27,158,172,3,9,+1 Lap,+4 Laps,1.0,0.0
1441,472,1982-05-23,1982,6,Monaco Grand Prix,32,95,173,4,5,+1 Lap,+1 Lap,1.0,0.0
1442,473,1982-06-06,1982,7,Detroit Grand Prix,3,177,206,4,5,Finished,Finished,1.0,0.0
1443,473,1982-06-06,1982,7,Detroit Grand Prix,27,158,172,2,6,Finished,+1 Lap,1.0,0.0
1444,474,1982-06-13,1982,8,Canadian Grand Prix,21,176,184,5,8,+1 Lap,+2 Laps,1.0,0.0
1445,474,1982-06-13,1982,8,Canadian Grand Prix,34,137,119,1,2,Finished,Finished,1.0,0.0
1446,475,1982-07-03,1982,9,Dutch Grand Prix,1,182,187,4,9,Finished,+1 Lap,1.0,0.0
1447,475,1982-07-03,1982,9,Dutch Grand Prix,3,177,206,3,5,Finished,+1 Lap,1.0,0.0
1448,475,1982-07-03,1982,9,Dutch Grand Prix,6,202,175,1,8,Finished,+1 Lap,1.0,0.0
1449,475,1982-07-03,1982,9,Dutch Grand Prix,21,184,176,6,10,+1 Lap,+1 Lap,1.0,0.0
1450,475,1982-07-03,1982,9,Dutch Grand Prix,34,137,119,2,15,Finished,+3 Laps,1.0,0.0
1451,475,1982-07-03,1982,9,Dutch Grand Prix,54,181,194,12,13,+2 Laps,+2 Laps,1.0,0.0
1452,476,1982-07-18,1982,10,British Grand Prix,6,202,175,2,3,Finished,Finished,1.0,0.0
1453,477,1982-07-25,1982,11,French Grand Prix,3,177,206,5,7,Finished,+1 Lap,1.0,0.0
1454,477,1982-07-25,1982,11,French Grand Prix,4,163,117,1,2,Finished,Finished,1.0,0.0
1455,477,1982-07-25,1982,11,French Grand Prix,6,202,175,3,4,Finished,Finished,1.0,0.0
1456,477,1982-07-25,1982,11,French Grand Prix,25,105,205,6,10,Finished,+1 Lap,1.0,0.0
1457,477,1982-07-25,1982,11,French Grand Prix,27,172,158,14,16,+3 Laps,+5 Laps,1.0,0.0
1458,478,1982-08-08,1982,12,German Grand Prix,25,105,205,4,7,+1 Lap,+1 Lap,1.0,0.0
1459,480,1982-08-29,1982,14,Swiss Grand Prix,1,182,187,3,13,Finished,+3 Laps,1.0,0.0
1460,480,1982-08-29,1982,14,Swiss Grand Prix,3,177,206,1,9,Finished,+1 Lap,1.0,0.0
1461,480,1982-08-29,1982,14,Swiss Grand Prix,25,105,205,7,11,+1 Lap,+2 Laps,1.0,0.0
1462,480,1982-08-29,1982,14,Swiss Grand Prix,32,173,95,6,8,+1 Lap,+1 Lap,1.0,0.0
1463,480,1982-08-29,1982,14,Swiss Grand Prix,34,137,119,4,5,+1 Lap,+1 Lap,1.0,0.0
1464,480,1982-08-29,1982,14,Swiss Grand Prix,51,110,152,10,12,+2 Laps,+2 Laps,1.0,0.0
1465,481,1982-09-12,1982,15,Italian Grand Prix,6,175,207,2,3,Finished,Finished,1.0,0.0
1466,482,1982-09-25,1982,16,Caesars Palace Grand Prix,3,177,206,5,6,Finished,+1 Lap,1.0,0.0
1467,482,1982-09-25,1982,16,Caesars Palace Grand Prix,21,176,184,7,11,+1 Lap,+2 Laps,1.0,0.0
1468,482,1982-09-25,1982,16,Caesars Palace Grand Prix,25,105,205,1,8,Finished,+1 Lap,1.0,0.0
1469,482,1982-09-25,1982,16,Caesars Palace Grand Prix,37,211,196,12,13,+2 Laps,+6 Laps,1.0,0.0
1470,482,1982-09-25,1982,16,Caesars Palace Grand Prix,51,110,152,9,10,+2 Laps,+2 Laps,1.0,0.0
1471,452,1983-03-13,1983,1,Brazilian Grand Prix,6,175,163,4,9,Finished,+1 Lap,1.0,0.0
1472,452,1983-03-13,1983,1,Brazilian Grand Prix,21,176,192,5,8,Finished,+1 Lap,1.0,0.0
1473,453,1983-03-27,1983,2,United States Grand Prix West,1,187,182,1,2,Finished,Finished,1.0,0.0
1474,453,1983-03-27,1983,2,United States Grand Prix West,25,193,105,8,9,+2 Laps,+2 Laps,1.0,0.0
1475,454,1983-04-17,1983,3,French Grand Prix,3,177,172,5,6,+1 Lap,+1 Lap,1.0,0.0
1476,454,1983-04-17,1983,3,French Grand Prix,4,117,158,1,3,Finished,Finished,1.0,0.0
1477,454,1983-04-17,1983,3,French Grand Prix,6,175,163,4,7,Finished,+1 Lap,1.0,0.0
1478,455,1983-05-01,1983,4,San Marino Grand Prix,3,177,172,4,7,+1 Lap,+1 Lap,1.0,0.0
1479,455,1983-05-01,1983,4,San Marino Grand Prix,6,175,163,1,3,Finished,+1 Lap,1.0,0.0
1480,455,1983-05-01,1983,4,San Marino Grand Prix,21,176,192,6,8,+1 Lap,+2 Laps,1.0,0.0
1481,457,1983-05-22,1983,6,Belgian Grand Prix,3,177,172,5,6,Finished,Finished,1.0,0.0
1482,457,1983-05-22,1983,6,Belgian Grand Prix,4,117,158,1,3,Finished,Finished,1.0,0.0
1483,457,1983-05-22,1983,6,Belgian Grand Prix,25,193,105,12,14,+1 Lap,+2 Laps,1.0,0.0
1484,457,1983-05-22,1983,6,Belgian Grand Prix,53,118,152,7,8,Finished,Finished,1.0,0.0
1485,458,1983-06-05,1983,7,Detroit Grand Prix,3,177,172,2,5,Finished,Finished,1.0,0.0
1486,458,1983-06-05,1983,7,Detroit Grand Prix,21,123,176,7,11,+1 Lap,+2 Laps,1.0,0.0
1487,459,1983-06-12,1983,8,Canadian Grand Prix,4,158,117,2,5,Finished,+1 Lap,1.0,0.0
1488,459,1983-06-12,1983,8,Canadian Grand Prix,6,163,175,1,3,Finished,Finished,1.0,0.0
1489,460,1983-07-16,1983,9,British Grand Prix,1,182,187,6,9,+1 Lap,+1 Lap,1.0,0.0
1490,460,1983-07-16,1983,9,British Grand Prix,3,177,172,11,12,+2 Laps,+2 Laps,1.0,0.0
1491,460,1983-07-16,1983,9,British Grand Prix,6,175,163,3,5,Finished,Finished,1.0,0.0
1492,460,1983-07-16,1983,9,British Grand Prix,21,123,176,15,17,+2 Laps,+3 Laps,1.0,0.0
1493,460,1983-07-16,1983,9,British Grand Prix,25,105,193,13,14,+2 Laps,+2 Laps,1.0,0.0
1494,460,1983-07-16,1983,9,British Grand Prix,51,184,110,7,8,+1 Lap,+1 Lap,1.0,0.0
1495,461,1983-08-07,1983,10,German Grand Prix,3,172,177,6,10,+1 Lap,+1 Lap,1.0,0.0
1496,461,1983-08-07,1983,10,German Grand Prix,21,176,123,7,9,+1 Lap,+1 Lap,1.0,0.0
1497,462,1983-08-14,1983,11,Austrian Grand Prix,1,182,187,6,9,+2 Laps,+2 Laps,1.0,0.0
1498,462,1983-08-14,1983,11,Austrian Grand Prix,4,117,158,1,4,Finished,Finished,1.0,0.0
1499,462,1983-08-14,1983,11,Austrian Grand Prix,45,190,160,10,11,+3 Laps,+4 Laps,1.0,0.0
1500,463,1983-08-28,1983,12,Dutch Grand Prix,6,163,175,1,2,Finished,Finished,1.0,0.0
1501,464,1983-09-11,1983,13,Italian Grand Prix,6,163,175,2,4,Finished,Finished,1.0,0.0
1502,464,1983-09-11,1983,13,Italian Grand Prix,32,173,95,5,8,Finished,Finished,1.0,0.0
1503,464,1983-09-11,1983,13,Italian Grand Prix,53,118,152,6,7,Finished,Finished,1.0,0.0
1504,464,1983-09-11,1983,13,Italian Grand Prix,55,188,195,12,13,+2 Laps,+2 Laps,1.0,0.0
1505,465,1983-09-25,1983,14,European Grand Prix,4,117,158,2,10,Finished,+1 Lap,1.0,0.0
1506,465,1983-09-25,1983,14,European Grand Prix,34,137,119,1,7,Finished,Finished,1.0,0.0
1507,465,1983-09-25,1983,14,European Grand Prix,53,118,152,5,6,Finished,Finished,1.0,0.0
1508,466,1983-10-15,1983,15,South African Grand Prix,21,176,123,8,9,+2 Laps,+3 Laps,1.0,0.0
1509,466,1983-10-15,1983,15,South African Grand Prix,34,119,137,1,3,Finished,Finished,1.0,0.0
1510,436,1984-03-25,1984,1,Brazilian Grand Prix,21,123,176,6,7,+2 Laps,+2 Laps,1.0,0.0
1511,437,1984-04-07,1984,2,South African Grand Prix,1,182,117,1,2,Finished,Finished,1.0,0.0
1512,437,1984-04-07,1984,2,South African Grand Prix,21,176,123,9,12,+4 Laps,+5 Laps,1.0,0.0
1513,437,1984-04-07,1984,2,South African Grand Prix,27,110,183,5,10,+2 Laps,+4 Laps,1.0,0.0
1514,438,1984-04-29,1984,3,Belgian Grand Prix,4,118,175,2,7,Finished,+2 Laps,1.0,0.0
1515,438,1984-04-29,1984,3,Belgian Grand Prix,6,105,163,1,3,Finished,Finished,1.0,0.0
1516,440,1984-05-20,1984,5,French Grand Prix,1,182,117,1,7,Finished,+1 Lap,1.0,0.0
1517,440,1984-05-20,1984,5,French Grand Prix,3,177,172,6,8,+1 Lap,+1 Lap,1.0,0.0
1518,440,1984-05-20,1984,5,French Grand Prix,32,95,173,3,5,Finished,Finished,1.0,0.0
1519,441,1984-06-03,1984,6,Monaco Grand Prix,3,177,172,4,8,Finished,+1 Lap,1.0,0.0
1520,441,1984-06-03,1984,6,Monaco Grand Prix,6,163,105,3,6,Finished,+1 Lap,1.0,0.0
1521,442,1984-06-17,1984,7,Canadian Grand Prix,1,182,117,2,3,Finished,Finished,1.0,0.0
1522,442,1984-06-17,1984,7,Canadian Grand Prix,32,173,95,4,6,+1 Lap,+2 Laps,1.0,0.0
1523,442,1984-06-17,1984,7,Canadian Grand Prix,53,102,188,7,9,+2 Laps,+2 Laps,1.0,0.0
1524,443,1984-06-24,1984,8,Detroit Grand Prix,34,137,170,1,3,Finished,Finished,1.0,0.0
1525,444,1984-07-08,1984,9,Dallas Grand Prix,3,177,172,1,4,Finished,+2 Laps,1.0,0.0
1526,445,1984-07-22,1984,10,British Grand Prix,6,105,163,5,6,+1 Lap,+1 Lap,1.0,0.0
1527,446,1984-08-05,1984,11,German Grand Prix,1,117,182,1,2,Finished,Finished,1.0,0.0
1528,446,1984-08-05,1984,11,German Grand Prix,4,118,175,3,5,Finished,Finished,1.0,0.0
1529,446,1984-08-05,1984,11,German Grand Prix,27,110,183,7,8,+1 Lap,+1 Lap,1.0,0.0
1530,447,1984-08-19,1984,12,Austrian Grand Prix,6,105,163,3,7,Finished,+1 Lap,1.0,0.0
1531,447,1984-08-19,1984,12,Austrian Grand Prix,21,123,176,5,6,+1 Lap,+1 Lap,1.0,0.0
1532,447,1984-08-19,1984,12,Austrian Grand Prix,34,137,170,2,4,Finished,Finished,1.0,0.0
1533,447,1984-08-19,1984,12,Austrian Grand Prix,50,156,112,9,11,+2 Laps,+3 Laps,1.0,0.0
1534,448,1984-08-26,1984,13,Dutch Grand Prix,1,117,182,1,2,Finished,Finished,1.0,0.0
1535,448,1984-08-26,1984,13,Dutch Grand Prix,32,95,173,3,4,Finished,+1 Lap,1.0,0.0
1536,448,1984-08-26,1984,13,Dutch Grand Prix,50,156,112,9,10,+4 Laps,+4 Laps,1.0,0.0
1537,450,1984-10-07,1984,15,European Grand Prix,1,117,182,1,4,Finished,Finished,1.0,0.0
1538,450,1984-10-07,1984,15,European Grand Prix,6,105,163,2,5,Finished,Finished,1.0,0.0
1539,450,1984-10-07,1984,15,European Grand Prix,27,110,183,7,10,+2 Laps,+3 Laps,1.0,0.0
1540,451,1984-10-21,1984,16,Portuguese Grand Prix,1,117,182,1,2,Finished,Finished,1.0,0.0
1541,451,1984-10-21,1984,16,Portuguese Grand Prix,6,105,163,4,9,Finished,+1 Lap,1.0,0.0
1542,451,1984-10-21,1984,16,Portuguese Grand Prix,34,137,181,6,10,+1 Lap,+1 Lap,1.0,0.0
1543,451,1984-10-21,1984,16,Portuguese Grand Prix,51,119,158,8,17,+1 Lap,+6 Laps,1.0,0.0
1544,451,1984-10-21,1984,16,Portuguese Grand Prix,53,102,140,3,11,Finished,+1 Lap,1.0,0.0
1545,420,1985-04-07,1985,1,Brazilian Grand Prix,4,175,118,5,10,+2 Laps,+4 Laps,1.0,0.0
1546,420,1985-04-07,1985,1,Brazilian Grand Prix,6,105,163,2,4,Finished,+2 Laps,1.0,0.0
1547,420,1985-04-07,1985,1,Brazilian Grand Prix,25,140,84,7,8,+3 Laps,+3 Laps,1.0,0.0
1548,420,1985-04-07,1985,1,Brazilian Grand Prix,50,112,181,9,13,+3 Laps,+4 Laps,1.0,0.0
1549,421,1985-04-21,1985,2,Portuguese Grand Prix,4,175,118,3,7,+1 Lap,+2 Laps,1.0,0.0
1550,421,1985-04-21,1985,2,Portuguese Grand Prix,6,105,140,2,8,Finished,+5 Laps,1.0,0.0
1551,421,1985-04-21,1985,2,Portuguese Grand Prix,32,102,173,1,4,Finished,+1 Lap,1.0,0.0
1552,423,1985-05-19,1985,4,Monaco Grand Prix,3,95,177,7,8,+1 Lap,+2 Laps,1.0,0.0
1553,423,1985-05-19,1985,4,Monaco Grand Prix,27,110,172,4,6,+1 Lap,+1 Lap,1.0,0.0
1554,424,1985-06-16,1985,5,Canadian Grand Prix,3,177,95,4,6,Finished,Finished,1.0,0.0
1555,424,1985-06-16,1985,5,Canadian Grand Prix,6,105,140,1,2,Finished,Finished,1.0,0.0
1556,424,1985-06-16,1985,5,Canadian Grand Prix,21,123,77,9,13,+2 Laps,+3 Laps,1.0,0.0
1557,424,1985-06-16,1985,5,Canadian Grand Prix,25,185,84,11,12,+2 Laps,+2 Laps,1.0,0.0
1558,424,1985-06-16,1985,5,Canadian Grand Prix,27,172,110,8,14,+1 Lap,+3 Laps,1.0,0.0
1559,424,1985-06-16,1985,5,Canadian Grand Prix,32,173,102,5,16,Finished,+5 Laps,1.0,0.0
1560,424,1985-06-16,1985,5,Canadian Grand Prix,51,119,158,10,17,+2 Laps,+6 Laps,1.0,0.0
1561,425,1985-06-23,1985,6,Detroit Grand Prix,6,140,105,2,3,Finished,Finished,1.0,0.0
1562,425,1985-06-23,1985,6,Detroit Grand Prix,21,123,77,7,11,+1 Lap,+3 Laps,1.0,0.0
1563,425,1985-06-23,1985,6,Detroit Grand Prix,27,110,172,10,12,+2 Laps,+5 Laps,1.0,0.0
1564,425,1985-06-23,1985,6,Detroit Grand Prix,34,137,176,6,8,+1 Lap,+1 Lap,1.0,0.0
1565,426,1985-07-07,1985,7,French Grand Prix,4,175,118,6,7,Finished,Finished,1.0,0.0
1566,426,1985-07-07,1985,7,French Grand Prix,34,137,176,1,8,Finished,+1 Lap,1.0,0.0
1567,426,1985-07-07,1985,7,French Grand Prix,51,158,119,10,11,+1 Lap,+1 Lap,1.0,0.0
1568,427,1985-07-21,1985,8,British Grand Prix,25,84,185,7,11,+2 Laps,+6 Laps,1.0,0.0
1569,427,1985-07-21,1985,8,British Grand Prix,34,137,176,4,6,+1 Lap,+2 Laps,1.0,0.0
1570,428,1985-08-04,1985,9,German Grand Prix,1,117,182,2,5,Finished,Finished,1.0,0.0
1571,428,1985-08-04,1985,9,German Grand Prix,6,105,140,1,9,Finished,+1 Lap,1.0,0.0
1572,428,1985-08-04,1985,9,German Grand Prix,21,123,77,4,7,Finished,+1 Lap,1.0,0.0
1573,428,1985-08-04,1985,9,German Grand Prix,25,185,84,8,10,+1 Lap,+4 Laps,1.0,0.0
1574,429,1985-08-18,1985,10,Austrian Grand Prix,6,105,140,3,4,Finished,Finished,1.0,0.0
1575,429,1985-08-18,1985,10,Austrian Grand Prix,32,102,173,2,5,Finished,Finished,1.0,0.0
1576,430,1985-08-25,1985,11,Dutch Grand Prix,1,182,117,1,2,Finished,Finished,1.0,0.0
1577,430,1985-08-25,1985,11,Dutch Grand Prix,32,102,173,3,5,Finished,+1 Lap,1.0,0.0
1578,431,1985-09-08,1985,12,Italian Grand Prix,32,102,173,3,6,Finished,+1 Lap,1.0,0.0
1579,431,1985-09-08,1985,12,Italian Grand Prix,34,137,176,2,4,Finished,Finished,1.0,0.0
1580,432,1985-09-15,1985,13,Belgian Grand Prix,3,95,177,2,4,Finished,Finished,1.0,0.0
1581,432,1985-09-15,1985,13,Belgian Grand Prix,21,77,123,7,10,+1 Lap,+3 Laps,1.0,0.0
1582,432,1985-09-15,1985,13,Belgian Grand Prix,34,137,176,5,8,+1 Lap,+1 Lap,1.0,0.0
1583,433,1985-10-06,1985,14,European Grand Prix,1,117,187,4,7,Finished,+2 Laps,1.0,0.0
1584,433,1985-10-06,1985,14,European Grand Prix,3,95,177,1,3,Finished,Finished,1.0,0.0
1585,433,1985-10-06,1985,14,European Grand Prix,21,123,77,6,10,+2 Laps,+2 Laps,1.0,0.0
1586,433,1985-10-06,1985,14,European Grand Prix,32,102,173,2,5,Finished,+1 Lap,1.0,0.0
1587,433,1985-10-06,1985,14,European Grand Prix,51,119,158,9,11,+2 Laps,+2 Laps,1.0,0.0
1588,434,1985-10-19,1985,15,South African Grand Prix,3,95,177,1,2,Finished,Finished,1.0,0.0
1589,434,1985-10-19,1985,15,South African Grand Prix,21,77,123,5,6,+1 Lap,+1 Lap,1.0,0.0
1590,435,1985-11-03,1985,16,Australian Grand Prix,27,172,166,2,3,Finished,Finished,1.0,0.0
1591,404,1986-03-23,1986,1,Brazilian Grand Prix,22,77,170,6,10,+2 Laps,+5 Laps,1.0,0.0
1592,404,1986-03-23,1986,1,Brazilian Grand Prix,25,84,166,5,7,+1 Lap,+2 Laps,1.0,0.0
1593,404,1986-03-23,1986,1,Brazilian Grand Prix,27,172,163,3,4,Finished,Finished,1.0,0.0
1594,404,1986-03-23,1986,1,Brazilian Grand Prix,32,102,174,2,9,Finished,+3 Laps,1.0,0.0
1595,405,1986-04-13,1986,2,Spanish Grand Prix,1,117,177,3,4,Finished,+1 Lap,1.0,0.0
1596,405,1986-04-13,1986,2,Spanish Grand Prix,22,170,77,5,6,+1 Lap,+1 Lap,1.0,0.0
1597,406,1986-04-27,1986,3,San Marino Grand Prix,21,123,176,7,9,+2 Laps,+3 Laps,1.0,0.0
1598,407,1986-05-11,1986,4,Monaco Grand Prix,1,117,177,1,2,Finished,Finished,1.0,0.0
1599,407,1986-05-11,1986,4,Monaco Grand Prix,3,95,137,4,7,Finished,+1 Lap,1.0,0.0
1600,407,1986-05-11,1986,4,Monaco Grand Prix,21,123,176,8,9,+3 Laps,+3 Laps,1.0,0.0
1601,407,1986-05-11,1986,4,Monaco Grand Prix,27,163,172,5,6,+1 Lap,+1 Lap,1.0,0.0
1602,408,1986-05-25,1986,5,Belgian Grand Prix,6,140,105,3,4,Finished,Finished,1.0,0.0
1603,408,1986-05-25,1986,5,Belgian Grand Prix,22,170,77,7,10,+1 Lap,+2 Laps,1.0,0.0
1604,409,1986-06-15,1986,6,Canadian Grand Prix,1,117,177,2,4,Finished,Finished,1.0,0.0
1605,409,1986-06-15,1986,6,Canadian Grand Prix,3,95,137,1,3,Finished,Finished,1.0,0.0
1606,409,1986-06-15,1986,6,Canadian Grand Prix,25,84,166,9,11,+2 Laps,+4 Laps,1.0,0.0
1607,409,1986-06-15,1986,6,Canadian Grand Prix,27,163,172,6,7,+1 Lap,+1 Lap,1.0,0.0
1608,410,1986-06-22,1986,7,Detroit Grand Prix,32,102,174,1,7,Finished,+2 Laps,1.0,0.0
1609,410,1986-06-22,1986,7,Detroit Grand Prix,34,119,118,6,10,+1 Lap,+3 Laps,1.0,0.0
1610,411,1986-07-06,1986,8,French Grand Prix,1,117,177,2,4,Finished,Finished,1.0,0.0
1611,411,1986-07-06,1986,8,French Grand Prix,3,95,137,1,3,Finished,Finished,1.0,0.0
1612,411,1986-07-06,1986,8,French Grand Prix,27,163,172,5,6,+1 Lap,+1 Lap,1.0,0.0
1613,411,1986-07-06,1986,8,French Grand Prix,34,119,118,7,9,+2 Laps,+3 Laps,1.0,0.0
1614,412,1986-07-13,1986,9,British Grand Prix,3,95,137,1,2,Finished,Finished,1.0,0.0
1615,412,1986-07-13,1986,9,British Grand Prix,25,84,166,5,6,+3 Laps,+3 Laps,1.0,0.0
1616,413,1986-07-27,1986,10,German Grand Prix,3,137,95,1,3,Finished,Finished,1.0,0.0
1617,413,1986-07-27,1986,10,German Grand Prix,26,175,178,8,9,+1 Lap,+2 Laps,1.0,0.0
1618,414,1986-08-10,1986,11,Hungarian Grand Prix,3,137,95,1,3,Finished,+1 Lap,1.0,0.0
1619,414,1986-08-10,1986,11,Hungarian Grand Prix,25,84,166,6,8,+2 Laps,+2 Laps,1.0,0.0
1620,414,1986-08-10,1986,11,Hungarian Grand Prix,32,102,174,2,5,Finished,+2 Laps,1.0,0.0
1621,415,1986-08-17,1986,12,Austrian Grand Prix,6,105,140,2,3,+1 Lap,+2 Laps,1.0,0.0
1622,415,1986-08-17,1986,12,Austrian Grand Prix,26,178,175,4,5,+2 Laps,+2 Laps,1.0,0.0
1623,416,1986-09-07,1986,13,Italian Grand Prix,3,137,95,1,2,Finished,Finished,1.0,0.0
1624,416,1986-09-07,1986,13,Italian Grand Prix,21,123,157,7,8,+2 Laps,+2 Laps,1.0,0.0
1625,416,1986-09-07,1986,13,Italian Grand Prix,25,166,84,9,10,+2 Laps,+2 Laps,1.0,0.0
1626,417,1986-09-21,1986,14,Portuguese Grand Prix,3,95,137,1,3,Finished,Finished,1.0,0.0
1627,417,1986-09-21,1986,14,Portuguese Grand Prix,6,105,140,5,6,+1 Lap,+1 Lap,1.0,0.0
1628,417,1986-09-21,1986,14,Portuguese Grand Prix,21,123,157,10,11,+3 Laps,+3 Laps,1.0,0.0
1629,418,1986-10-12,1986,15,Mexican Grand Prix,3,137,95,4,5,+1 Lap,+1 Lap,1.0,0.0
1630,418,1986-10-12,1986,15,Mexican Grand Prix,18,110,145,8,14,+2 Laps,+4 Laps,1.0,0.0
1631,418,1986-10-12,1986,15,Mexican Grand Prix,21,123,157,7,9,+2 Laps,+2 Laps,1.0,0.0
1632,419,1986-10-26,1986,16,Australian Grand Prix,27,163,112,7,8,+3 Laps,+3 Laps,1.0,0.0
1633,388,1987-04-12,1987,1,Brazilian Grand Prix,1,117,140,1,3,Finished,Finished,1.0,0.0
1634,388,1987-04-12,1987,1,Brazilian Grand Prix,3,137,95,2,6,Finished,+1 Lap,1.0,0.0
1635,388,1987-04-12,1987,1,Brazilian Grand Prix,25,156,166,10,11,+3 Laps,+4 Laps,1.0,0.0
1636,389,1987-05-03,1987,2,San Marino Grand Prix,49,84,157,5,7,+2 Laps,+2 Laps,1.0,0.0
1637,390,1987-05-17,1987,3,Belgian Grand Prix,1,117,140,1,2,Finished,Finished,1.0,0.0
1638,390,1987-05-17,1987,3,Belgian Grand Prix,27,163,160,6,7,+2 Laps,+3 Laps,1.0,0.0
1639,391,1987-05-31,1987,4,Monaco Grand Prix,6,105,77,3,4,Finished,+1 Lap,1.0,0.0
1640,391,1987-05-31,1987,4,Monaco Grand Prix,27,163,160,11,12,+4 Laps,+4 Laps,1.0,0.0
1641,391,1987-05-31,1987,4,Monaco Grand Prix,32,102,138,1,10,Finished,+3 Laps,1.0,0.0
1642,392,1987-06-21,1987,5,Detroit Grand Prix,1,117,140,3,7,Finished,+3 Laps,1.0,0.0
1643,392,1987-06-21,1987,5,Detroit Grand Prix,3,137,95,2,5,Finished,+1 Lap,1.0,0.0
1644,393,1987-07-05,1987,6,French Grand Prix,1,117,140,3,8,Finished,+6 Laps,1.0,0.0
1645,393,1987-07-05,1987,6,French Grand Prix,3,95,137,1,2,Finished,Finished,1.0,0.0
1646,393,1987-07-05,1987,6,French Grand Prix,25,166,156,6,7,+4 Laps,+4 Laps,1.0,0.0
1647,394,1987-07-12,1987,7,British Grand Prix,3,95,137,1,2,Finished,Finished,1.0,0.0
1648,394,1987-07-12,1987,7,British Grand Prix,22,170,123,6,7,+2 Laps,+3 Laps,1.0,0.0
1649,394,1987-07-12,1987,7,British Grand Prix,32,102,138,3,4,+1 Lap,+2 Laps,1.0,0.0
1650,395,1987-07-26,1987,8,German Grand Prix,25,166,156,4,5,+1 Lap,+1 Lap,1.0,0.0
1651,396,1987-08-09,1987,9,Hungarian Grand Prix,21,118,158,6,8,+2 Laps,+2 Laps,1.0,0.0
1652,396,1987-08-09,1987,9,Hungarian Grand Prix,25,156,166,7,9,+2 Laps,+2 Laps,1.0,0.0
1653,397,1987-08-16,1987,10,Austrian Grand Prix,1,117,140,6,7,+2 Laps,+2 Laps,1.0,0.0
1654,397,1987-08-16,1987,10,Austrian Grand Prix,3,95,137,1,2,Finished,Finished,1.0,0.0
1655,397,1987-08-16,1987,10,Austrian Grand Prix,22,170,123,3,4,+1 Lap,+1 Lap,1.0,0.0
1656,397,1987-08-16,1987,10,Austrian Grand Prix,27,160,163,8,10,+2 Laps,+3 Laps,1.0,0.0
1657,397,1987-08-16,1987,10,Austrian Grand Prix,32,102,138,5,13,+2 Laps,+3 Laps,1.0,0.0
1658,398,1987-09-06,1987,11,Italian Grand Prix,1,140,117,6,15,Finished,+4 Laps,1.0,0.0
1659,398,1987-09-06,1987,11,Italian Grand Prix,3,137,95,1,3,Finished,Finished,1.0,0.0
1660,398,1987-09-06,1987,11,Italian Grand Prix,22,123,170,5,7,Finished,+1 Lap,1.0,0.0
1661,398,1987-09-06,1987,11,Italian Grand Prix,25,166,156,12,14,+3 Laps,+3 Laps,1.0,0.0
1662,398,1987-09-06,1987,11,Italian Grand Prix,27,160,163,8,10,+2 Laps,+2 Laps,1.0,0.0
1663,398,1987-09-06,1987,11,Italian Grand Prix,32,102,138,2,11,Finished,+3 Laps,1.0,0.0
1664,399,1987-09-20,1987,12,Portuguese Grand Prix,1,117,140,1,5,Finished,+1 Lap,1.0,0.0
1665,399,1987-09-20,1987,12,Portuguese Grand Prix,21,158,118,6,13,+2 Laps,+4 Laps,1.0,0.0
1666,399,1987-09-20,1987,12,Portuguese Grand Prix,25,156,166,10,12,+3 Laps,+4 Laps,1.0,0.0
1667,399,1987-09-20,1987,12,Portuguese Grand Prix,32,102,138,7,8,+2 Laps,+2 Laps,1.0,0.0
1668,400,1987-09-27,1987,13,Spanish Grand Prix,1,117,140,2,3,Finished,Finished,1.0,0.0
1669,400,1987-09-27,1987,13,Spanish Grand Prix,3,95,137,1,4,Finished,Finished,1.0,0.0
1670,400,1987-09-27,1987,13,Spanish Grand Prix,32,102,138,5,9,Finished,+2 Laps,1.0,0.0
1671,401,1987-10-18,1987,14,Mexican Grand Prix,3,95,137,1,2,Finished,Finished,1.0,0.0
1672,401,1987-10-18,1987,14,Mexican Grand Prix,25,156,166,7,8,+3 Laps,+3 Laps,1.0,0.0
1673,401,1987-10-18,1987,14,Mexican Grand Prix,33,112,114,6,9,+3 Laps,+4 Laps,1.0,0.0
1674,402,1987-11-01,1987,15,Japanese Grand Prix,1,140,117,3,7,Finished,+1 Lap,1.0,0.0
1675,402,1987-11-01,1987,15,Japanese Grand Prix,6,77,105,1,4,Finished,Finished,1.0,0.0
1676,402,1987-11-01,1987,15,Japanese Grand Prix,25,156,166,8,12,+1 Lap,+2 Laps,1.0,0.0
1677,402,1987-11-01,1987,15,Japanese Grand Prix,32,102,138,2,6,Finished,Finished,1.0,0.0
1678,403,1987-11-15,1987,16,Australian Grand Prix,6,77,105,1,2,Finished,Finished,1.0,0.0
1679,372,1988-04-03,1988,1,Brazilian Grand Prix,6,77,105,2,5,Finished,Finished,1.0,0.0
1680,372,1988-04-03,1988,1,Brazilian Grand Prix,21,118,158,4,8,Finished,+1 Lap,1.0,0.0
1681,372,1988-04-03,1988,1,Brazilian Grand Prix,32,137,138,3,6,Finished,+1 Lap,1.0,0.0
1682,373,1988-05-01,1988,2,San Marino Grand Prix,1,102,117,1,2,Finished,Finished,1.0,0.0
1683,373,1988-05-01,1988,2,San Marino Grand Prix,18,159,167,11,16,+2 Laps,+3 Laps,1.0,0.0
1684,373,1988-05-01,1988,2,San Marino Grand Prix,21,158,118,7,9,+1 Lap,+2 Laps,1.0,0.0
1685,373,1988-05-01,1988,2,San Marino Grand Prix,22,123,145,4,6,+1 Lap,+1 Lap,1.0,0.0
1686,373,1988-05-01,1988,2,San Marino Grand Prix,32,137,138,3,8,+1 Lap,+1 Lap,1.0,0.0
1687,373,1988-05-01,1988,2,San Marino Grand Prix,33,114,112,12,17,+2 Laps,+3 Laps,1.0,0.0
1688,374,1988-05-15,1988,3,Monaco Grand Prix,6,77,105,2,3,Finished,Finished,1.0,0.0
1689,375,1988-05-29,1988,4,Mexican Grand Prix,1,117,102,1,2,Finished,Finished,1.0,0.0
1690,375,1988-05-29,1988,4,Mexican Grand Prix,6,77,105,3,4,Finished,+1 Lap,1.0,0.0
1691,375,1988-05-29,1988,4,Mexican Grand Prix,21,118,158,5,6,+1 Lap,+1 Lap,1.0,0.0
1692,375,1988-05-29,1988,4,Mexican Grand Prix,22,145,123,7,8,+2 Laps,+3 Laps,1.0,0.0
1693,376,1988-06-12,1988,5,Canadian Grand Prix,1,102,117,1,2,Finished,Finished,1.0,0.0
1694,376,1988-06-12,1988,5,Canadian Grand Prix,32,137,138,4,11,+1 Lap,+3 Laps,1.0,0.0
1695,377,1988-06-19,1988,6,Detroit Grand Prix,1,102,117,1,2,Finished,Finished,1.0,0.0
1696,378,1988-07-03,1988,7,French Grand Prix,1,117,102,1,2,Finished,Finished,1.0,0.0
1697,378,1988-07-03,1988,7,French Grand Prix,6,105,77,3,4,Finished,+1 Lap,1.0,0.0
1698,378,1988-07-03,1988,7,French Grand Prix,32,137,138,5,7,+1 Lap,+1 Lap,1.0,0.0
1699,378,1988-07-03,1988,7,French Grand Prix,37,127,122,8,9,+1 Lap,+1 Lap,1.0,0.0
1700,379,1988-07-10,1988,8,British Grand Prix,3,95,119,2,8,Finished,+1 Lap,1.0,0.0
1701,379,1988-07-10,1988,8,British Grand Prix,21,118,158,6,7,+1 Lap,+1 Lap,1.0,0.0
1702,379,1988-07-10,1988,8,British Grand Prix,32,137,138,5,10,Finished,+1 Lap,1.0,0.0
1703,379,1988-07-10,1988,8,British Grand Prix,33,114,112,13,14,+2 Laps,+2 Laps,1.0,0.0
1704,380,1988-07-24,1988,9,German Grand Prix,1,102,117,1,2,Finished,Finished,1.0,0.0
1705,380,1988-07-24,1988,9,German Grand Prix,6,77,105,3,4,Finished,Finished,1.0,0.0
1706,380,1988-07-24,1988,9,German Grand Prix,21,118,158,7,10,+1 Lap,+1 Lap,1.0,0.0
1707,380,1988-07-24,1988,9,German Grand Prix,22,123,145,6,18,+1 Lap,+4 Laps,1.0,0.0
1708,380,1988-07-24,1988,9,German Grand Prix,37,122,127,5,8,Finished,+1 Lap,1.0,0.0
1709,380,1988-07-24,1988,9,German Grand Prix,49,146,160,12,14,+1 Lap,+2 Laps,1.0,0.0
1710,381,1988-08-07,1988,10,Hungarian Grand Prix,1,102,117,1,2,Finished,Finished,1.0,0.0
1711,381,1988-08-07,1988,10,Hungarian Grand Prix,32,138,137,7,8,+3 Laps,+3 Laps,1.0,0.0
1712,381,1988-08-07,1988,10,Hungarian Grand Prix,33,114,112,9,12,+3 Laps,+4 Laps,1.0,0.0
1713,382,1988-08-28,1988,11,Belgian Grand Prix,1,102,117,1,2,Finished,Finished,1.0,0.0
1714,382,1988-08-28,1988,11,Belgian Grand Prix,21,118,158,5,6,Finished,+1 Lap,1.0,0.0
1715,383,1988-09-11,1988,12,Italian Grand Prix,3,119,168,7,11,Finished,+2 Laps,1.0,0.0
1716,383,1988-09-11,1988,12,Italian Grand Prix,6,77,105,1,2,Finished,Finished,1.0,0.0
1717,383,1988-09-11,1988,12,Italian Grand Prix,21,158,118,3,4,Finished,Finished,1.0,0.0
1718,383,1988-09-11,1988,12,Italian Grand Prix,22,123,145,6,9,Finished,+1 Lap,1.0,0.0
1719,383,1988-09-11,1988,12,Italian Grand Prix,37,122,127,5,8,Finished,Finished,1.0,0.0
1720,384,1988-09-25,1988,13,Portuguese Grand Prix,1,117,102,1,6,Finished,Finished,1.0,0.0
1721,385,1988-10-02,1988,14,Spanish Grand Prix,1,117,102,1,4,Finished,Finished,1.0,0.0
1722,385,1988-10-02,1988,14,Spanish Grand Prix,3,95,119,2,5,Finished,Finished,1.0,0.0
1723,385,1988-10-02,1988,14,Spanish Grand Prix,22,145,123,3,9,Finished,Finished,1.0,0.0
1724,385,1988-10-02,1988,14,Spanish Grand Prix,33,114,112,11,14,+1 Lap,+3 Laps,1.0,0.0
1725,386,1988-10-30,1988,15,Japanese Grand Prix,1,102,117,1,2,Finished,Finished,1.0,0.0
1726,386,1988-10-30,1988,15,Japanese Grand Prix,6,77,105,4,11,Finished,+1 Lap,1.0,0.0
1727,386,1988-10-30,1988,15,Japanese Grand Prix,18,94,159,13,15,+2 Laps,+2 Laps,1.0,0.0
1728,386,1988-10-30,1988,15,Japanese Grand Prix,22,123,145,3,5,Finished,Finished,1.0,0.0
1729,386,1988-10-30,1988,15,Japanese Grand Prix,25,156,141,12,14,+1 Lap,+2 Laps,1.0,0.0
1730,386,1988-10-30,1988,15,Japanese Grand Prix,33,112,88,9,16,+1 Lap,+3 Laps,1.0,0.0
1731,387,1988-11-13,1988,16,Australian Grand Prix,1,117,102,1,2,Finished,Finished,1.0,0.0
1732,356,1989-03-26,1989,1,Brazilian Grand Prix,1,117,102,2,11,Finished,+2 Laps,1.0,0.0
1733,356,1989-03-26,1989,1,Brazilian Grand Prix,22,65,145,4,6,Finished,Finished,1.0,0.0
1734,356,1989-03-26,1989,1,Brazilian Grand Prix,25,156,105,7,10,+1 Lap,+2 Laps,1.0,0.0
1735,357,1989-04-23,1989,2,San Marino Grand Prix,1,102,117,1,2,Finished,Finished,1.0,0.0
1736,357,1989-04-23,1989,2,San Marino Grand Prix,21,118,158,5,9,+1 Lap,+2 Laps,1.0,0.0
1737,357,1989-04-23,1989,2,San Marino Grand Prix,22,145,65,3,11,+1 Lap,+2 Laps,1.0,0.0
1738,357,1989-04-23,1989,2,San Marino Grand Prix,35,133,110,7,10,+1 Lap,+2 Laps,1.0,0.0
1739,358,1989-05-07,1989,3,Monaco Grand Prix,1,102,117,1,2,Finished,Finished,1.0,0.0
1740,358,1989-05-07,1989,3,Monaco Grand Prix,3,123,119,10,15,+3 Laps,+4 Laps,1.0,0.0
1741,358,1989-05-07,1989,3,Monaco Grand Prix,22,145,65,8,14,+3 Laps,+4 Laps,1.0,0.0
1742,358,1989-05-07,1989,3,Monaco Grand Prix,25,105,156,5,9,+2 Laps,+3 Laps,1.0,0.0
1743,358,1989-05-07,1989,3,Monaco Grand Prix,34,131,84,3,6,+1 Lap,+2 Laps,1.0,0.0
1744,358,1989-05-07,1989,3,Monaco Grand Prix,35,133,110,4,13,+2 Laps,+4 Laps,1.0,0.0
1745,359,1989-05-28,1989,4,Mexican Grand Prix,1,102,117,1,5,Finished,Finished,1.0,0.0
1746,359,1989-05-28,1989,4,Mexican Grand Prix,22,145,65,4,15,Finished,+3 Laps,1.0,0.0
1747,359,1989-05-28,1989,4,Mexican Grand Prix,27,129,163,8,14,+1 Lap,+3 Laps,1.0,0.0
1748,359,1989-05-28,1989,4,Mexican Grand Prix,34,84,131,9,10,+1 Lap,+1 Lap,1.0,0.0
1749,360,1989-06-04,1989,5,United States Grand Prix,3,119,123,2,6,Finished,+1 Lap,1.0,0.0
1750,361,1989-06-18,1989,6,Canadian Grand Prix,3,123,119,1,2,Finished,Finished,1.0,0.0
1751,361,1989-06-18,1989,6,Canadian Grand Prix,35,110,133,3,6,Finished,+2 Laps,1.0,0.0
1752,362,1989-07-09,1989,7,French Grand Prix,21,158,151,7,12,+1 Lap,+3 Laps,1.0,0.0
1753,362,1989-07-09,1989,7,French Grand Prix,25,55,156,4,10,Finished,+2 Laps,1.0,0.0
1754,363,1989-07-16,1989,8,British Grand Prix,18,94,159,5,6,+1 Lap,+1 Lap,1.0,0.0
1755,363,1989-07-16,1989,8,British Grand Prix,22,145,139,3,11,Finished,+2 Laps,1.0,0.0
1756,363,1989-07-16,1989,8,British Grand Prix,32,137,138,4,8,Finished,+1 Lap,1.0,0.0
1757,364,1989-07-30,1989,9,German Grand Prix,1,102,117,1,2,Finished,Finished,1.0,0.0
1758,365,1989-08-13,1989,10,Hungarian Grand Prix,1,102,117,2,4,Finished,Finished,1.0,0.0
1759,365,1989-08-13,1989,10,Hungarian Grand Prix,21,158,118,5,10,Finished,+1 Lap,1.0,0.0
1760,365,1989-08-13,1989,10,Hungarian Grand Prix,25,55,156,9,13,+1 Lap,+4 Laps,1.0,0.0
1761,365,1989-08-13,1989,10,Hungarian Grand Prix,34,131,84,11,12,+1 Lap,+2 Laps,1.0,0.0
1762,366,1989-08-27,1989,11,Belgian Grand Prix,1,102,117,1,2,Finished,Finished,1.0,0.0
1763,366,1989-08-27,1989,11,Belgian Grand Prix,18,94,159,9,15,+1 Lap,+3 Laps,1.0,0.0
1764,366,1989-08-27,1989,11,Belgian Grand Prix,22,145,139,5,10,Finished,+1 Lap,1.0,0.0
1765,366,1989-08-27,1989,11,Belgian Grand Prix,37,127,122,7,12,+1 Lap,+1 Lap,1.0,0.0
1766,367,1989-09-10,1989,12,Italian Grand Prix,3,123,119,3,4,Finished,Finished,1.0,0.0
1767,367,1989-09-10,1989,12,Italian Grand Prix,18,94,159,7,8,+1 Lap,+2 Laps,1.0,0.0
1768,368,1989-09-24,1989,13,Portuguese Grand Prix,18,94,159,5,12,+1 Lap,+2 Laps,1.0,0.0
1769,368,1989-09-24,1989,13,Portuguese Grand Prix,33,112,105,9,11,+1 Lap,+2 Laps,1.0,0.0
1770,368,1989-09-24,1989,13,Portuguese Grand Prix,34,84,131,8,14,+1 Lap,+2 Laps,1.0,0.0
1771,369,1989-10-01,1989,14,Spanish Grand Prix,1,102,117,1,3,Finished,Finished,1.0,0.0
1772,369,1989-10-01,1989,14,Spanish Grand Prix,25,55,156,4,10,+1 Lap,+2 Laps,1.0,0.0
1773,370,1989-10-22,1989,15,Japanese Grand Prix,3,119,123,2,3,Finished,Finished,1.0,0.0
1774,370,1989-10-22,1989,15,Japanese Grand Prix,21,118,158,6,8,+1 Lap,+1 Lap,1.0,0.0
1775,370,1989-10-22,1989,15,Japanese Grand Prix,35,133,110,9,10,+1 Lap,+2 Laps,1.0,0.0
1776,371,1989-11-05,1989,16,Australian Grand Prix,3,123,119,1,3,Finished,Finished,1.0,0.0
1777,371,1989-11-05,1989,16,Australian Grand Prix,22,145,139,2,5,Finished,+2 Laps,1.0,0.0
1778,321,1990-03-11,1990,1,United States Grand Prix,3,123,119,3,9,Finished,+1 Lap,1.0,0.0
1779,321,1990-03-11,1990,1,United States Grand Prix,21,105,146,10,12,+2 Laps,+2 Laps,1.0,0.0
1780,321,1990-03-11,1990,1,United States Grand Prix,22,137,145,4,11,Finished,+2 Laps,1.0,0.0
1781,321,1990-03-11,1990,1,United States Grand Prix,25,55,138,2,6,Finished,+1 Lap,1.0,0.0
1782,322,1990-03-25,1990,2,Brazilian Grand Prix,1,77,102,2,3,Finished,Finished,1.0,0.0
1783,322,1990-03-25,1990,2,Brazilian Grand Prix,6,117,95,1,4,Finished,Finished,1.0,0.0
1784,322,1990-03-25,1990,2,Brazilian Grand Prix,25,55,138,7,8,+1 Lap,+1 Lap,1.0,0.0
1785,322,1990-03-25,1990,2,Brazilian Grand Prix,27,78,112,11,12,+3 Laps,+3 Laps,1.0,0.0
1786,323,1990-05-13,1990,3,San Marino Grand Prix,22,145,137,3,5,Finished,Finished,1.0,0.0
1787,323,1990-05-13,1990,3,San Marino Grand Prix,27,112,78,9,10,+1 Lap,+2 Laps,1.0,0.0
1788,323,1990-05-13,1990,3,San Marino Grand Prix,32,118,151,7,8,+1 Lap,+1 Lap,1.0,0.0
1789,324,1990-05-27,1990,4,Monaco Grand Prix,1,102,77,1,3,Finished,Finished,1.0,0.0
1790,325,1990-06-10,1990,5,Canadian Grand Prix,1,102,77,1,4,Finished,Finished,1.0,0.0
1791,325,1990-06-10,1990,5,Canadian Grand Prix,6,95,117,3,5,Finished,Finished,1.0,0.0
1792,325,1990-06-10,1990,5,Canadian Grand Prix,33,103,88,9,12,+3 Laps,+4 Laps,1.0,0.0
1793,326,1990-06-24,1990,6,Mexican Grand Prix,3,123,119,5,9,Finished,Finished,1.0,0.0
1794,326,1990-06-24,1990,6,Mexican Grand Prix,6,117,95,1,2,Finished,Finished,1.0,0.0
1795,326,1990-06-24,1990,6,Mexican Grand Prix,18,94,147,12,14,+1 Lap,+2 Laps,1.0,0.0
1796,326,1990-06-24,1990,6,Mexican Grand Prix,22,145,137,4,6,Finished,Finished,1.0,0.0
1797,326,1990-06-24,1990,6,Mexican Grand Prix,27,78,112,16,18,+2 Laps,+3 Laps,1.0,0.0
1798,326,1990-06-24,1990,6,Mexican Grand Prix,32,151,118,8,10,Finished,+1 Lap,1.0,0.0
1799,327,1990-07-08,1990,7,French Grand Prix,1,102,77,3,5,Finished,Finished,1.0,0.0
1800,327,1990-07-08,1990,7,French Grand Prix,27,112,78,9,14,+1 Lap,+2 Laps,1.0,0.0
1801,327,1990-07-08,1990,7,French Grand Prix,32,118,151,11,12,+1 Lap,+1 Lap,1.0,0.0
1802,327,1990-07-08,1990,7,French Grand Prix,33,88,103,7,8,+1 Lap,+1 Lap,1.0,0.0
1803,327,1990-07-08,1990,7,French Grand Prix,34,131,101,13,15,+2 Laps,+3 Laps,1.0,0.0
1804,328,1990-07-15,1990,8,British Grand Prix,27,78,112,10,13,+2 Laps,+3 Laps,1.0,0.0
1805,328,1990-07-15,1990,8,British Grand Prix,33,103,88,4,6,Finished,+1 Lap,1.0,0.0
1806,329,1990-07-29,1990,9,German Grand Prix,1,102,77,1,3,Finished,Finished,1.0,0.0
1807,329,1990-07-29,1990,9,German Grand Prix,3,119,123,5,6,Finished,Finished,1.0,0.0
1808,330,1990-08-12,1990,10,Hungarian Grand Prix,3,123,119,1,4,Finished,Finished,1.0,0.0
1809,330,1990-08-12,1990,10,Hungarian Grand Prix,21,133,105,9,12,+1 Lap,+2 Laps,1.0,0.0
1810,330,1990-08-12,1990,10,Hungarian Grand Prix,27,78,112,11,14,+1 Lap,+3 Laps,1.0,0.0
1811,330,1990-08-12,1990,10,Hungarian Grand Prix,32,118,151,5,7,Finished,+1 Lap,1.0,0.0
1812,331,1990-08-26,1990,11,Belgian Grand Prix,1,102,77,1,3,Finished,Finished,1.0,0.0
1813,331,1990-08-26,1990,11,Belgian Grand Prix,21,133,105,10,13,+1 Lap,+1 Lap,1.0,0.0
1814,331,1990-08-26,1990,11,Belgian Grand Prix,22,145,137,4,5,Finished,Finished,1.0,0.0
1815,331,1990-08-26,1990,11,Belgian Grand Prix,32,118,151,11,12,+1 Lap,+1 Lap,1.0,0.0
1816,331,1990-08-26,1990,11,Belgian Grand Prix,41,127,122,6,7,Finished,+1 Lap,1.0,0.0
1817,332,1990-09-09,1990,12,Italian Grand Prix,1,102,77,1,3,Finished,Finished,1.0,0.0
1818,332,1990-09-09,1990,12,Italian Grand Prix,6,117,95,2,4,Finished,Finished,1.0,0.0
1819,332,1990-09-09,1990,12,Italian Grand Prix,22,137,145,7,8,+1 Lap,+1 Lap,1.0,0.0
1820,332,1990-09-09,1990,12,Italian Grand Prix,27,78,112,11,13,+2 Laps,+3 Laps,1.0,0.0
1821,333,1990-09-23,1990,13,Portuguese Grand Prix,1,102,77,2,4,Finished,Finished,1.0,0.0
1822,333,1990-09-23,1990,13,Portuguese Grand Prix,6,95,117,1,3,Finished,Finished,1.0,0.0
1823,333,1990-09-23,1990,13,Portuguese Grand Prix,22,137,145,5,6,Finished,Finished,1.0,0.0
1824,334,1990-09-30,1990,14,Spanish Grand Prix,3,123,119,4,5,Finished,Finished,1.0,0.0
1825,334,1990-09-30,1990,14,Spanish Grand Prix,6,117,95,1,2,Finished,Finished,1.0,0.0
1826,335,1990-10-21,1990,15,Japanese Grand Prix,3,119,123,4,5,Finished,Finished,1.0,0.0
1827,335,1990-10-21,1990,15,Japanese Grand Prix,22,137,90,1,2,Finished,Finished,1.0,0.0
1828,335,1990-10-21,1990,15,Japanese Grand Prix,27,78,112,7,10,+1 Lap,+1 Lap,1.0,0.0
1829,336,1990-11-04,1990,16,Australian Grand Prix,3,123,119,5,6,Finished,+1 Lap,1.0,0.0
1830,336,1990-11-04,1990,16,Australian Grand Prix,6,95,117,2,3,Finished,Finished,1.0,0.0
1831,336,1990-11-04,1990,16,Australian Grand Prix,22,137,90,1,7,Finished,+1 Lap,1.0,0.0
1832,336,1990-11-04,1990,16,Australian Grand Prix,27,78,112,10,11,+2 Laps,+3 Laps,1.0,0.0
1833,305,1991-03-10,1991,1,United States Grand Prix,25,131,138,4,5,Finished,+1 Lap,1.0,0.0
1834,306,1991-03-24,1991,2,Brazilian Grand Prix,1,102,77,1,3,Finished,Finished,1.0,0.0
1835,306,1991-03-24,1991,2,Brazilian Grand Prix,6,117,55,4,6,Finished,Finished,1.0,0.0
1836,306,1991-03-24,1991,2,Brazilian Grand Prix,22,137,90,5,7,Finished,+1 Lap,1.0,0.0
1837,307,1991-04-28,1991,3,San Marino Grand Prix,1,102,77,1,2,Finished,Finished,1.0,0.0
1838,307,1991-04-28,1991,3,San Marino Grand Prix,27,123,100,7,10,+3 Laps,+4 Laps,1.0,0.0
1839,307,1991-04-28,1991,3,San Marino Grand Prix,32,57,141,5,6,+3 Laps,+3 Laps,1.0,0.0
1840,307,1991-04-28,1991,3,San Marino Grand Prix,34,87,84,8,11,+3 Laps,+4 Laps,1.0,0.0
1841,308,1991-05-12,1991,4,Monaco Grand Prix,6,55,117,3,5,Finished,+1 Lap,1.0,0.0
1842,308,1991-05-12,1991,4,Monaco Grand Prix,27,123,100,7,10,+2 Laps,+2 Laps,1.0,0.0
1843,308,1991-05-12,1991,4,Monaco Grand Prix,35,139,109,6,11,+1 Lap,+3 Laps,1.0,0.0
1844,309,1991-06-02,1991,5,Canadian Grand Prix,17,110,92,4,5,Finished,Finished,1.0,0.0
1845,309,1991-06-02,1991,5,Canadian Grand Prix,25,131,138,2,10,Finished,+2 Laps,1.0,0.0
1846,310,1991-06-16,1991,6,Mexican Grand Prix,3,119,95,1,2,Finished,Finished,1.0,0.0
1847,310,1991-06-16,1991,6,Mexican Grand Prix,25,131,138,11,12,+2 Laps,+3 Laps,1.0,0.0
1848,310,1991-06-16,1991,6,Mexican Grand Prix,32,57,65,9,10,+2 Laps,+2 Laps,1.0,0.0
1849,311,1991-07-07,1991,7,French Grand Prix,3,95,119,1,5,Finished,+1 Lap,1.0,0.0
1850,311,1991-07-07,1991,7,French Grand Prix,6,117,55,2,4,Finished,Finished,1.0,0.0
1851,311,1991-07-07,1991,7,French Grand Prix,27,100,123,11,12,+2 Laps,+3 Laps,1.0,0.0
1852,312,1991-07-14,1991,8,British Grand Prix,18,94,81,9,11,+1 Lap,+2 Laps,1.0,0.0
1853,312,1991-07-14,1991,8,British Grand Prix,25,131,138,7,8,+1 Lap,+1 Lap,1.0,0.0
1854,312,1991-07-14,1991,8,British Grand Prix,35,139,109,10,13,+2 Laps,+3 Laps,1.0,0.0
1855,313,1991-07-28,1991,9,German Grand Prix,3,95,119,1,2,Finished,Finished,1.0,0.0
1856,313,1991-07-28,1991,9,German Grand Prix,17,110,92,5,6,Finished,Finished,1.0,0.0
1857,313,1991-07-28,1991,9,German Grand Prix,34,84,87,11,12,+2 Laps,+2 Laps,1.0,0.0
1858,314,1991-08-11,1991,10,Hungarian Grand Prix,1,102,77,1,4,Finished,Finished,1.0,0.0
1859,314,1991-08-11,1991,10,Hungarian Grand Prix,3,95,119,2,3,Finished,Finished,1.0,0.0
1860,314,1991-08-11,1991,10,Hungarian Grand Prix,17,110,92,7,9,+1 Lap,+1 Lap,1.0,0.0
1861,314,1991-08-11,1991,10,Hungarian Grand Prix,25,131,138,12,15,+2 Laps,+3 Laps,1.0,0.0
1862,314,1991-08-11,1991,10,Hungarian Grand Prix,41,122,127,6,11,+1 Lap,+2 Laps,1.0,0.0
1863,315,1991-08-25,1991,11,Belgian Grand Prix,1,102,77,1,2,Finished,Finished,1.0,0.0
1864,315,1991-08-25,1991,11,Belgian Grand Prix,22,137,90,3,4,Finished,Finished,1.0,0.0
1865,315,1991-08-25,1991,11,Belgian Grand Prix,34,87,84,6,9,Finished,+1 Lap,1.0,0.0
1866,316,1991-09-08,1991,12,Italian Grand Prix,1,102,77,2,4,Finished,Finished,1.0,0.0
1867,316,1991-09-08,1991,12,Italian Grand Prix,22,30,137,5,6,Finished,Finished,1.0,0.0
1868,316,1991-09-08,1991,12,Italian Grand Prix,34,87,84,12,13,+1 Lap,+1 Lap,1.0,0.0
1869,316,1991-09-08,1991,12,Italian Grand Prix,41,122,127,8,15,Finished,+4 Laps,1.0,0.0
1870,317,1991-09-22,1991,13,Portuguese Grand Prix,17,110,90,8,10,+1 Lap,+1 Lap,1.0,0.0
1871,317,1991-09-22,1991,13,Portuguese Grand Prix,18,94,81,4,9,Finished,+1 Lap,1.0,0.0
1872,317,1991-09-22,1991,13,Portuguese Grand Prix,22,137,30,5,6,Finished,Finished,1.0,0.0
1873,317,1991-09-22,1991,13,Portuguese Grand Prix,27,100,123,11,16,+1 Lap,+3 Laps,1.0,0.0
1874,318,1991-09-29,1991,14,Spanish Grand Prix,3,95,119,1,3,Finished,Finished,1.0,0.0
1875,318,1991-09-29,1991,14,Spanish Grand Prix,6,117,55,2,4,Finished,Finished,1.0,0.0
1876,318,1991-09-29,1991,14,Spanish Grand Prix,22,30,137,6,11,Finished,+2 Laps,1.0,0.0
1877,318,1991-09-29,1991,14,Spanish Grand Prix,25,131,138,16,17,+3 Laps,+3 Laps,1.0,0.0
1878,318,1991-09-29,1991,14,Spanish Grand Prix,35,109,139,8,15,+1 Lap,+3 Laps,1.0,0.0
1879,319,1991-10-20,1991,15,Japanese Grand Prix,1,77,102,1,2,Finished,Finished,1.0,0.0
1880,320,1991-11-03,1991,16,Australian Grand Prix,1,102,77,1,3,Finished,Finished,1.0,0.0
1881,320,1991-11-03,1991,16,Australian Grand Prix,3,95,119,2,5,Finished,Finished,1.0,0.0
1882,320,1991-11-03,1991,16,Australian Grand Prix,17,110,70,8,9,Finished,Finished,1.0,0.0
1883,320,1991-11-03,1991,16,Australian Grand Prix,29,105,133,13,15,Finished,+1 Lap,1.0,0.0
1884,320,1991-11-03,1991,16,Australian Grand Prix,32,65,57,11,19,Finished,+2 Laps,1.0,0.0
1885,320,1991-11-03,1991,16,Australian Grand Prix,35,139,109,7,12,Finished,Finished,1.0,0.0
1886,320,1991-11-03,1991,16,Australian Grand Prix,41,127,91,14,20,+1 Lap,+2 Laps,1.0,0.0
1887,289,1992-03-01,1992,1,South African Grand Prix,1,102,77,3,5,Finished,Finished,1.0,0.0
1888,289,1992-03-01,1992,1,South African Grand Prix,3,95,119,1,2,Finished,Finished,1.0,0.0
1889,289,1992-03-01,1992,1,South African Grand Prix,29,88,105,8,10,+2 Laps,+2 Laps,1.0,0.0
1890,289,1992-03-01,1992,1,South African Grand Prix,32,65,57,6,9,+1 Lap,+2 Laps,1.0,0.0
1891,290,1992-03-22,1992,2,Mexican Grand Prix,3,95,119,1,2,Finished,Finished,1.0,0.0
1892,290,1992-03-22,1992,2,Mexican Grand Prix,27,100,123,9,10,+2 Laps,+2 Laps,1.0,0.0
1893,290,1992-03-22,1992,2,Mexican Grand Prix,32,57,65,6,7,+1 Lap,+1 Lap,1.0,0.0
1894,290,1992-03-22,1992,2,Mexican Grand Prix,33,92,79,11,12,+3 Laps,+3 Laps,1.0,0.0
1895,291,1992-04-05,1992,3,Brazilian Grand Prix,3,95,119,1,2,Finished,Finished,1.0,0.0
1896,291,1992-04-05,1992,3,Brazilian Grand Prix,6,55,122,4,5,+1 Lap,+1 Lap,1.0,0.0
1897,292,1992-05-03,1992,4,Spanish Grand Prix,29,105,88,5,7,+1 Lap,+2 Laps,1.0,0.0
1898,292,1992-05-03,1992,4,Spanish Grand Prix,37,91,108,8,12,+2 Laps,+4 Laps,1.0,0.0
1899,293,1992-05-17,1992,5,San Marino Grand Prix,3,95,119,1,2,Finished,Finished,1.0,0.0
1900,293,1992-05-17,1992,5,San Marino Grand Prix,29,105,88,5,10,+1 Lap,+2 Laps,1.0,0.0
1901,293,1992-05-17,1992,5,San Marino Grand Prix,37,91,108,12,13,+3 Laps,+3 Laps,1.0,0.0
1902,294,1992-05-31,1992,6,Monaco Grand Prix,3,95,119,2,3,Finished,Finished,1.0,0.0
1903,294,1992-05-31,1992,6,Monaco Grand Prix,22,30,84,4,5,Finished,Finished,1.0,0.0
1904,294,1992-05-31,1992,6,Monaco Grand Prix,27,100,123,10,12,+2 Laps,+3 Laps,1.0,0.0
1905,294,1992-05-31,1992,6,Monaco Grand Prix,29,105,88,7,11,+1 Lap,+2 Laps,1.0,0.0
1906,295,1992-06-14,1992,7,Canadian Grand Prix,18,81,104,11,13,+2 Laps,+4 Laps,1.0,0.0
1907,295,1992-06-14,1992,7,Canadian Grand Prix,25,110,129,5,12,+1 Lap,+2 Laps,1.0,0.0
1908,295,1992-06-14,1992,7,Canadian Grand Prix,27,100,123,6,10,+1 Lap,+2 Laps,1.0,0.0
1909,295,1992-06-14,1992,7,Canadian Grand Prix,35,94,109,8,9,+1 Lap,+1 Lap,1.0,0.0
1910,295,1992-06-14,1992,7,Canadian Grand Prix,37,91,108,4,14,+1 Lap,+5 Laps,1.0,0.0
1911,296,1992-07-05,1992,8,French Grand Prix,3,95,119,1,2,Finished,Finished,1.0,0.0
1912,296,1992-07-05,1992,8,French Grand Prix,32,57,65,4,6,+1 Lap,+1 Lap,1.0,0.0
1913,296,1992-07-05,1992,8,French Grand Prix,35,109,94,9,10,+2 Laps,+2 Laps,1.0,0.0
1914,297,1992-07-12,1992,9,British Grand Prix,3,95,119,1,2,Finished,Finished,1.0,0.0
1915,297,1992-07-12,1992,9,British Grand Prix,22,84,30,3,4,Finished,Finished,1.0,0.0
1916,297,1992-07-12,1992,9,British Grand Prix,27,100,123,8,10,+1 Lap,+2 Laps,1.0,0.0
1917,297,1992-07-12,1992,9,British Grand Prix,29,105,88,7,12,+1 Lap,+2 Laps,1.0,0.0
1918,297,1992-07-12,1992,9,British Grand Prix,35,109,94,13,15,+2 Laps,+3 Laps,1.0,0.0
1919,298,1992-07-26,1992,10,German Grand Prix,22,30,84,3,4,Finished,Finished,1.0,0.0
1920,298,1992-07-26,1992,10,German Grand Prix,27,100,123,6,7,Finished,Finished,1.0,0.0
1921,298,1992-07-26,1992,10,German Grand Prix,35,109,94,10,11,+1 Lap,+1 Lap,1.0,0.0
1922,298,1992-07-26,1992,10,German Grand Prix,37,108,91,13,16,+1 Lap,+3 Laps,1.0,0.0
1923,299,1992-08-16,1992,11,Hungarian Grand Prix,1,102,77,1,3,Finished,Finished,1.0,0.0
1924,300,1992-08-30,1992,12,Belgian Grand Prix,3,95,119,2,3,Finished,Finished,1.0,0.0
1925,300,1992-08-30,1992,12,Belgian Grand Prix,17,127,131,14,15,+2 Laps,+2 Laps,1.0,0.0
1926,300,1992-08-30,1992,12,Belgian Grand Prix,22,30,84,1,4,Finished,Finished,1.0,0.0
1927,300,1992-08-30,1992,12,Belgian Grand Prix,37,91,125,11,12,+1 Lap,+1 Lap,1.0,0.0
1928,301,1992-09-13,1992,13,Italian Grand Prix,1,102,77,1,4,Finished,Finished,1.0,0.0
1929,301,1992-09-13,1992,13,Italian Grand Prix,22,84,30,2,3,Finished,Finished,1.0,0.0
1930,302,1992-09-27,1992,14,Portuguese Grand Prix,1,77,102,2,3,Finished,+1 Lap,1.0,0.0
1931,302,1992-09-27,1992,14,Portuguese Grand Prix,18,104,81,12,14,+3 Laps,+3 Laps,1.0,0.0
1932,302,1992-09-27,1992,14,Portuguese Grand Prix,22,84,30,4,7,+1 Lap,+2 Laps,1.0,0.0
1933,302,1992-09-27,1992,14,Portuguese Grand Prix,29,105,88,6,10,+1 Lap,+3 Laps,1.0,0.0
1934,303,1992-10-25,1992,15,Japanese Grand Prix,6,55,78,5,12,+1 Lap,+1 Lap,1.0,0.0
1935,303,1992-10-25,1992,15,Japanese Grand Prix,18,104,81,6,14,+1 Lap,+2 Laps,1.0,0.0
1936,303,1992-10-25,1992,15,Japanese Grand Prix,29,88,105,8,15,+1 Lap,+2 Laps,1.0,0.0
1937,303,1992-10-25,1992,15,Japanese Grand Prix,35,109,94,9,10,+1 Lap,+1 Lap,1.0,0.0
1938,304,1992-11-08,1992,16,Australian Grand Prix,6,55,78,4,11,+1 Lap,+2 Laps,1.0,0.0
1939,304,1992-11-08,1992,16,Australian Grand Prix,18,104,81,9,10,+2 Laps,+2 Laps,1.0,0.0
1940,304,1992-11-08,1992,16,Australian Grand Prix,22,30,84,2,3,Finished,Finished,1.0,0.0
1941,304,1992-11-08,1992,16,Australian Grand Prix,32,57,65,7,13,+1 Lap,+4 Laps,1.0,0.0
1942,274,1993-03-28,1993,2,Brazilian Grand Prix,26,105,69,11,12,+3 Laps,+3 Laps,1.0,0.0
1943,274,1993-03-28,1993,2,Brazilian Grand Prix,32,65,70,4,6,Finished,+1 Lap,1.0,0.0
1944,274,1993-03-28,1993,2,Brazilian Grand Prix,33,112,100,7,10,+1 Lap,+2 Laps,1.0,0.0
1945,275,1993-04-11,1993,3,European Grand Prix,3,71,117,2,3,Finished,+1 Lap,1.0,0.0
1946,275,1993-04-11,1993,3,European Grand Prix,18,120,104,6,7,+2 Laps,+3 Laps,1.0,0.0
1947,275,1993-04-11,1993,3,European Grand Prix,32,65,70,4,8,+1 Lap,+4 Laps,1.0,0.0
1948,277,1993-05-09,1993,5,Spanish Grand Prix,1,102,121,2,5,Finished,+1 Lap,1.0,0.0
1949,277,1993-05-09,1993,5,Spanish Grand Prix,17,123,22,11,12,+3 Laps,+3 Laps,1.0,0.0
1950,277,1993-05-09,1993,5,Spanish Grand Prix,22,30,119,3,4,Finished,+1 Lap,1.0,0.0
1951,277,1993-05-09,1993,5,Spanish Grand Prix,29,88,118,10,13,+2 Laps,+3 Laps,1.0,0.0
1952,278,1993-05-23,1993,6,Monaco Grand Prix,1,102,121,1,8,Finished,+2 Laps,1.0,0.0
1953,278,1993-05-23,1993,6,Monaco Grand Prix,3,71,117,2,4,Finished,+1 Lap,1.0,0.0
1954,278,1993-05-23,1993,6,Monaco Grand Prix,18,104,120,5,11,+2 Laps,+3 Laps,1.0,0.0
1955,279,1993-06-13,1993,7,Canadian Grand Prix,3,117,71,1,3,Finished,Finished,1.0,0.0
1956,279,1993-06-13,1993,7,Canadian Grand Prix,15,91,109,6,7,+1 Lap,+1 Lap,1.0,0.0
1957,279,1993-06-13,1993,7,Canadian Grand Prix,29,88,118,13,16,+3 Laps,+4 Laps,1.0,0.0
1958,279,1993-06-13,1993,7,Canadian Grand Prix,32,65,70,10,11,+2 Laps,+2 Laps,1.0,0.0
1959,280,1993-07-04,1993,8,French Grand Prix,1,102,121,4,6,Finished,+1 Lap,1.0,0.0
1960,280,1993-07-04,1993,8,French Grand Prix,3,117,71,1,2,Finished,Finished,1.0,0.0
1961,280,1993-07-04,1993,8,French Grand Prix,17,22,123,7,11,+1 Lap,+2 Laps,1.0,0.0
1962,280,1993-07-04,1993,8,French Grand Prix,22,30,119,3,10,Finished,+2 Laps,1.0,0.0
1963,280,1993-07-04,1993,8,French Grand Prix,29,88,118,12,13,+2 Laps,+2 Laps,1.0,0.0
1964,281,1993-07-11,1993,9,British Grand Prix,22,30,119,2,3,Finished,Finished,1.0,0.0
1965,282,1993-07-25,1993,10,German Grand Prix,6,77,55,6,7,Finished,Finished,1.0,0.0
1966,282,1993-07-25,1993,10,German Grand Prix,18,104,94,11,14,+1 Lap,+1 Lap,1.0,0.0
1967,282,1993-07-25,1993,10,German Grand Prix,22,30,119,2,5,Finished,Finished,1.0,0.0
1968,282,1993-07-25,1993,10,German Grand Prix,27,87,84,3,8,Finished,+1 Lap,1.0,0.0
1969,283,1993-08-15,1993,11,Hungarian Grand Prix,3,71,117,1,12,Finished,+7 Laps,1.0,0.0
1970,283,1993-08-15,1993,11,Hungarian Grand Prix,25,79,110,10,11,+4 Laps,+5 Laps,1.0,0.0
1971,283,1993-08-15,1993,11,Hungarian Grand Prix,27,84,87,5,7,+1 Lap,+1 Lap,1.0,0.0
1972,284,1993-08-29,1993,12,Belgian Grand Prix,1,102,121,4,8,Finished,+1 Lap,1.0,0.0
1973,284,1993-08-29,1993,12,Belgian Grand Prix,3,71,117,1,3,Finished,Finished,1.0,0.0
1974,284,1993-08-29,1993,12,Belgian Grand Prix,22,30,119,2,6,Finished,+1 Lap,1.0,0.0
1975,284,1993-08-29,1993,12,Belgian Grand Prix,26,69,105,13,14,+2 Laps,+3 Laps,1.0,0.0
1976,285,1993-09-12,1993,13,Italian Grand Prix,18,94,104,7,8,+2 Laps,+2 Laps,1.0,0.0
1977,285,1993-09-12,1993,13,Italian Grand Prix,33,100,112,6,9,+1 Lap,+2 Laps,1.0,0.0
1978,286,1993-09-26,1993,14,Portuguese Grand Prix,3,117,71,2,3,Finished,Finished,1.0,0.0
1979,286,1993-09-26,1993,14,Portuguese Grand Prix,15,91,109,5,7,+1 Lap,+2 Laps,1.0,0.0
1980,286,1993-09-26,1993,14,Portuguese Grand Prix,18,94,104,8,9,+2 Laps,+2 Laps,1.0,0.0
1981,286,1993-09-26,1993,14,Portuguese Grand Prix,33,112,100,10,11,+2 Laps,+3 Laps,1.0,0.0
1982,287,1993-10-24,1993,15,Japanese Grand Prix,1,102,57,1,3,Finished,Finished,1.0,0.0
1983,287,1993-10-24,1993,15,Japanese Grand Prix,3,117,71,2,4,Finished,Finished,1.0,0.0
1984,287,1993-10-24,1993,15,Japanese Grand Prix,17,22,56,5,6,Finished,Finished,1.0,0.0
1985,288,1993-11-07,1993,16,Australian Grand Prix,3,117,71,2,3,Finished,Finished,1.0,0.0
1986,288,1993-11-07,1993,16,Australian Grand Prix,6,55,77,4,5,+1 Lap,+1 Lap,1.0,0.0
1987,288,1993-11-07,1993,16,Australian Grand Prix,27,84,87,6,9,+1 Lap,+2 Laps,1.0,0.0
1988,288,1993-11-07,1993,16,Australian Grand Prix,29,88,118,7,10,+1 Lap,+2 Laps,1.0,0.0
1989,288,1993-11-07,1993,16,Australian Grand Prix,33,100,126,12,14,+3 Laps,+5 Laps,1.0,0.0
1990,257,1994-03-27,1994,1,Brazilian Grand Prix,32,65,83,7,10,+2 Laps,+3 Laps,1.0,0.0
1991,258,1994-04-17,1994,2,Pacific Grand Prix,27,44,103,9,10,+5 Laps,+5 Laps,1.0,0.0
1992,258,1994-04-17,1994,2,Pacific Grand Prix,32,65,83,7,8,+3 Laps,+4 Laps,1.0,0.0
1993,259,1994-05-01,1994,3,San Marino Grand Prix,1,57,84,3,8,Finished,+1 Lap,1.0,0.0
1994,259,1994-05-01,1994,3,San Marino Grand Prix,15,91,49,4,7,Finished,+1 Lap,1.0,0.0
1995,259,1994-05-01,1994,3,San Marino Grand Prix,25,79,87,5,9,+1 Lap,+2 Laps,1.0,0.0
1996,259,1994-05-01,1994,3,San Marino Grand Prix,27,44,103,11,12,+2 Laps,+3 Laps,1.0,0.0
1997,260,1994-05-15,1994,4,Monaco Grand Prix,6,77,55,3,5,Finished,+1 Lap,1.0,0.0
1998,260,1994-05-15,1994,4,Monaco Grand Prix,22,30,109,1,7,Finished,+1 Lap,1.0,0.0
1999,260,1994-05-15,1994,4,Monaco Grand Prix,33,106,100,8,10,+2 Laps,+3 Laps,1.0,0.0
2000,261,1994-05-29,1994,5,Spanish Grand Prix,27,44,103,7,8,+2 Laps,+3 Laps,1.0,0.0
2001,262,1994-06-12,1994,6,Canadian Grand Prix,3,71,14,2,5,Finished,+1 Lap,1.0,0.0
2002,262,1994-06-12,1994,6,Canadian Grand Prix,6,55,77,3,4,Finished,Finished,1.0,0.0
2003,262,1994-06-12,1994,6,Canadian Grand Prix,18,94,105,9,11,+1 Lap,+2 Laps,1.0,0.0
2004,262,1994-06-12,1994,6,Canadian Grand Prix,22,30,109,1,6,Finished,+1 Lap,1.0,0.0
2005,262,1994-06-12,1994,6,Canadian Grand Prix,27,44,103,12,13,+2 Laps,+3 Laps,1.0,0.0
2006,262,1994-06-12,1994,6,Canadian Grand Prix,32,65,70,8,15,+1 Lap,+7 Laps,1.0,0.0
2007,263,1994-07-03,1994,7,French Grand Prix,15,49,110,4,6,+1 Lap,+2 Laps,1.0,0.0
2008,264,1994-07-10,1994,8,British Grand Prix,3,71,14,1,5,Finished,+1 Lap,1.0,0.0
2009,264,1994-07-10,1994,8,British Grand Prix,27,44,103,12,13,+2 Laps,+2 Laps,1.0,0.0
2010,264,1994-07-10,1994,8,British Grand Prix,31,101,111,15,16,+3 Laps,+3 Laps,1.0,0.0
2011,265,1994-07-31,1994,9,German Grand Prix,27,44,103,2,3,Finished,Finished,1.0,0.0
2012,265,1994-07-31,1994,9,German Grand Prix,29,104,81,4,5,Finished,Finished,1.0,0.0
2013,265,1994-07-31,1994,9,German Grand Prix,33,100,106,6,7,Finished,+1 Lap,1.0,0.0
2014,266,1994-08-14,1994,10,Hungarian Grand Prix,22,30,50,1,3,Finished,Finished,1.0,0.0
2015,266,1994-08-14,1994,10,Hungarian Grand Prix,27,44,103,6,10,+1 Lap,+2 Laps,1.0,0.0
2016,266,1994-08-14,1994,10,Hungarian Grand Prix,33,100,106,8,9,+2 Laps,+2 Laps,1.0,0.0
2017,267,1994-08-28,1994,11,Belgian Grand Prix,3,71,14,1,4,Finished,Finished,1.0,0.0
2018,267,1994-08-28,1994,11,Belgian Grand Prix,18,94,105,8,9,+1 Lap,+1 Lap,1.0,0.0
2019,267,1994-08-28,1994,11,Belgian Grand Prix,27,44,103,7,10,+1 Lap,+2 Laps,1.0,0.0
2020,268,1994-09-11,1994,12,Italian Grand Prix,1,57,84,3,5,Finished,Finished,1.0,0.0
2021,268,1994-09-11,1994,12,Italian Grand Prix,27,103,44,7,10,+1 Lap,+2 Laps,1.0,0.0
2022,269,1994-09-25,1994,13,Portuguese Grand Prix,1,57,84,3,6,Finished,Finished,1.0,0.0
2023,269,1994-09-25,1994,13,Portuguese Grand Prix,3,71,14,1,2,Finished,Finished,1.0,0.0
2024,269,1994-09-25,1994,13,Portuguese Grand Prix,17,22,56,4,7,Finished,+1 Lap,1.0,0.0
2025,269,1994-09-25,1994,13,Portuguese Grand Prix,18,94,105,12,13,+2 Laps,+2 Laps,1.0,0.0
2026,269,1994-09-25,1994,13,Portuguese Grand Prix,29,104,81,8,9,+1 Lap,+1 Lap,1.0,0.0
2027,269,1994-09-25,1994,13,Portuguese Grand Prix,32,65,113,11,16,+1 Lap,+4 Laps,1.0,0.0
2028,270,1994-10-16,1994,14,European Grand Prix,6,77,55,5,10,+1 Lap,+1 Lap,1.0,0.0
2029,270,1994-10-16,1994,14,European Grand Prix,17,56,22,4,12,Finished,+1 Lap,1.0,0.0
2030,270,1994-10-16,1994,14,European Grand Prix,18,105,94,14,15,+2 Laps,+2 Laps,1.0,0.0
2031,270,1994-10-16,1994,14,European Grand Prix,25,79,87,7,13,+1 Lap,+1 Lap,1.0,0.0
2032,270,1994-10-16,1994,14,European Grand Prix,27,65,44,8,9,+1 Lap,+1 Lap,1.0,0.0
2033,270,1994-10-16,1994,14,European Grand Prix,29,81,104,11,17,+1 Lap,+3 Laps,1.0,0.0
2034,270,1994-10-16,1994,14,European Grand Prix,32,70,103,16,18,+2 Laps,+3 Laps,1.0,0.0
2035,271,1994-11-06,1994,15,Japanese Grand Prix,3,71,95,1,4,Finished,Finished,1.0,0.0
2036,271,1994-11-06,1994,15,Japanese Grand Prix,32,63,70,10,13,+1 Lap,+2 Laps,1.0,0.0
2037,272,1994-11-13,1994,16,Australian Grand Prix,6,77,55,2,6,Finished,+1 Lap,1.0,0.0
2038,272,1994-11-13,1994,16,Australian Grand Prix,15,49,109,7,10,+1 Lap,+2 Laps,1.0,0.0
2039,272,1994-11-13,1994,16,Australian Grand Prix,27,44,116,5,11,+1 Lap,+2 Laps,1.0,0.0
2040,240,1995-03-26,1995,1,Brazilian Grand Prix,1,57,87,4,6,+1 Lap,+1 Lap,1.0,0.0
2041,240,1995-03-26,1995,1,Brazilian Grand Prix,6,77,55,3,5,+1 Lap,+1 Lap,1.0,0.0
2042,241,1995-04-09,1995,2,Argentine Grand Prix,6,55,77,2,6,Finished,+2 Laps,1.0,0.0
2043,241,1995-04-09,1995,2,Argentine Grand Prix,22,30,65,3,4,Finished,+1 Lap,1.0,0.0
2044,242,1995-04-30,1995,3,San Marino Grand Prix,1,57,95,5,10,+1 Lap,+2 Laps,1.0,0.0
2045,242,1995-04-30,1995,3,San Marino Grand Prix,3,71,14,1,4,Finished,Finished,1.0,0.0
2046,242,1995-04-30,1995,3,San Marino Grand Prix,6,55,77,2,3,Finished,Finished,1.0,0.0
2047,242,1995-04-30,1995,3,San Marino Grand Prix,18,94,69,12,14,+4 Laps,+4 Laps,1.0,0.0
2048,242,1995-04-30,1995,3,San Marino Grand Prix,27,44,88,9,11,+2 Laps,+3 Laps,1.0,0.0
2049,243,1995-05-14,1995,4,Spanish Grand Prix,15,49,91,8,13,+1 Lap,+2 Laps,1.0,0.0
2050,243,1995-05-14,1995,4,Spanish Grand Prix,17,56,22,5,7,+1 Lap,+1 Lap,1.0,0.0
2051,243,1995-05-14,1995,4,Spanish Grand Prix,22,30,65,1,2,Finished,Finished,1.0,0.0
2052,243,1995-05-14,1995,4,Spanish Grand Prix,27,44,84,6,9,+1 Lap,+1 Lap,1.0,0.0
2053,243,1995-05-14,1995,4,Spanish Grand Prix,31,50,93,12,15,+2 Laps,+4 Laps,1.0,0.0
2054,244,1995-05-28,1995,5,Monaco Grand Prix,15,49,96,6,8,+2 Laps,+4 Laps,1.0,0.0
2055,244,1995-05-28,1995,5,Monaco Grand Prix,22,30,65,1,4,Finished,+1 Lap,1.0,0.0
2056,245,1995-06-11,1995,6,Canadian Grand Prix,17,22,56,2,3,Finished,Finished,1.0,0.0
2057,245,1995-06-11,1995,6,Canadian Grand Prix,29,81,89,6,9,+1 Lap,+2 Laps,1.0,0.0
2058,246,1995-07-02,1995,7,French Grand Prix,1,57,87,7,11,+1 Lap,+2 Laps,1.0,0.0
2059,246,1995-07-02,1995,7,French Grand Prix,3,71,14,2,3,Finished,Finished,1.0,0.0
2060,246,1995-07-02,1995,7,French Grand Prix,6,55,77,5,12,Finished,+2 Laps,1.0,0.0
2061,246,1995-07-02,1995,7,French Grand Prix,17,22,56,6,9,+1 Lap,+1 Lap,1.0,0.0
2062,246,1995-07-02,1995,7,French Grand Prix,27,84,44,4,8,Finished,+1 Lap,1.0,0.0
2063,247,1995-07-16,1995,8,British Grand Prix,15,49,96,6,9,+1 Lap,+1 Lap,1.0,0.0
2064,247,1995-07-16,1995,8,British Grand Prix,18,94,69,7,10,+1 Lap,+1 Lap,1.0,0.0
2065,248,1995-07-30,1995,9,German Grand Prix,22,30,65,1,4,Finished,Finished,1.0,0.0
2066,249,1995-08-13,1995,10,Hungarian Grand Prix,3,71,14,1,2,Finished,Finished,1.0,0.0
2067,249,1995-08-13,1995,10,Hungarian Grand Prix,15,49,96,5,10,+1 Lap,+3 Laps,1.0,0.0
2068,249,1995-08-13,1995,10,Hungarian Grand Prix,18,69,83,8,9,+2 Laps,+3 Laps,1.0,0.0
2069,250,1995-08-27,1995,11,Belgian Grand Prix,15,49,96,4,11,Finished,+1 Lap,1.0,0.0
2070,250,1995-08-27,1995,11,Belgian Grand Prix,22,30,65,1,7,Finished,Finished,1.0,0.0
2071,250,1995-08-27,1995,11,Belgian Grand Prix,27,84,44,3,9,Finished,Finished,1.0,0.0
2072,250,1995-08-27,1995,11,Belgian Grand Prix,28,64,90,13,14,+2 Laps,+2 Laps,1.0,0.0
2073,251,1995-09-10,1995,12,Italian Grand Prix,1,57,87,2,4,Finished,Finished,1.0,0.0
2074,251,1995-09-10,1995,12,Italian Grand Prix,15,49,96,3,6,Finished,+1 Lap,1.0,0.0
2075,251,1995-09-10,1995,12,Italian Grand Prix,25,63,79,5,10,+1 Lap,+6 Laps,1.0,0.0
2076,251,1995-09-10,1995,12,Italian Grand Prix,29,97,89,7,8,+1 Lap,+1 Lap,1.0,0.0
2077,252,1995-09-24,1995,13,Portuguese Grand Prix,3,14,71,1,3,Finished,Finished,1.0,0.0
2078,252,1995-09-24,1995,13,Portuguese Grand Prix,6,77,55,4,5,Finished,Finished,1.0,0.0
2079,252,1995-09-24,1995,13,Portuguese Grand Prix,15,49,96,6,12,+1 Lap,+1 Lap,1.0,0.0
2080,252,1995-09-24,1995,13,Portuguese Grand Prix,17,56,22,10,11,+1 Lap,+1 Lap,1.0,0.0
2081,252,1995-09-24,1995,13,Portuguese Grand Prix,22,30,65,2,7,Finished,+1 Lap,1.0,0.0
2082,252,1995-09-24,1995,13,Portuguese Grand Prix,28,64,90,16,17,+5 Laps,+7 Laps,1.0,0.0
2083,253,1995-10-01,1995,14,European Grand Prix,17,22,56,4,6,+1 Lap,+1 Lap,1.0,0.0
2084,253,1995-10-01,1995,14,European Grand Prix,18,83,69,9,11,+3 Laps,+3 Laps,1.0,0.0
2085,253,1995-10-01,1995,14,European Grand Prix,22,30,65,1,5,Finished,+1 Lap,1.0,0.0
2086,253,1995-10-01,1995,14,European Grand Prix,25,63,99,10,14,+3 Laps,+6 Laps,1.0,0.0
2087,254,1995-10-22,1995,15,Pacific Grand Prix,1,87,76,9,10,+2 Laps,+2 Laps,1.0,0.0
2088,254,1995-10-22,1995,15,Pacific Grand Prix,3,14,71,2,3,Finished,Finished,1.0,0.0
2089,254,1995-10-22,1995,15,Pacific Grand Prix,6,77,55,4,5,+1 Lap,+1 Lap,1.0,0.0
2090,254,1995-10-22,1995,15,Pacific Grand Prix,18,83,69,13,15,+3 Laps,+3 Laps,1.0,0.0
2091,254,1995-10-22,1995,15,Pacific Grand Prix,22,30,65,1,6,Finished,+1 Lap,1.0,0.0
2092,254,1995-10-22,1995,15,Pacific Grand Prix,25,63,79,12,14,+3 Laps,+3 Laps,1.0,0.0
2093,254,1995-10-22,1995,15,Pacific Grand Prix,28,90,64,16,17,+5 Laps,+6 Laps,1.0,0.0
2094,255,1995-10-29,1995,16,Japanese Grand Prix,1,57,87,2,7,Finished,+1 Lap,1.0,0.0
2095,255,1995-10-29,1995,16,Japanese Grand Prix,15,49,91,8,10,+1 Lap,+2 Laps,1.0,0.0
2096,255,1995-10-29,1995,16,Japanese Grand Prix,18,69,83,9,11,+2 Laps,+2 Laps,1.0,0.0
2097,255,1995-10-29,1995,16,Japanese Grand Prix,22,30,65,1,3,Finished,Finished,1.0,0.0
2098,224,1996-03-10,1996,1,Australian Grand Prix,3,71,35,1,2,Finished,Finished,1.0,0.0
2099,224,1996-03-10,1996,1,Australian Grand Prix,25,63,79,6,11,+1 Lap,+3 Laps,1.0,0.0
2100,224,1996-03-10,1996,1,Australian Grand Prix,27,44,64,7,10,+1 Lap,+2 Laps,1.0,0.0
2101,225,1996-03-31,1996,2,Brazilian Grand Prix,6,30,56,3,7,+1 Lap,+1 Lap,1.0,0.0
2102,225,1996-03-31,1996,2,Brazilian Grand Prix,25,63,79,5,9,+1 Lap,+2 Laps,1.0,0.0
2103,225,1996-03-31,1996,2,Brazilian Grand Prix,27,44,64,6,8,+1 Lap,+2 Laps,1.0,0.0
2104,226,1996-04-07,1996,3,Argentine Grand Prix,3,71,35,1,2,Finished,Finished,1.0,0.0
2105,227,1996-04-28,1996,4,European Grand Prix,1,14,57,3,8,Finished,Finished,1.0,0.0
2106,227,1996-04-28,1996,4,European Grand Prix,3,35,71,1,4,Finished,Finished,1.0,0.0
2107,227,1996-04-28,1996,4,European Grand Prix,17,22,84,5,6,Finished,Finished,1.0,0.0
2108,227,1996-04-28,1996,4,European Grand Prix,18,83,21,12,13,+2 Laps,+2 Laps,1.0,0.0
2109,228,1996-05-05,1996,5,San Marino Grand Prix,6,30,56,2,4,Finished,Finished,1.0,0.0
2110,228,1996-05-05,1996,5,San Marino Grand Prix,22,77,55,3,6,Finished,+1 Lap,1.0,0.0
2111,231,1996-06-16,1996,8,Canadian Grand Prix,1,14,57,4,5,Finished,+1 Lap,1.0,0.0
2112,231,1996-06-16,1996,8,Canadian Grand Prix,3,71,35,1,2,Finished,Finished,1.0,0.0
2113,232,1996-06-30,1996,9,French Grand Prix,1,57,14,5,6,Finished,+1 Lap,1.0,0.0
2114,232,1996-06-30,1996,9,French Grand Prix,3,71,35,1,2,Finished,Finished,1.0,0.0
2115,232,1996-06-30,1996,9,French Grand Prix,17,84,22,8,9,+1 Lap,+1 Lap,1.0,0.0
2116,232,1996-06-30,1996,9,French Grand Prix,22,55,77,3,4,Finished,Finished,1.0,0.0
2117,233,1996-07-14,1996,10,British Grand Prix,1,57,14,3,5,Finished,Finished,1.0,0.0
2118,233,1996-07-14,1996,10,British Grand Prix,15,49,65,8,9,+1 Lap,+1 Lap,1.0,0.0
2119,233,1996-07-14,1996,10,British Grand Prix,17,22,84,4,6,Finished,+1 Lap,1.0,0.0
2120,234,1996-07-28,1996,11,German Grand Prix,3,71,35,1,3,Finished,Finished,1.0,0.0
2121,234,1996-07-28,1996,11,German Grand Prix,17,22,84,6,10,Finished,+1 Lap,1.0,0.0
2122,235,1996-08-11,1996,12,Hungarian Grand Prix,3,35,71,1,2,Finished,Finished,1.0,0.0
2123,236,1996-08-25,1996,13,Belgian Grand Prix,3,35,71,2,5,Finished,Finished,1.0,0.0
2124,236,1996-08-25,1996,13,Belgian Grand Prix,22,55,77,4,6,Finished,Finished,1.0,0.0
2125,236,1996-08-25,1996,13,Belgian Grand Prix,25,63,79,7,8,Finished,Finished,1.0,0.0
2126,237,1996-09-08,1996,14,Italian Grand Prix,17,84,22,4,5,Finished,Finished,1.0,0.0
2127,238,1996-09-22,1996,15,Portuguese Grand Prix,3,35,71,1,2,Finished,Finished,1.0,0.0
2128,238,1996-09-22,1996,15,Portuguese Grand Prix,6,30,56,3,5,Finished,Finished,1.0,0.0
2129,238,1996-09-22,1996,15,Portuguese Grand Prix,15,49,65,7,8,+1 Lap,+1 Lap,1.0,0.0
2130,238,1996-09-22,1996,15,Portuguese Grand Prix,18,86,83,15,16,+5 Laps,+5 Laps,1.0,0.0
2131,238,1996-09-22,1996,15,Portuguese Grand Prix,22,55,77,4,6,Finished,Finished,1.0,0.0
2132,238,1996-09-22,1996,15,Portuguese Grand Prix,25,63,79,11,12,+1 Lap,+2 Laps,1.0,0.0
2133,239,1996-10-13,1996,16,Japanese Grand Prix,1,57,14,3,8,Finished,Finished,1.0,0.0
2134,239,1996-10-13,1996,16,Japanese Grand Prix,15,49,65,6,10,Finished,Finished,1.0,0.0
2135,239,1996-10-13,1996,16,Japanese Grand Prix,17,84,22,5,9,Finished,Finished,1.0,0.0
2136,239,1996-10-13,1996,16,Japanese Grand Prix,29,50,73,11,13,+1 Lap,+2 Laps,1.0,0.0
2137,207,1997-03-09,1997,1,Australian Grand Prix,1,14,57,1,3,Finished,Finished,1.0,0.0
2138,207,1997-03-09,1997,1,Australian Grand Prix,20,44,75,5,7,Finished,+2 Laps,1.0,0.0
2139,208,1997-03-30,1997,2,Brazilian Grand Prix,1,57,14,4,10,Finished,+1 Lap,1.0,0.0
2140,208,1997-03-30,1997,2,Brazilian Grand Prix,3,35,49,1,9,Finished,Finished,1.0,0.0
2141,208,1997-03-30,1997,2,Brazilian Grand Prix,6,30,56,5,16,Finished,+2 Laps,1.0,0.0
2142,208,1997-03-30,1997,2,Brazilian Grand Prix,15,65,78,7,11,Finished,+1 Lap,1.0,0.0
2143,208,1997-03-30,1997,2,Brazilian Grand Prix,18,15,79,12,18,+1 Lap,+5 Laps,1.0,0.0
2144,208,1997-03-30,1997,2,Brazilian Grand Prix,20,44,75,3,14,Finished,+1 Lap,1.0,0.0
2145,208,1997-03-30,1997,2,Brazilian Grand Prix,22,77,55,2,6,Finished,Finished,1.0,0.0
2146,208,1997-03-30,1997,2,Brazilian Grand Prix,25,63,50,13,15,+1 Lap,+2 Laps,1.0,0.0
2147,209,1997-04-13,1997,3,Argentine Grand Prix,22,77,55,6,7,Finished,Finished,1.0,0.0
2148,210,1997-04-27,1997,4,San Marino Grand Prix,6,30,56,2,3,Finished,Finished,1.0,0.0
2149,210,1997-04-27,1997,4,San Marino Grand Prix,25,63,50,9,10,+2 Laps,+2 Laps,1.0,0.0
2150,211,1997-05-11,1997,5,Monaco Grand Prix,6,30,56,1,3,Finished,Finished,1.0,0.0
2151,211,1997-05-11,1997,5,Monaco Grand Prix,24,22,76,2,7,Finished,+1 Lap,1.0,0.0
2152,211,1997-05-11,1997,5,Monaco Grand Prix,25,63,50,5,8,+1 Lap,+2 Laps,1.0,0.0
2153,212,1997-05-25,1997,6,Spanish Grand Prix,1,14,57,6,7,Finished,Finished,1.0,0.0
2154,212,1997-05-25,1997,6,Spanish Grand Prix,3,35,49,1,8,Finished,Finished,1.0,0.0
2155,212,1997-05-25,1997,6,Spanish Grand Prix,6,30,56,4,12,Finished,+1 Lap,1.0,0.0
2156,212,1997-05-25,1997,6,Spanish Grand Prix,15,65,81,5,14,Finished,+2 Laps,1.0,0.0
2157,212,1997-05-25,1997,6,Spanish Grand Prix,22,55,77,3,10,Finished,Finished,1.0,0.0
2158,213,1997-06-15,1997,7,Canadian Grand Prix,15,65,81,5,10,Finished,+1 Lap,1.0,0.0
2159,213,1997-06-15,1997,7,Canadian Grand Prix,21,64,71,8,9,+1 Lap,+1 Lap,1.0,0.0
2160,214,1997-06-29,1997,8,French Grand Prix,3,49,35,2,4,Finished,Finished,1.0,0.0
2161,214,1997-06-29,1997,8,French Grand Prix,6,30,56,1,3,Finished,Finished,1.0,0.0
2162,214,1997-06-29,1997,8,French Grand Prix,17,23,21,6,9,Finished,+1 Lap,1.0,0.0
2163,215,1997-07-13,1997,9,British Grand Prix,17,23,21,5,7,Finished,+1 Lap,1.0,0.0
2164,215,1997-07-13,1997,9,British Grand Prix,22,55,25,2,3,Finished,Finished,1.0,0.0
2165,216,1997-07-27,1997,10,German Grand Prix,17,23,21,5,11,Finished,+5 Laps,1.0,0.0
2166,216,1997-07-27,1997,10,German Grand Prix,20,15,75,4,7,Finished,Finished,1.0,0.0
2167,216,1997-07-27,1997,10,German Grand Prix,22,77,55,1,6,Finished,Finished,1.0,0.0
2168,217,1997-08-10,1997,11,Hungarian Grand Prix,18,79,58,10,12,+1 Lap,+2 Laps,1.0,0.0
2169,217,1997-08-10,1997,11,Hungarian Grand Prix,20,75,15,6,7,Finished,Finished,1.0,0.0
2170,217,1997-08-10,1997,11,Hungarian Grand Prix,22,77,55,8,11,Finished,+1 Lap,1.0,0.0
2171,218,1997-08-24,1997,12,Belgian Grand Prix,3,49,35,3,5,Finished,Finished,1.0,0.0
2172,218,1997-08-24,1997,12,Belgian Grand Prix,6,30,56,1,10,Finished,+1 Lap,1.0,0.0
2173,218,1997-08-24,1997,12,Belgian Grand Prix,15,65,81,4,9,Finished,Finished,1.0,0.0
2174,218,1997-08-24,1997,12,Belgian Grand Prix,21,64,71,7,13,Finished,+2 Laps,1.0,0.0
2175,218,1997-08-24,1997,12,Belgian Grand Prix,22,77,55,6,8,Finished,Finished,1.0,0.0
2176,219,1997-09-07,1997,13,Italian Grand Prix,1,14,57,1,9,Finished,Finished,1.0,0.0
2177,219,1997-09-07,1997,13,Italian Grand Prix,3,49,35,3,5,Finished,Finished,1.0,0.0
2178,219,1997-09-07,1997,13,Italian Grand Prix,6,30,56,6,8,Finished,Finished,1.0,0.0
2179,219,1997-09-07,1997,13,Italian Grand Prix,20,15,75,10,11,Finished,Finished,1.0,0.0
2180,219,1997-09-07,1997,13,Italian Grand Prix,22,55,77,2,7,Finished,Finished,1.0,0.0
2181,220,1997-09-21,1997,14,Austrian Grand Prix,3,35,49,1,3,Finished,Finished,1.0,0.0
2182,220,1997-09-21,1997,14,Austrian Grand Prix,15,65,81,8,9,Finished,Finished,1.0,0.0
2183,220,1997-09-21,1997,14,Austrian Grand Prix,17,21,23,4,5,Finished,Finished,1.0,0.0
2184,220,1997-09-21,1997,14,Austrian Grand Prix,21,71,64,7,13,Finished,+4 Laps,1.0,0.0
2185,221,1997-09-28,1997,15,Luxembourg Grand Prix,3,35,49,1,3,Finished,Finished,1.0,0.0
2186,221,1997-09-28,1997,15,Luxembourg Grand Prix,15,65,81,7,9,Finished,+1 Lap,1.0,0.0
2187,221,1997-09-28,1997,15,Luxembourg Grand Prix,21,64,71,5,8,Finished,Finished,1.0,0.0
2188,221,1997-09-28,1997,15,Luxembourg Grand Prix,22,55,77,2,4,Finished,Finished,1.0,0.0
2189,222,1997-10-12,1997,16,Japanese Grand Prix,6,30,56,1,3,Finished,Finished,1.0,0.0
2190,222,1997-10-12,1997,16,Japanese Grand Prix,17,21,23,7,9,Finished,Finished,1.0,0.0
2191,222,1997-10-12,1997,16,Japanese Grand Prix,21,71,64,11,12,+1 Lap,+1 Lap,1.0,0.0
2192,222,1997-10-12,1997,16,Japanese Grand Prix,22,55,77,5,8,Finished,Finished,1.0,0.0
2193,223,1997-10-26,1997,17,European Grand Prix,1,57,14,1,2,Finished,Finished,1.0,0.0
2194,223,1997-10-26,1997,17,European Grand Prix,3,35,49,3,6,Finished,Finished,1.0,0.0
2195,223,1997-10-26,1997,17,European Grand Prix,15,65,82,8,14,Finished,+1 Lap,1.0,0.0
2196,223,1997-10-26,1997,17,European Grand Prix,18,58,79,15,17,+1 Lap,+1 Lap,1.0,0.0
2197,223,1997-10-26,1997,17,European Grand Prix,20,44,75,7,10,Finished,Finished,1.0,0.0
2198,223,1997-10-26,1997,17,European Grand Prix,22,77,55,4,13,Finished,+1 Lap,1.0,0.0
2199,223,1997-10-26,1997,17,European Grand Prix,25,63,50,12,16,+1 Lap,+1 Lap,1.0,0.0
2200,191,1998-03-08,1998,1,Australian Grand Prix,1,57,14,1,2,Finished,Finished,1.0,0.0
2201,191,1998-03-08,1998,1,Australian Grand Prix,3,49,35,3,5,+1 Lap,+1 Lap,1.0,0.0
2202,192,1998-03-29,1998,2,Brazilian Grand Prix,1,57,14,1,2,Finished,Finished,1.0,0.0
2203,192,1998-03-29,1998,2,Brazilian Grand Prix,3,49,35,5,7,+1 Lap,+1 Lap,1.0,0.0
2204,192,1998-03-29,1998,2,Brazilian Grand Prix,6,30,56,3,8,Finished,+1 Lap,1.0,0.0
2205,192,1998-03-29,1998,2,Brazilian Grand Prix,22,25,21,4,6,Finished,+1 Lap,1.0,0.0
2206,193,1998-04-12,1998,3,Argentine Grand Prix,1,57,14,2,6,Finished,Finished,1.0,0.0
2207,193,1998-04-12,1998,3,Argentine Grand Prix,6,30,56,1,3,Finished,Finished,1.0,0.0
2208,193,1998-04-12,1998,3,Argentine Grand Prix,22,25,21,4,7,Finished,Finished,1.0,0.0
2209,193,1998-04-12,1998,3,Argentine Grand Prix,25,68,73,12,14,+2 Laps,+4 Laps,1.0,0.0
2210,194,1998-04-26,1998,4,San Marino Grand Prix,3,35,49,4,5,Finished,Finished,1.0,0.0
2211,194,1998-04-26,1998,4,San Marino Grand Prix,6,30,56,2,3,Finished,Finished,1.0,0.0
2212,195,1998-05-10,1998,5,Spanish Grand Prix,1,57,14,1,2,Finished,Finished,1.0,0.0
2213,195,1998-05-10,1998,5,Spanish Grand Prix,3,35,49,6,8,+1 Lap,+2 Laps,1.0,0.0
2214,195,1998-05-10,1998,5,Spanish Grand Prix,15,65,55,7,10,+1 Lap,+2 Laps,1.0,0.0
2215,195,1998-05-10,1998,5,Spanish Grand Prix,18,75,74,14,15,+2 Laps,+2 Laps,1.0,0.0
2216,195,1998-05-10,1998,5,Spanish Grand Prix,20,15,44,9,16,+2 Laps,+5 Laps,1.0,0.0
2217,195,1998-05-10,1998,5,Spanish Grand Prix,24,22,76,5,12,+1 Lap,+2 Laps,1.0,0.0
2218,196,1998-05-24,1998,6,Monaco Grand Prix,6,56,30,3,10,Finished,+2 Laps,1.0,0.0
2219,196,1998-05-24,1998,6,Monaco Grand Prix,21,63,64,4,6,Finished,+1 Lap,1.0,0.0
2220,197,1998-06-07,1998,7,Canadian Grand Prix,6,30,56,1,3,Finished,Finished,1.0,0.0
2221,197,1998-06-07,1998,7,Canadian Grand Prix,22,21,25,2,4,Finished,Finished,1.0,0.0
2222,197,1998-06-07,1998,7,Canadian Grand Prix,24,22,76,5,6,Finished,+1 Lap,1.0,0.0
2223,198,1998-06-28,1998,8,French Grand Prix,1,57,14,3,6,Finished,+1 Lap,1.0,0.0
2224,198,1998-06-28,1998,8,French Grand Prix,6,30,56,1,2,Finished,Finished,1.0,0.0
2225,198,1998-06-28,1998,8,French Grand Prix,15,55,65,7,8,+1 Lap,+1 Lap,1.0,0.0
2226,198,1998-06-28,1998,8,French Grand Prix,21,63,64,13,14,+2 Laps,+2 Laps,1.0,0.0
2227,198,1998-06-28,1998,8,French Grand Prix,22,25,21,5,9,+1 Lap,+1 Lap,1.0,0.0
2228,198,1998-06-28,1998,8,French Grand Prix,24,22,50,10,12,+2 Laps,+2 Laps,1.0,0.0
2229,199,1998-07-12,1998,9,British Grand Prix,6,30,56,1,3,Finished,Finished,1.0,0.0
2230,199,1998-07-12,1998,9,British Grand Prix,22,25,21,4,5,+1 Lap,+1 Lap,1.0,0.0
2231,200,1998-07-26,1998,10,Austrian Grand Prix,1,57,14,1,2,Finished,Finished,1.0,0.0
2232,200,1998-07-26,1998,10,Austrian Grand Prix,6,30,56,3,4,Finished,Finished,1.0,0.0
2233,200,1998-07-26,1998,10,Austrian Grand Prix,17,23,71,5,7,Finished,Finished,1.0,0.0
2234,201,1998-08-02,1998,11,German Grand Prix,1,57,14,1,2,Finished,Finished,1.0,0.0
2235,201,1998-08-02,1998,11,German Grand Prix,3,35,49,3,9,Finished,Finished,1.0,0.0
2236,201,1998-08-02,1998,11,German Grand Prix,6,30,56,5,8,Finished,Finished,1.0,0.0
2237,201,1998-08-02,1998,11,German Grand Prix,17,71,23,4,6,Finished,Finished,1.0,0.0
2238,201,1998-08-02,1998,11,German Grand Prix,20,15,44,12,15,+1 Lap,+1 Lap,1.0,0.0
2239,201,1998-08-02,1998,11,German Grand Prix,22,21,25,7,11,Finished,Finished,1.0,0.0
2240,202,1998-08-16,1998,12,Hungarian Grand Prix,1,14,57,2,6,Finished,+1 Lap,1.0,0.0
2241,202,1998-08-16,1998,12,Hungarian Grand Prix,3,35,49,3,5,Finished,Finished,1.0,0.0
2242,202,1998-08-16,1998,12,Hungarian Grand Prix,15,55,65,7,10,+1 Lap,+1 Lap,1.0,0.0
2243,202,1998-08-16,1998,12,Hungarian Grand Prix,17,71,23,4,9,Finished,+1 Lap,1.0,0.0
2244,203,1998-08-30,1998,13,Belgian Grand Prix,17,71,23,1,2,Finished,Finished,1.0,0.0
2245,204,1998-09-13,1998,14,Italian Grand Prix,6,30,56,1,2,Finished,Finished,1.0,0.0
2246,204,1998-09-13,1998,14,Italian Grand Prix,17,23,71,3,6,Finished,Finished,1.0,0.0
2247,204,1998-09-13,1998,14,Italian Grand Prix,25,68,73,9,12,+1 Lap,+2 Laps,1.0,0.0
2248,205,1998-09-27,1998,15,Luxembourg Grand Prix,1,57,14,1,3,Finished,Finished,1.0,0.0
2249,205,1998-09-27,1998,15,Luxembourg Grand Prix,3,49,35,5,8,Finished,+1 Lap,1.0,0.0
2250,205,1998-09-27,1998,15,Luxembourg Grand Prix,6,30,56,2,4,Finished,Finished,1.0,0.0
2251,205,1998-09-27,1998,15,Luxembourg Grand Prix,22,21,25,6,7,Finished,Finished,1.0,0.0
2252,205,1998-09-27,1998,15,Luxembourg Grand Prix,24,22,50,11,13,+2 Laps,+2 Laps,1.0,0.0
2253,206,1998-11-01,1998,16,Japanese Grand Prix,1,57,14,1,3,Finished,Finished,1.0,0.0
2254,206,1998-11-01,1998,16,Japanese Grand Prix,3,49,35,5,6,Finished,Finished,1.0,0.0
2255,206,1998-11-01,1998,16,Japanese Grand Prix,15,55,65,7,10,Finished,+1 Lap,1.0,0.0
2256,206,1998-11-01,1998,16,Japanese Grand Prix,20,44,15,11,12,+1 Lap,+3 Laps,1.0,0.0
2257,206,1998-11-01,1998,16,Japanese Grand Prix,22,21,25,8,9,Finished,+1 Lap,1.0,0.0
2258,175,1999-03-07,1999,1,Australian Grand Prix,6,56,30,1,8,Finished,+1 Lap,1.0,0.0
2259,175,1999-03-07,1999,1,Australian Grand Prix,21,37,68,6,7,Finished,Finished,1.0,0.0
2260,176,1999-04-11,1999,2,Brazilian Grand Prix,6,30,56,2,5,Finished,+1 Lap,1.0,0.0
2261,177,1999-05-02,1999,3,San Marino Grand Prix,18,69,48,8,9,+3 Laps,+3 Laps,1.0,0.0
2262,178,1999-05-16,1999,4,Monaco Grand Prix,6,30,56,1,2,Finished,Finished,1.0,0.0
2263,178,1999-05-16,1999,4,Monaco Grand Prix,22,21,25,5,6,+1 Lap,+1 Lap,1.0,0.0
2264,179,1999-05-30,1999,5,Spanish Grand Prix,1,57,14,1,2,Finished,Finished,1.0,0.0
2265,179,1999-05-30,1999,5,Spanish Grand Prix,6,30,56,3,4,Finished,Finished,1.0,0.0
2266,179,1999-05-30,1999,5,Spanish Grand Prix,21,37,68,11,12,+2 Laps,+3 Laps,1.0,0.0
2267,179,1999-05-30,1999,5,Spanish Grand Prix,22,21,25,9,10,+1 Lap,+1 Lap,1.0,0.0
2268,180,1999-06-13,1999,6,Canadian Grand Prix,1,57,14,1,7,Finished,Finished,1.0,0.0
2269,180,1999-06-13,1999,6,Canadian Grand Prix,18,48,69,8,10,+1 Lap,+2 Laps,1.0,0.0
2270,181,1999-06-27,1999,7,French Grand Prix,6,30,56,5,6,Finished,Finished,1.0,0.0
2271,181,1999-06-27,1999,7,French Grand Prix,20,15,44,7,8,Finished,Finished,1.0,0.0
2272,182,1999-07-11,1999,8,British Grand Prix,3,23,70,3,11,Finished,Finished,1.0,0.0
2273,182,1999-07-11,1999,8,British Grand Prix,15,64,55,6,14,Finished,+1 Lap,1.0,0.0
2274,182,1999-07-11,1999,8,British Grand Prix,17,49,71,4,5,Finished,Finished,1.0,0.0
2275,182,1999-07-11,1999,8,British Grand Prix,20,15,44,9,13,Finished,Finished,1.0,0.0
2276,182,1999-07-11,1999,8,British Grand Prix,22,21,25,7,10,Finished,Finished,1.0,0.0
2277,182,1999-07-11,1999,8,British Grand Prix,24,22,65,8,12,Finished,Finished,1.0,0.0
2278,183,1999-07-25,1999,9,Austrian Grand Prix,1,14,57,2,3,Finished,Finished,1.0,0.0
2279,183,1999-07-25,1999,9,Austrian Grand Prix,6,56,63,1,9,Finished,+1 Lap,1.0,0.0
2280,183,1999-07-25,1999,9,Austrian Grand Prix,17,49,71,4,8,Finished,+1 Lap,1.0,0.0
2281,183,1999-07-25,1999,9,Austrian Grand Prix,18,48,69,11,13,+1 Lap,+3 Laps,1.0,0.0
2282,183,1999-07-25,1999,9,Austrian Grand Prix,20,15,44,7,10,+1 Lap,+1 Lap,1.0,0.0
2283,184,1999-08-01,1999,10,German Grand Prix,6,56,63,1,2,Finished,Finished,1.0,0.0
2284,184,1999-08-01,1999,10,German Grand Prix,18,48,69,9,10,Finished,+1 Lap,1.0,0.0
2285,185,1999-08-15,1999,11,Hungarian Grand Prix,1,57,14,1,2,Finished,Finished,1.0,0.0
2286,185,1999-08-15,1999,11,Hungarian Grand Prix,6,56,63,3,12,Finished,+2 Laps,1.0,0.0
2287,185,1999-08-15,1999,11,Hungarian Grand Prix,17,49,71,4,6,Finished,Finished,1.0,0.0
2288,185,1999-08-15,1999,11,Hungarian Grand Prix,18,69,48,14,17,+2 Laps,+3 Laps,1.0,0.0
2289,185,1999-08-15,1999,11,Hungarian Grand Prix,20,15,44,8,10,+1 Lap,+1 Lap,1.0,0.0
2290,185,1999-08-15,1999,11,Hungarian Grand Prix,24,22,65,5,11,Finished,+1 Lap,1.0,0.0
2291,186,1999-08-29,1999,12,Belgian Grand Prix,1,14,57,1,2,Finished,Finished,1.0,0.0
2292,186,1999-08-29,1999,12,Belgian Grand Prix,3,23,70,5,8,Finished,Finished,1.0,0.0
2293,186,1999-08-29,1999,12,Belgian Grand Prix,6,56,63,4,7,Finished,Finished,1.0,0.0
2294,186,1999-08-29,1999,12,Belgian Grand Prix,17,49,71,3,6,Finished,Finished,1.0,0.0
2295,186,1999-08-29,1999,12,Belgian Grand Prix,20,15,44,12,13,Finished,Finished,1.0,0.0
2296,186,1999-08-29,1999,12,Belgian Grand Prix,22,21,25,11,14,Finished,Finished,1.0,0.0
2297,187,1999-09-12,1999,13,Italian Grand Prix,3,23,70,2,7,Finished,Finished,1.0,0.0
2298,187,1999-09-12,1999,13,Italian Grand Prix,6,63,56,3,6,Finished,Finished,1.0,0.0
2299,187,1999-09-12,1999,13,Italian Grand Prix,17,49,71,1,10,Finished,Finished,1.0,0.0
2300,188,1999-09-26,1999,14,European Grand Prix,20,15,44,2,9,Finished,+1 Lap,1.0,0.0
2301,188,1999-09-26,1999,14,European Grand Prix,24,65,22,1,3,Finished,Finished,1.0,0.0
2302,189,1999-10-17,1999,15,Malaysian Grand Prix,6,56,30,1,2,Finished,Finished,1.0,0.0
2303,189,1999-10-17,1999,15,Malaysian Grand Prix,22,25,21,8,11,Finished,+4 Laps,1.0,0.0
2304,189,1999-10-17,1999,15,Malaysian Grand Prix,24,65,22,4,5,Finished,Finished,1.0,0.0
2305,190,1999-10-31,1999,16,Japanese Grand Prix,6,30,56,2,3,Finished,Finished,1.0,0.0
2306,190,1999-10-31,1999,16,Japanese Grand Prix,15,55,64,6,11,+1 Lap,+1 Lap,1.0,0.0
2307,190,1999-10-31,1999,16,Japanese Grand Prix,16,35,41,9,12,+1 Lap,+1 Lap,1.0,0.0
2308,190,1999-10-31,1999,16,Japanese Grand Prix,24,65,22,7,8,+1 Lap,+1 Lap,1.0,0.0
2309,158,2000-03-12,2000,1,Australian Grand Prix,6,30,22,1,2,Finished,Finished,1.0,0.0
2310,158,2000-03-12,2000,1,Australian Grand Prix,16,35,41,4,6,Finished,Finished,1.0,0.0
2311,158,2000-03-12,2000,1,Australian Grand Prix,22,21,25,5,7,Finished,Finished,1.0,0.0
2312,159,2000-03-26,2000,2,Brazilian Grand Prix,3,23,18,5,6,+1 Lap,+1 Lap,1.0,0.0
2313,159,2000-03-26,2000,2,Brazilian Grand Prix,17,49,15,3,4,Finished,Finished,1.0,0.0
2314,159,2000-03-26,2000,2,Brazilian Grand Prix,21,50,37,7,8,+1 Lap,+1 Lap,1.0,0.0
2315,160,2000-04-09,2000,3,San Marino Grand Prix,1,57,14,2,3,Finished,Finished,1.0,0.0
2316,160,2000-04-09,2000,3,San Marino Grand Prix,6,30,22,1,4,Finished,Finished,1.0,0.0
2317,160,2000-04-09,2000,3,San Marino Grand Prix,15,63,64,6,8,+1 Lap,+1 Lap,1.0,0.0
2318,160,2000-04-09,2000,3,San Marino Grand Prix,16,35,41,5,12,+1 Lap,+1 Lap,1.0,0.0
2319,160,2000-04-09,2000,3,San Marino Grand Prix,19,56,65,7,10,+1 Lap,+1 Lap,1.0,0.0
2320,160,2000-04-09,2000,3,San Marino Grand Prix,22,25,21,9,11,+1 Lap,+1 Lap,1.0,0.0
2321,161,2000-04-23,2000,4,British Grand Prix,1,14,57,1,2,Finished,Finished,1.0,0.0
2322,161,2000-04-23,2000,4,British Grand Prix,3,23,18,4,5,Finished,Finished,1.0,0.0
2323,161,2000-04-23,2000,4,British Grand Prix,15,63,64,8,11,+1 Lap,+1 Lap,1.0,0.0
2324,161,2000-04-23,2000,4,British Grand Prix,17,15,49,6,17,Finished,+6 Laps,1.0,0.0
2325,161,2000-04-23,2000,4,British Grand Prix,18,48,60,14,15,+1 Lap,+1 Lap,1.0,0.0
2326,161,2000-04-23,2000,4,British Grand Prix,19,65,56,12,13,+1 Lap,+1 Lap,1.0,0.0
2327,161,2000-04-23,2000,4,British Grand Prix,22,21,25,7,9,+1 Lap,+1 Lap,1.0,0.0
2328,162,2000-05-07,2000,5,Spanish Grand Prix,1,57,14,1,2,Finished,Finished,1.0,0.0
2329,162,2000-05-07,2000,5,Spanish Grand Prix,6,22,30,3,5,Finished,Finished,1.0,0.0
2330,162,2000-05-07,2000,5,Spanish Grand Prix,17,49,15,6,12,Finished,+1 Lap,1.0,0.0
2331,162,2000-05-07,2000,5,Spanish Grand Prix,18,48,60,14,15,+2 Laps,+2 Laps,1.0,0.0
2332,162,2000-05-07,2000,5,Spanish Grand Prix,19,56,65,11,13,+1 Lap,+1 Lap,1.0,0.0
2333,162,2000-05-07,2000,5,Spanish Grand Prix,22,21,25,9,10,+1 Lap,+1 Lap,1.0,0.0
2334,163,2000-05-21,2000,6,European Grand Prix,1,57,14,2,3,Finished,+1 Lap,1.0,0.0
2335,163,2000-05-21,2000,6,European Grand Prix,6,30,22,1,4,Finished,+1 Lap,1.0,0.0
2336,164,2000-06-04,2000,7,Monaco Grand Prix,1,14,57,1,6,Finished,+1 Lap,1.0,0.0
2337,164,2000-06-04,2000,7,Monaco Grand Prix,19,56,65,4,9,Finished,+2 Laps,1.0,0.0
2338,165,2000-06-18,2000,8,Canadian Grand Prix,1,57,14,4,7,Finished,Finished,1.0,0.0
2339,165,2000-06-18,2000,8,Canadian Grand Prix,6,30,22,1,2,Finished,Finished,1.0,0.0
2340,165,2000-06-18,2000,8,Canadian Grand Prix,22,21,25,3,9,Finished,Finished,1.0,0.0
2341,166,2000-07-02,2000,9,French Grand Prix,1,14,57,1,2,Finished,Finished,1.0,0.0
2342,166,2000-07-02,2000,9,French Grand Prix,3,23,18,5,8,Finished,+1 Lap,1.0,0.0
2343,166,2000-07-02,2000,9,French Grand Prix,15,63,64,10,11,+1 Lap,+1 Lap,1.0,0.0
2344,166,2000-07-02,2000,9,French Grand Prix,17,15,49,6,7,Finished,+1 Lap,1.0,0.0
2345,166,2000-07-02,2000,9,French Grand Prix,20,2,55,12,14,+1 Lap,+2 Laps,1.0,0.0
2346,167,2000-07-16,2000,10,Austrian Grand Prix,1,57,14,1,2,Finished,Finished,1.0,0.0
2347,167,2000-07-16,2000,10,Austrian Grand Prix,15,63,64,6,9,+1 Lap,+1 Lap,1.0,0.0
2348,167,2000-07-16,2000,10,Austrian Grand Prix,18,48,60,8,12,+1 Lap,+3 Laps,1.0,0.0
2349,167,2000-07-16,2000,10,Austrian Grand Prix,19,65,54,7,11,+1 Lap,+2 Laps,1.0,0.0
2350,168,2000-07-30,2000,11,German Grand Prix,1,57,14,2,3,Finished,Finished,1.0,0.0
2351,168,2000-07-30,2000,11,German Grand Prix,3,18,23,4,7,Finished,Finished,1.0,0.0
2352,169,2000-08-13,2000,12,Hungarian Grand Prix,1,57,14,1,3,Finished,Finished,1.0,0.0
2353,169,2000-08-13,2000,12,Hungarian Grand Prix,3,23,18,5,9,Finished,+1 Lap,1.0,0.0
2354,169,2000-08-13,2000,12,Hungarian Grand Prix,6,30,22,2,4,Finished,Finished,1.0,0.0
2355,169,2000-08-13,2000,12,Hungarian Grand Prix,16,35,41,12,14,+2 Laps,+2 Laps,1.0,0.0
2356,169,2000-08-13,2000,12,Hungarian Grand Prix,17,49,15,6,7,Finished,+1 Lap,1.0,0.0
2357,169,2000-08-13,2000,12,Hungarian Grand Prix,21,50,37,13,16,+2 Laps,+4 Laps,1.0,0.0
2358,170,2000-08-27,2000,13,Belgian Grand Prix,1,57,14,1,4,Finished,Finished,1.0,0.0
2359,170,2000-08-27,2000,13,Belgian Grand Prix,3,23,18,3,5,Finished,Finished,1.0,0.0
2360,170,2000-08-27,2000,13,Belgian Grand Prix,15,63,64,9,11,Finished,Finished,1.0,0.0
2361,170,2000-08-27,2000,13,Belgian Grand Prix,16,35,41,7,12,Finished,+1 Lap,1.0,0.0
2362,170,2000-08-27,2000,13,Belgian Grand Prix,18,48,60,14,17,+1 Lap,+2 Laps,1.0,0.0
2363,170,2000-08-27,2000,13,Belgian Grand Prix,19,65,56,8,10,Finished,Finished,1.0,0.0
2364,170,2000-08-27,2000,13,Belgian Grand Prix,21,50,37,15,16,+1 Lap,+2 Laps,1.0,0.0
2365,171,2000-09-10,2000,14,Italian Grand Prix,15,63,64,7,8,+1 Lap,+1 Lap,1.0,0.0
2366,171,2000-09-10,2000,14,Italian Grand Prix,18,48,60,9,10,+1 Lap,+1 Lap,1.0,0.0
2367,171,2000-09-10,2000,14,Italian Grand Prix,22,25,21,5,11,Finished,+1 Lap,1.0,0.0
2368,172,2000-09-24,2000,15,United States Grand Prix,6,30,22,1,2,Finished,Finished,1.0,0.0
2369,172,2000-09-24,2000,15,United States Grand Prix,16,35,41,4,6,Finished,Finished,1.0,0.0
2370,172,2000-09-24,2000,15,United States Grand Prix,19,56,65,7,11,Finished,+1 Lap,1.0,0.0
2371,173,2000-10-08,2000,16,Japanese Grand Prix,1,57,14,2,3,Finished,Finished,1.0,0.0
2372,173,2000-10-08,2000,16,Japanese Grand Prix,6,30,22,1,4,Finished,Finished,1.0,0.0
2373,173,2000-10-08,2000,16,Japanese Grand Prix,15,63,64,10,11,+1 Lap,+1 Lap,1.0,0.0
2374,173,2000-10-08,2000,16,Japanese Grand Prix,16,35,41,6,9,+1 Lap,+1 Lap,1.0,0.0
2375,173,2000-10-08,2000,16,Japanese Grand Prix,19,65,56,7,8,+1 Lap,+1 Lap,1.0,0.0
2376,174,2000-10-22,2000,17,Malaysian Grand Prix,1,14,57,2,4,Finished,Finished,1.0,0.0
2377,174,2000-10-22,2000,17,Malaysian Grand Prix,6,30,22,1,3,Finished,Finished,1.0,0.0
2378,174,2000-10-22,2000,17,Malaysian Grand Prix,22,25,21,7,9,Finished,+1 Lap,1.0,0.0
2379,141,2001-03-04,2001,1,Australian Grand Prix,6,30,22,1,3,Finished,Finished,1.0,0.0
2380,141,2001-03-04,2001,1,Australian Grand Prix,15,2,8,4,6,Finished,Finished,1.0,0.0
2381,141,2001-03-04,2001,1,Australian Grand Prix,19,54,56,8,11,+1 Lap,+1 Lap,1.0,0.0
2382,142,2001-03-18,2001,2,Malaysian Grand Prix,1,14,57,3,6,Finished,Finished,1.0,0.0
2383,142,2001-03-18,2001,2,Malaysian Grand Prix,6,30,22,1,2,Finished,Finished,1.0,0.0
2384,142,2001-03-18,2001,2,Malaysian Grand Prix,17,49,15,4,8,Finished,+1 Lap,1.0,0.0
2385,142,2001-03-18,2001,2,Malaysian Grand Prix,18,4,58,13,14,+3 Laps,+4 Laps,1.0,0.0
2386,142,2001-03-18,2001,2,Malaysian Grand Prix,20,55,60,9,12,+1 Lap,+2 Laps,1.0,0.0
2387,143,2001-04-01,2001,3,Brazilian Grand Prix,16,44,35,4,7,+1 Lap,+1 Lap,1.0,0.0
2388,143,2001-04-01,2001,3,Brazilian Grand Prix,22,21,18,6,10,+1 Lap,+7 Laps,1.0,0.0
2389,144,2001-04-15,2001,4,San Marino Grand Prix,1,14,57,2,4,Finished,Finished,1.0,0.0
2390,144,2001-04-15,2001,4,San Marino Grand Prix,17,15,49,5,6,Finished,+1 Lap,1.0,0.0
2391,145,2001-04-29,2001,5,Spanish Grand Prix,15,2,8,6,8,Finished,Finished,1.0,0.0
2392,145,2001-04-29,2001,5,Spanish Grand Prix,16,35,44,3,7,Finished,Finished,1.0,0.0
2393,145,2001-04-29,2001,5,Spanish Grand Prix,18,4,58,13,16,+2 Laps,+3 Laps,1.0,0.0
2394,145,2001-04-29,2001,5,Spanish Grand Prix,20,55,54,10,11,+1 Lap,+1 Lap,1.0,0.0
2395,145,2001-04-29,2001,5,Spanish Grand Prix,22,21,18,14,15,+2 Laps,+3 Laps,1.0,0.0
2396,146,2001-05-13,2001,6,Austrian Grand Prix,6,30,22,2,3,Finished,Finished,1.0,0.0
2397,146,2001-05-13,2001,6,Austrian Grand Prix,15,8,2,4,9,Finished,+2 Laps,1.0,0.0
2398,146,2001-05-13,2001,6,Austrian Grand Prix,16,44,35,5,8,Finished,+1 Lap,1.0,0.0
2399,146,2001-05-13,2001,6,Austrian Grand Prix,20,55,54,10,11,+2 Laps,+2 Laps,1.0,0.0
2400,147,2001-05-27,2001,7,Monaco Grand Prix,6,30,22,1,2,Finished,Finished,1.0,0.0
2401,147,2001-05-27,2001,7,Monaco Grand Prix,21,50,59,8,9,+1 Lap,+2 Laps,1.0,0.0
2402,148,2001-06-10,2001,8,Canadian Grand Prix,20,55,54,5,8,Finished,+1 Lap,1.0,0.0
2403,149,2001-06-24,2001,9,European Grand Prix,1,14,57,3,6,Finished,Finished,1.0,0.0
2404,149,2001-06-24,2001,9,European Grand Prix,3,31,23,2,4,Finished,Finished,1.0,0.0
2405,149,2001-06-24,2001,9,European Grand Prix,6,30,22,1,5,Finished,Finished,1.0,0.0
2406,149,2001-06-24,2001,9,European Grand Prix,19,56,37,7,8,Finished,+1 Lap,1.0,0.0
2407,149,2001-06-24,2001,9,European Grand Prix,22,21,18,11,13,+1 Lap,+2 Laps,1.0,0.0
2408,150,2001-07-01,2001,10,French Grand Prix,6,30,22,1,3,Finished,Finished,1.0,0.0
2409,150,2001-07-01,2001,10,French Grand Prix,15,2,8,6,7,+1 Lap,+1 Lap,1.0,0.0
2410,150,2001-07-01,2001,10,French Grand Prix,17,15,49,5,8,Finished,+1 Lap,1.0,0.0
2411,150,2001-07-01,2001,10,French Grand Prix,20,54,55,10,12,+1 Lap,+2 Laps,1.0,0.0
2412,151,2001-07-15,2001,11,British Grand Prix,6,30,22,2,3,Finished,Finished,1.0,0.0
2413,151,2001-07-15,2001,11,British Grand Prix,15,8,2,5,6,+1 Lap,+1 Lap,1.0,0.0
2414,151,2001-07-15,2001,11,British Grand Prix,19,56,37,9,12,+1 Lap,+2 Laps,1.0,0.0
2415,151,2001-07-15,2001,11,British Grand Prix,21,50,59,10,14,+2 Laps,+2 Laps,1.0,0.0
2416,151,2001-07-15,2001,11,British Grand Prix,22,21,18,13,15,+2 Laps,+2 Laps,1.0,0.0
2417,152,2001-07-29,2001,12,German Grand Prix,16,35,44,3,7,Finished,Finished,1.0,0.0
2418,152,2001-07-29,2001,12,German Grand Prix,21,59,50,8,9,+1 Lap,+1 Lap,1.0,0.0
2419,152,2001-07-29,2001,12,German Grand Prix,22,21,18,4,5,Finished,Finished,1.0,0.0
2420,153,2001-08-19,2001,13,Hungarian Grand Prix,1,14,57,3,5,Finished,Finished,1.0,0.0
2421,153,2001-08-19,2001,13,Hungarian Grand Prix,3,23,31,4,8,Finished,+1 Lap,1.0,0.0
2422,153,2001-08-19,2001,13,Hungarian Grand Prix,6,30,22,1,2,Finished,Finished,1.0,0.0
2423,153,2001-08-19,2001,13,Hungarian Grand Prix,15,2,8,6,7,+1 Lap,+1 Lap,1.0,0.0
2424,154,2001-09-02,2001,14,Belgian Grand Prix,1,14,57,2,4,Finished,Finished,1.0,0.0
2425,154,2001-09-02,2001,14,Belgian Grand Prix,6,30,22,1,5,Finished,Finished,1.0,0.0
2426,154,2001-09-02,2001,14,Belgian Grand Prix,16,35,44,8,11,Finished,+1 Lap,1.0,0.0
2427,154,2001-09-02,2001,14,Belgian Grand Prix,21,50,59,10,12,+1 Lap,+1 Lap,1.0,0.0
2428,155,2001-09-16,2001,15,Italian Grand Prix,3,31,23,1,3,Finished,Finished,1.0,0.0
2429,155,2001-09-16,2001,15,Italian Grand Prix,6,22,30,2,4,Finished,Finished,1.0,0.0
2430,155,2001-09-16,2001,15,Italian Grand Prix,15,8,2,7,11,Finished,+1 Lap,1.0,0.0
2431,155,2001-09-16,2001,15,Italian Grand Prix,16,35,44,6,9,Finished,+1 Lap,1.0,0.0
2432,156,2001-09-30,2001,16,United States Grand Prix,1,57,14,1,3,Finished,Finished,1.0,0.0
2433,156,2001-09-30,2001,16,United States Grand Prix,17,15,55,4,7,Finished,+1 Lap,1.0,0.0
2434,156,2001-09-30,2001,16,United States Grand Prix,19,56,37,5,12,Finished,+1 Lap,1.0,0.0
2435,156,2001-09-30,2001,16,United States Grand Prix,20,49,61,10,14,+1 Lap,+1 Lap,1.0,0.0
2436,156,2001-09-30,2001,16,United States Grand Prix,22,21,18,8,9,+1 Lap,+1 Lap,1.0,0.0
2437,157,2001-10-14,2001,17,Japanese Grand Prix,1,14,57,3,4,Finished,Finished,1.0,0.0
2438,157,2001-10-14,2001,17,Japanese Grand Prix,3,31,23,2,6,Finished,Finished,1.0,0.0
2439,157,2001-10-14,2001,17,Japanese Grand Prix,6,30,22,1,5,Finished,Finished,1.0,0.0
2440,157,2001-10-14,2001,17,Japanese Grand Prix,16,35,44,10,13,+1 Lap,+2 Laps,1.0,0.0
2441,157,2001-10-14,2001,17,Japanese Grand Prix,18,4,62,11,16,+1 Lap,+3 Laps,1.0,0.0
2442,157,2001-10-14,2001,17,Japanese Grand Prix,21,59,50,14,15,+2 Laps,+2 Laps,1.0,0.0
2443,124,2002-03-03,2002,1,Australian Grand Prix,18,17,62,5,7,+2 Laps,+3 Laps,1.0,0.0
2444,124,2002-03-03,2002,1,Australian Grand Prix,19,56,37,4,8,+1 Lap,+5 Laps,1.0,0.0
2445,125,2002-03-17,2002,2,Malaysian Grand Prix,3,23,31,1,2,Finished,Finished,1.0,0.0
2446,125,2002-03-17,2002,2,Malaysian Grand Prix,7,66,63,7,12,+1 Lap,+3 Laps,1.0,0.0
2447,125,2002-03-17,2002,2,Malaysian Grand Prix,15,2,13,5,6,+1 Lap,+1 Lap,1.0,0.0
2448,125,2002-03-17,2002,2,Malaysian Grand Prix,17,11,21,9,13,+2 Laps,+3 Laps,1.0,0.0
2449,126,2002-03-31,2002,3,Brazilian Grand Prix,3,23,31,2,5,Finished,Finished,1.0,0.0
2450,126,2002-03-31,2002,3,Brazilian Grand Prix,18,17,62,11,13,+3 Laps,+4 Laps,1.0,0.0
2451,126,2002-03-31,2002,3,Brazilian Grand Prix,19,56,37,7,8,+1 Lap,+1 Lap,1.0,0.0
2452,127,2002-04-14,2002,4,San Marino Grand Prix,3,23,31,3,4,Finished,Finished,1.0,0.0
2453,127,2002-04-14,2002,4,San Marino Grand Prix,4,18,15,5,9,Finished,+1 Lap,1.0,0.0
2454,127,2002-04-14,2002,4,San Marino Grand Prix,6,30,22,1,2,Finished,Finished,1.0,0.0
2455,127,2002-04-14,2002,4,San Marino Grand Prix,15,13,2,8,10,+1 Lap,+1 Lap,1.0,0.0
2456,128,2002-04-28,2002,5,Spanish Grand Prix,7,66,63,8,9,+1 Lap,+1 Lap,1.0,0.0
2457,128,2002-04-28,2002,5,Spanish Grand Prix,15,2,13,4,5,Finished,Finished,1.0,0.0
2458,129,2002-05-12,2002,6,Austrian Grand Prix,3,31,23,3,4,Finished,Finished,1.0,0.0
2459,129,2002-05-12,2002,6,Austrian Grand Prix,6,30,22,1,2,Finished,Finished,1.0,0.0
2460,129,2002-05-12,2002,6,Austrian Grand Prix,7,63,66,8,9,Finished,Finished,1.0,0.0
2461,130,2002-05-26,2002,7,Monaco Grand Prix,6,30,22,2,7,Finished,+1 Lap,1.0,0.0
2462,130,2002-05-26,2002,7,Monaco Grand Prix,19,56,37,9,10,+2 Laps,+2 Laps,1.0,0.0
2463,130,2002-05-26,2002,7,Monaco Grand Prix,21,49,59,6,12,+1 Lap,+2 Laps,1.0,0.0
2464,131,2002-06-09,2002,8,Canadian Grand Prix,1,14,8,2,4,Finished,Finished,1.0,0.0
2465,131,2002-06-09,2002,8,Canadian Grand Prix,6,30,22,1,3,Finished,Finished,1.0,0.0
2466,131,2002-06-09,2002,8,Canadian Grand Prix,15,13,2,9,12,+1 Lap,+1 Lap,1.0,0.0
2467,131,2002-06-09,2002,8,Canadian Grand Prix,17,21,11,5,10,Finished,+1 Lap,1.0,0.0
2468,131,2002-06-09,2002,8,Canadian Grand Prix,18,17,62,11,14,+1 Lap,+2 Laps,1.0,0.0
2469,132,2002-06-23,2002,9,European Grand Prix,4,18,15,5,8,Finished,+1 Lap,1.0,0.0
2470,132,2002-06-23,2002,9,European Grand Prix,6,22,30,1,2,Finished,Finished,1.0,0.0
2471,132,2002-06-23,2002,9,European Grand Prix,15,13,2,6,7,+1 Lap,+1 Lap,1.0,0.0
2472,132,2002-06-23,2002,9,European Grand Prix,16,44,35,9,12,+1 Lap,+1 Lap,1.0,0.0
2473,132,2002-06-23,2002,9,European Grand Prix,21,59,49,11,13,+1 Lap,+1 Lap,1.0,0.0
2474,133,2002-07-07,2002,10,British Grand Prix,3,31,23,3,8,Finished,+1 Lap,1.0,0.0
2475,133,2002-07-07,2002,10,British Grand Prix,6,30,22,1,2,Finished,Finished,1.0,0.0
2476,133,2002-07-07,2002,10,British Grand Prix,15,2,13,6,9,+1 Lap,+1 Lap,1.0,0.0
2477,133,2002-07-07,2002,10,British Grand Prix,16,35,44,4,5,+1 Lap,+1 Lap,1.0,0.0
2478,134,2002-07-21,2002,11,French Grand Prix,1,8,14,2,3,Finished,Finished,1.0,0.0
2479,134,2002-07-21,2002,11,French Grand Prix,3,31,23,4,5,Finished,Finished,1.0,0.0
2480,134,2002-07-21,2002,11,French Grand Prix,18,17,62,8,10,+1 Lap,+4 Laps,1.0,0.0
2481,135,2002-07-28,2002,12,German Grand Prix,3,31,23,2,3,Finished,Finished,1.0,0.0
2482,135,2002-07-28,2002,12,German Grand Prix,6,30,22,1,4,Finished,Finished,1.0,0.0
2483,135,2002-07-28,2002,12,German Grand Prix,15,2,13,6,7,+1 Lap,+1 Lap,1.0,0.0
2484,136,2002-08-18,2002,13,Hungarian Grand Prix,1,8,14,4,5,Finished,Finished,1.0,0.0
2485,136,2002-08-18,2002,13,Hungarian Grand Prix,3,23,31,3,11,Finished,+1 Lap,1.0,0.0
2486,136,2002-08-18,2002,13,Hungarian Grand Prix,6,22,30,1,2,Finished,Finished,1.0,0.0
2487,136,2002-08-18,2002,13,Hungarian Grand Prix,7,66,63,14,15,+2 Laps,+2 Laps,1.0,0.0
2488,136,2002-08-18,2002,13,Hungarian Grand Prix,15,13,2,7,9,Finished,+1 Lap,1.0,0.0
2489,136,2002-08-18,2002,13,Hungarian Grand Prix,17,21,11,6,10,Finished,+1 Lap,1.0,0.0
2490,137,2002-09-01,2002,14,Belgian Grand Prix,3,31,23,3,5,Finished,Finished,1.0,0.0
2491,137,2002-09-01,2002,14,Belgian Grand Prix,6,30,22,1,2,Finished,Finished,1.0,0.0
2492,137,2002-09-01,2002,14,Belgian Grand Prix,7,63,66,7,9,Finished,+1 Lap,1.0,0.0
2493,138,2002-09-15,2002,15,Italian Grand Prix,4,15,18,4,5,Finished,Finished,1.0,0.0
2494,138,2002-09-15,2002,15,Italian Grand Prix,6,22,30,1,2,Finished,Finished,1.0,0.0
2495,138,2002-09-15,2002,15,Italian Grand Prix,16,44,35,6,9,Finished,Finished,1.0,0.0
2496,138,2002-09-15,2002,15,Italian Grand Prix,17,21,11,8,12,Finished,+1 Lap,1.0,0.0
2497,139,2002-09-29,2002,16,United States Grand Prix,3,31,23,4,16,Finished,+2 Laps,1.0,0.0
2498,139,2002-09-29,2002,16,United States Grand Prix,4,15,18,5,8,Finished,+1 Lap,1.0,0.0
2499,139,2002-09-29,2002,16,United States Grand Prix,6,22,30,1,2,Finished,Finished,1.0,0.0
2500,139,2002-09-29,2002,16,United States Grand Prix,7,63,66,14,15,+2 Laps,+2 Laps,1.0,0.0
2501,139,2002-09-29,2002,16,United States Grand Prix,15,2,49,9,13,+1 Lap,+2 Laps,1.0,0.0
2502,139,2002-09-29,2002,16,United States Grand Prix,16,35,44,6,12,Finished,+1 Lap,1.0,0.0
2503,139,2002-09-29,2002,16,United States Grand Prix,17,21,11,7,11,+1 Lap,+1 Lap,1.0,0.0
2504,140,2002-10-13,2002,17,Japanese Grand Prix,6,30,22,1,2,Finished,Finished,1.0,0.0
2505,108,2003-03-09,2003,1,Australian Grand Prix,1,14,8,1,3,Finished,Finished,1.0,0.0
2506,108,2003-03-09,2003,1,Australian Grand Prix,3,31,23,2,8,Finished,Finished,1.0,0.0
2507,108,2003-03-09,2003,1,Australian Grand Prix,4,15,4,5,7,Finished,Finished,1.0,0.0
2508,108,2003-03-09,2003,1,Australian Grand Prix,16,35,18,9,10,Finished,Finished,1.0,0.0
2509,109,2003-03-23,2003,2,Malaysian Grand Prix,3,23,31,4,12,Finished,+3 Laps,1.0,0.0
2510,109,2003-03-23,2003,2,Malaysian Grand Prix,4,4,15,3,5,Finished,+1 Lap,1.0,0.0
2511,109,2003-03-23,2003,2,Malaysian Grand Prix,6,22,30,2,6,Finished,+1 Lap,1.0,0.0
2512,109,2003-03-23,2003,2,Malaysian Grand Prix,15,2,49,8,9,+1 Lap,+1 Lap,1.0,0.0
2513,110,2003-04-06,2003,3,Brazilian Grand Prix,1,8,14,2,4,Finished,Finished,1.0,0.0
2514,110,2003-04-06,2003,3,Brazilian Grand Prix,4,4,15,3,8,Finished,Finished,1.0,0.0
2515,111,2003-04-20,2003,4,San Marino Grand Prix,1,8,14,2,5,Finished,Finished,1.0,0.0
2516,111,2003-04-20,2003,4,San Marino Grand Prix,3,23,31,4,7,Finished,Finished,1.0,0.0
2517,111,2003-04-20,2003,4,San Marino Grand Prix,4,4,15,6,13,Finished,+1 Lap,1.0,0.0
2518,111,2003-04-20,2003,4,San Marino Grand Prix,6,30,22,1,3,Finished,Finished,1.0,0.0
2519,111,2003-04-20,2003,4,San Marino Grand Prix,7,44,43,9,12,+1 Lap,+1 Lap,1.0,0.0
2520,111,2003-04-20,2003,4,San Marino Grand Prix,15,2,49,10,11,+1 Lap,+1 Lap,1.0,0.0
2521,112,2003-05-04,2003,5,Spanish Grand Prix,3,31,23,4,5,Finished,+1 Lap,1.0,0.0
2522,112,2003-05-04,2003,5,Spanish Grand Prix,6,30,22,1,3,Finished,Finished,1.0,0.0
2523,112,2003-05-04,2003,5,Spanish Grand Prix,18,51,50,11,12,+2 Laps,+3 Laps,1.0,0.0
2524,113,2003-05-18,2003,6,Austrian Grand Prix,1,8,14,2,5,Finished,Finished,1.0,0.0
2525,113,2003-05-18,2003,6,Austrian Grand Prix,6,30,22,1,3,Finished,Finished,1.0,0.0
2526,113,2003-05-18,2003,6,Austrian Grand Prix,16,18,35,4,12,Finished,+1 Lap,1.0,0.0
2527,113,2003-05-18,2003,6,Austrian Grand Prix,19,17,42,7,9,+1 Lap,+1 Lap,1.0,0.0
2528,114,2003-06-01,2003,7,Monaco Grand Prix,1,8,14,2,7,Finished,Finished,1.0,0.0
2529,114,2003-06-01,2003,7,Monaco Grand Prix,3,31,23,1,4,Finished,Finished,1.0,0.0
2530,114,2003-06-01,2003,7,Monaco Grand Prix,4,4,15,5,6,Finished,Finished,1.0,0.0
2531,114,2003-06-01,2003,7,Monaco Grand Prix,6,30,22,3,8,Finished,Finished,1.0,0.0
2532,114,2003-06-01,2003,7,Monaco Grand Prix,7,43,44,9,13,+1 Lap,+4 Laps,1.0,0.0
2533,114,2003-06-01,2003,7,Monaco Grand Prix,17,21,52,10,12,+1 Lap,+2 Laps,1.0,0.0
2534,115,2003-06-15,2003,8,Canadian Grand Prix,3,23,31,2,3,Finished,Finished,1.0,0.0
2535,115,2003-06-15,2003,8,Canadian Grand Prix,6,30,22,1,5,Finished,Finished,1.0,0.0
2536,115,2003-06-15,2003,8,Canadian Grand Prix,7,44,43,8,11,+1 Lap,+6 Laps,1.0,0.0
2537,115,2003-06-15,2003,8,Canadian Grand Prix,19,17,42,7,10,+1 Lap,+4 Laps,1.0,0.0
2538,116,2003-06-29,2003,9,European Grand Prix,3,23,31,1,2,Finished,Finished,1.0,0.0
2539,116,2003-06-29,2003,9,European Grand Prix,6,22,30,3,5,Finished,Finished,1.0,0.0
2540,116,2003-06-29,2003,9,European Grand Prix,15,2,49,8,9,+1 Lap,+1 Lap,1.0,0.0
2541,116,2003-06-29,2003,9,European Grand Prix,17,52,21,11,12,+2 Laps,+2 Laps,1.0,0.0
2542,116,2003-06-29,2003,9,European Grand Prix,18,51,50,13,14,+2 Laps,+3 Laps,1.0,0.0
2543,116,2003-06-29,2003,9,European Grand Prix,19,17,42,6,10,+1 Lap,+1 Lap,1.0,0.0
2544,117,2003-07-06,2003,10,French Grand Prix,1,8,14,4,5,Finished,Finished,1.0,0.0
2545,117,2003-07-06,2003,10,French Grand Prix,3,23,31,1,2,Finished,Finished,1.0,0.0
2546,117,2003-07-06,2003,10,French Grand Prix,6,30,22,3,7,Finished,+1 Lap,1.0,0.0
2547,117,2003-07-06,2003,10,French Grand Prix,7,44,43,8,11,+1 Lap,+1 Lap,1.0,0.0
2548,117,2003-07-06,2003,10,French Grand Prix,15,49,2,12,13,+2 Laps,+2 Laps,1.0,0.0
2549,117,2003-07-06,2003,10,French Grand Prix,18,51,50,14,16,+3 Laps,+4 Laps,1.0,0.0
2550,117,2003-07-06,2003,10,French Grand Prix,19,17,42,6,10,Finished,+1 Lap,1.0,0.0
2551,118,2003-07-20,2003,11,British Grand Prix,1,8,14,3,5,Finished,Finished,1.0,0.0
2552,118,2003-07-20,2003,11,British Grand Prix,3,31,23,2,9,Finished,Finished,1.0,0.0
2553,118,2003-07-20,2003,11,British Grand Prix,6,22,30,1,4,Finished,Finished,1.0,0.0
2554,118,2003-07-20,2003,11,British Grand Prix,7,43,44,7,11,Finished,Finished,1.0,0.0
2555,118,2003-07-20,2003,11,British Grand Prix,15,49,2,12,17,Finished,+2 Laps,1.0,0.0
2556,118,2003-07-20,2003,11,British Grand Prix,16,18,35,8,10,Finished,Finished,1.0,0.0
2557,118,2003-07-20,2003,11,British Grand Prix,18,50,51,15,16,+2 Laps,+2 Laps,1.0,0.0
2558,119,2003-08-03,2003,12,German Grand Prix,4,15,4,3,4,Finished,Finished,1.0,0.0
2559,119,2003-08-03,2003,12,German Grand Prix,7,44,43,5,6,+1 Lap,+1 Lap,1.0,0.0
2560,119,2003-08-03,2003,12,German Grand Prix,16,18,35,8,9,+1 Lap,+2 Laps,1.0,0.0
2561,120,2003-08-24,2003,13,Hungarian Grand Prix,1,8,14,2,5,Finished,Finished,1.0,0.0
2562,120,2003-08-24,2003,13,Hungarian Grand Prix,3,31,23,3,4,Finished,Finished,1.0,0.0
2563,120,2003-08-24,2003,13,Hungarian Grand Prix,4,4,15,1,7,Finished,+1 Lap,1.0,0.0
2564,120,2003-08-24,2003,13,Hungarian Grand Prix,18,50,53,12,13,+3 Laps,+4 Laps,1.0,0.0
2565,121,2003-09-14,2003,14,Italian Grand Prix,3,31,48,2,5,Finished,Finished,1.0,0.0
2566,121,2003-09-14,2003,14,Italian Grand Prix,6,30,22,1,3,Finished,Finished,1.0,0.0
2567,121,2003-09-14,2003,14,Italian Grand Prix,15,2,49,9,13,+1 Lap,+3 Laps,1.0,0.0
2568,121,2003-09-14,2003,14,Italian Grand Prix,17,21,47,10,11,+1 Lap,+2 Laps,1.0,0.0
2569,122,2003-09-28,2003,15,United States Grand Prix,15,49,2,3,5,Finished,Finished,1.0,0.0
2570,122,2003-09-28,2003,15,United States Grand Prix,18,50,53,10,11,+4 Laps,+4 Laps,1.0,0.0
2571,123,2003-10-12,2003,16,Japanese Grand Prix,1,8,14,2,3,Finished,Finished,1.0,0.0
2572,123,2003-10-12,2003,16,Japanese Grand Prix,6,22,30,1,8,Finished,Finished,1.0,0.0
2573,123,2003-10-12,2003,16,Japanese Grand Prix,7,43,44,7,10,Finished,Finished,1.0,0.0
2574,123,2003-10-12,2003,16,Japanese Grand Prix,16,18,11,4,6,Finished,Finished,1.0,0.0
2575,123,2003-10-12,2003,16,Japanese Grand Prix,18,50,53,15,16,+2 Laps,+3 Laps,1.0,0.0
2576,123,2003-10-12,2003,16,Japanese Grand Prix,19,17,51,11,13,Finished,+1 Lap,1.0,0.0
2577,90,2004-03-07,2004,1,Australian Grand Prix,3,23,31,4,5,Finished,Finished,1.0,0.0
2578,90,2004-03-07,2004,1,Australian Grand Prix,4,4,15,3,7,Finished,+1 Lap,1.0,0.0
2579,90,2004-03-07,2004,1,Australian Grand Prix,6,30,22,1,2,Finished,Finished,1.0,0.0
2580,90,2004-03-07,2004,1,Australian Grand Prix,7,43,44,12,13,+2 Laps,+2 Laps,1.0,0.0
2581,90,2004-03-07,2004,1,Australian Grand Prix,16,18,11,6,9,Finished,+1 Lap,1.0,0.0
2582,91,2004-03-21,2004,2,Malaysian Grand Prix,4,15,4,5,7,Finished,Finished,1.0,0.0
2583,91,2004-03-21,2004,2,Malaysian Grand Prix,6,30,22,1,4,Finished,Finished,1.0,0.0
2584,91,2004-03-21,2004,2,Malaysian Grand Prix,7,43,44,9,12,+1 Lap,+1 Lap,1.0,0.0
2585,91,2004-03-21,2004,2,Malaysian Grand Prix,15,13,21,8,11,+1 Lap,+1 Lap,1.0,0.0
2586,91,2004-03-21,2004,2,Malaysian Grand Prix,16,18,11,3,15,Finished,+4 Laps,1.0,0.0
2587,91,2004-03-21,2004,2,Malaysian Grand Prix,18,46,47,14,16,+3 Laps,+4 Laps,1.0,0.0
2588,92,2004-04-04,2004,3,Bahrain Grand Prix,3,23,31,7,13,Finished,+1 Lap,1.0,0.0
2589,92,2004-04-04,2004,3,Bahrain Grand Prix,4,15,4,4,6,Finished,Finished,1.0,0.0
2590,92,2004-04-04,2004,3,Bahrain Grand Prix,6,30,22,1,2,Finished,Finished,1.0,0.0
2591,92,2004-04-04,2004,3,Bahrain Grand Prix,7,44,43,9,10,+1 Lap,+1 Lap,1.0,0.0
2592,92,2004-04-04,2004,3,Bahrain Grand Prix,15,21,13,11,12,+1 Lap,+1 Lap,1.0,0.0
2593,92,2004-04-04,2004,3,Bahrain Grand Prix,16,18,11,3,5,Finished,Finished,1.0,0.0
2594,92,2004-04-04,2004,3,Bahrain Grand Prix,17,2,45,15,16,+1 Lap,+2 Laps,1.0,0.0
2595,92,2004-04-04,2004,3,Bahrain Grand Prix,19,17,32,8,14,+1 Lap,+1 Lap,1.0,0.0
2596,93,2004-04-25,2004,4,San Marino Grand Prix,1,8,14,8,12,+1 Lap,+1 Lap,1.0,0.0
2597,93,2004-04-25,2004,4,San Marino Grand Prix,3,31,23,3,7,Finished,Finished,1.0,0.0
2598,93,2004-04-25,2004,4,San Marino Grand Prix,4,4,15,4,5,Finished,Finished,1.0,0.0
2599,93,2004-04-25,2004,4,San Marino Grand Prix,6,30,22,1,6,Finished,Finished,1.0,0.0
2600,93,2004-04-25,2004,4,San Marino Grand Prix,15,21,13,9,10,+1 Lap,+1 Lap,1.0,0.0
2601,93,2004-04-25,2004,4,San Marino Grand Prix,19,17,32,13,14,+1 Lap,+2 Laps,1.0,0.0
2602,94,2004-05-09,2004,5,Spanish Grand Prix,1,14,8,10,11,+1 Lap,+1 Lap,1.0,0.0
2603,94,2004-05-09,2004,5,Spanish Grand Prix,4,15,4,3,4,Finished,Finished,1.0,0.0
2604,94,2004-05-09,2004,5,Spanish Grand Prix,6,30,22,1,2,Finished,Finished,1.0,0.0
2605,94,2004-05-09,2004,5,Spanish Grand Prix,15,21,13,7,9,Finished,+1 Lap,1.0,0.0
2606,94,2004-05-09,2004,5,Spanish Grand Prix,16,11,18,5,8,Finished,+1 Lap,1.0,0.0
2607,95,2004-05-23,2004,6,Monaco Grand Prix,7,43,44,6,8,+1 Lap,+3 Laps,1.0,0.0
2608,96,2004-05-30,2004,7,European Grand Prix,4,15,4,4,5,Finished,Finished,1.0,0.0
2609,96,2004-05-30,2004,7,European Grand Prix,6,30,22,1,2,Finished,Finished,1.0,0.0
2610,96,2004-05-30,2004,7,European Grand Prix,15,21,13,6,9,Finished,+1 Lap,1.0,0.0
2611,96,2004-05-30,2004,7,European Grand Prix,17,2,45,10,13,+1 Lap,+2 Laps,1.0,0.0
2612,96,2004-05-30,2004,7,European Grand Prix,18,46,47,14,15,+3 Laps,+3 Laps,1.0,0.0
2613,96,2004-05-30,2004,7,European Grand Prix,19,17,32,7,12,Finished,+1 Lap,1.0,0.0
2614,97,2004-06-13,2004,8,Canadian Grand Prix,1,8,14,5,6,+1 Lap,+1 Lap,1.0,0.0
2615,97,2004-06-13,2004,8,Canadian Grand Prix,6,30,22,1,2,Finished,Finished,1.0,0.0
2616,97,2004-06-13,2004,8,Canadian Grand Prix,17,10,2,7,8,+2 Laps,+2 Laps,1.0,0.0
2617,98,2004-06-20,2004,9,United States Grand Prix,1,8,14,6,7,+1 Lap,+1 Lap,1.0,0.0
2618,98,2004-06-20,2004,9,United States Grand Prix,6,30,22,1,2,Finished,Finished,1.0,0.0
2619,99,2004-07-04,2004,10,French Grand Prix,1,14,8,6,7,Finished,Finished,1.0,0.0
2620,99,2004-07-04,2004,10,French Grand Prix,3,31,48,8,10,Finished,Finished,1.0,0.0
2621,99,2004-07-04,2004,10,French Grand Prix,4,4,15,2,4,Finished,Finished,1.0,0.0
2622,99,2004-07-04,2004,10,French Grand Prix,6,30,22,1,3,Finished,Finished,1.0,0.0
2623,99,2004-07-04,2004,10,French Grand Prix,7,43,44,14,15,+1 Lap,+2 Laps,1.0,0.0
2624,99,2004-07-04,2004,10,French Grand Prix,15,21,13,12,13,+1 Lap,+1 Lap,1.0,0.0
2625,99,2004-07-04,2004,10,French Grand Prix,17,2,45,16,17,+2 Laps,+3 Laps,1.0,0.0
2626,99,2004-07-04,2004,10,French Grand Prix,19,17,32,9,11,Finished,+1 Lap,1.0,0.0
2627,100,2004-07-11,2004,11,British Grand Prix,1,8,14,2,7,Finished,Finished,1.0,0.0
2628,100,2004-07-11,2004,11,British Grand Prix,3,31,48,5,12,Finished,Finished,1.0,0.0
2629,100,2004-07-11,2004,11,British Grand Prix,6,30,22,1,3,Finished,Finished,1.0,0.0
2630,100,2004-07-11,2004,11,British Grand Prix,15,21,13,6,9,Finished,Finished,1.0,0.0
2631,100,2004-07-11,2004,11,British Grand Prix,16,18,11,4,11,Finished,Finished,1.0,0.0
2632,100,2004-07-11,2004,11,British Grand Prix,19,17,32,8,14,Finished,+1 Lap,1.0,0.0
2633,101,2004-07-25,2004,12,German Grand Prix,3,31,42,5,7,Finished,Finished,1.0,0.0
2634,101,2004-07-25,2004,12,German Grand Prix,4,4,15,3,11,Finished,Finished,1.0,0.0
2635,101,2004-07-25,2004,12,German Grand Prix,6,30,22,1,12,Finished,Finished,1.0,0.0
2636,101,2004-07-25,2004,12,German Grand Prix,15,21,13,9,13,Finished,+1 Lap,1.0,0.0
2637,101,2004-07-25,2004,12,German Grand Prix,16,18,11,2,8,Finished,Finished,1.0,0.0
2638,101,2004-07-25,2004,12,German Grand Prix,18,47,46,16,17,+4 Laps,+4 Laps,1.0,0.0
2639,101,2004-07-25,2004,12,German Grand Prix,19,17,32,6,10,Finished,Finished,1.0,0.0
2640,102,2004-08-15,2004,13,Hungarian Grand Prix,3,31,42,4,7,Finished,+1 Lap,1.0,0.0
2641,102,2004-08-15,2004,13,Hungarian Grand Prix,6,30,22,1,2,Finished,Finished,1.0,0.0
2642,102,2004-08-15,2004,13,Hungarian Grand Prix,16,18,11,5,6,Finished,+1 Lap,1.0,0.0
2643,102,2004-08-15,2004,13,Hungarian Grand Prix,18,46,47,14,15,+4 Laps,+5 Laps,1.0,0.0
2644,102,2004-08-15,2004,13,Hungarian Grand Prix,19,17,32,10,13,+1 Lap,+2 Laps,1.0,0.0
2645,103,2004-08-29,2004,14,Belgian Grand Prix,1,8,14,1,7,Finished,Finished,1.0,0.0
2646,103,2004-08-29,2004,14,Belgian Grand Prix,6,30,22,2,3,Finished,Finished,1.0,0.0
2647,103,2004-08-29,2004,14,Belgian Grand Prix,15,13,21,4,5,Finished,Finished,1.0,0.0
2648,104,2004-09-12,2004,15,Italian Grand Prix,3,31,42,5,7,Finished,Finished,1.0,0.0
2649,104,2004-09-12,2004,15,Italian Grand Prix,6,22,30,1,2,Finished,Finished,1.0,0.0
2650,104,2004-09-12,2004,15,Italian Grand Prix,15,21,13,8,12,Finished,+1 Lap,1.0,0.0
2651,104,2004-09-12,2004,15,Italian Grand Prix,16,18,11,3,4,Finished,Finished,1.0,0.0
2652,104,2004-09-12,2004,15,Italian Grand Prix,19,17,32,9,13,Finished,+1 Lap,1.0,0.0
2653,105,2004-09-26,2004,16,Chinese Grand Prix,1,8,14,3,9,Finished,Finished,1.0,0.0
2654,105,2004-09-26,2004,16,Chinese Grand Prix,4,4,35,4,11,Finished,+1 Lap,1.0,0.0
2655,105,2004-09-26,2004,16,Chinese Grand Prix,6,22,30,1,12,Finished,+1 Lap,1.0,0.0
2656,105,2004-09-26,2004,16,Chinese Grand Prix,15,21,13,7,8,Finished,Finished,1.0,0.0
2657,105,2004-09-26,2004,16,Chinese Grand Prix,16,18,11,2,6,Finished,Finished,1.0,0.0
2658,105,2004-09-26,2004,16,Chinese Grand Prix,17,2,10,13,15,+1 Lap,+1 Lap,1.0,0.0
2659,106,2004-10-10,2004,17,Japanese Grand Prix,3,23,31,2,7,Finished,Finished,1.0,0.0
2660,106,2004-10-10,2004,17,Japanese Grand Prix,4,4,35,5,10,Finished,+1 Lap,1.0,0.0
2661,106,2004-10-10,2004,17,Japanese Grand Prix,7,15,44,11,14,+1 Lap,+2 Laps,1.0,0.0
2662,106,2004-10-10,2004,17,Japanese Grand Prix,15,21,13,8,9,Finished,Finished,1.0,0.0
2663,106,2004-10-10,2004,17,Japanese Grand Prix,16,18,11,3,4,Finished,Finished,1.0,0.0
2664,106,2004-10-10,2004,17,Japanese Grand Prix,17,2,10,13,15,+1 Lap,+2 Laps,1.0,0.0
2665,107,2004-10-24,2004,18,Brazilian Grand Prix,1,8,14,2,11,Finished,+1 Lap,1.0,0.0
2666,107,2004-10-24,2004,18,Brazilian Grand Prix,3,31,23,1,5,Finished,Finished,1.0,0.0
2667,107,2004-10-24,2004,18,Brazilian Grand Prix,4,4,35,4,10,Finished,+1 Lap,1.0,0.0
2668,107,2004-10-24,2004,18,Brazilian Grand Prix,6,22,30,3,7,Finished,Finished,1.0,0.0
2669,107,2004-10-24,2004,18,Brazilian Grand Prix,7,15,41,12,13,+1 Lap,+1 Lap,1.0,0.0
2670,107,2004-10-24,2004,18,Brazilian Grand Prix,15,13,21,8,9,Finished,Finished,1.0,0.0
2671,107,2004-10-24,2004,18,Brazilian Grand Prix,18,47,46,16,17,+4 Laps,+4 Laps,1.0,0.0
2672,71,2005-03-06,2005,1,Australian Grand Prix,1,31,8,6,8,Finished,Finished,1.0,0.0
2673,71,2005-03-06,2005,1,Australian Grand Prix,4,21,4,1,3,Finished,Finished,1.0,0.0
2674,71,2005-03-06,2005,1,Australian Grand Prix,7,15,23,9,12,Finished,+1 Lap,1.0,0.0
2675,71,2005-03-06,2005,1,Australian Grand Prix,9,14,32,4,7,Finished,Finished,1.0,0.0
2676,71,2005-03-06,2005,1,Australian Grand Prix,15,13,35,10,13,Finished,+1 Lap,1.0,0.0
2677,71,2005-03-06,2005,1,Australian Grand Prix,16,18,11,11,14,+1 Lap,+2 Laps,1.0,0.0
2678,71,2005-03-06,2005,1,Australian Grand Prix,17,39,33,15,16,+2 Laps,+2 Laps,1.0,0.0
2679,72,2005-03-20,2005,2,Malaysian Grand Prix,1,31,8,4,9,Finished,Finished,1.0,0.0
2680,72,2005-03-20,2005,2,Malaysian Grand Prix,7,15,23,2,5,Finished,Finished,1.0,0.0
2681,72,2005-03-20,2005,2,Malaysian Grand Prix,9,14,32,6,8,Finished,Finished,1.0,0.0
2682,72,2005-03-20,2005,2,Malaysian Grand Prix,17,39,33,11,12,+2 Laps,+3 Laps,1.0,0.0
2683,73,2005-04-03,2005,3,Bahrain Grand Prix,1,8,37,3,5,Finished,Finished,1.0,0.0
2684,73,2005-04-03,2005,3,Bahrain Grand Prix,7,15,23,2,4,Finished,Finished,1.0,0.0
2685,73,2005-04-03,2005,3,Bahrain Grand Prix,18,40,27,12,13,+3 Laps,+4 Laps,1.0,0.0
2686,74,2005-04-24,2005,4,San Marino Grand Prix,3,2,17,6,7,Finished,Finished,1.0,0.0
2687,74,2005-04-24,2005,4,San Marino Grand Prix,7,15,23,5,9,Finished,Finished,1.0,0.0
2688,74,2005-04-24,2005,4,San Marino Grand Prix,9,24,14,8,11,Finished,+1 Lap,1.0,0.0
2689,74,2005-04-24,2005,4,San Marino Grand Prix,15,35,13,4,10,Finished,+1 Lap,1.0,0.0
2690,74,2005-04-24,2005,4,San Marino Grand Prix,17,39,33,12,13,+1 Lap,+2 Laps,1.0,0.0
2691,75,2005-05-08,2005,5,Spanish Grand Prix,1,8,31,1,7,Finished,+1 Lap,1.0,0.0
2692,75,2005-05-08,2005,5,Spanish Grand Prix,3,17,2,6,10,Finished,+1 Lap,1.0,0.0
2693,75,2005-05-08,2005,5,Spanish Grand Prix,4,4,21,2,5,Finished,Finished,1.0,0.0
2694,75,2005-05-08,2005,5,Spanish Grand Prix,7,15,23,3,4,Finished,Finished,1.0,0.0
2695,75,2005-05-08,2005,5,Spanish Grand Prix,17,33,39,12,13,+3 Laps,+3 Laps,1.0,0.0
2696,76,2005-05-22,2005,6,Monaco Grand Prix,1,8,31,1,5,Finished,Finished,1.0,0.0
2697,76,2005-05-22,2005,6,Monaco Grand Prix,3,2,17,2,3,Finished,Finished,1.0,0.0
2698,76,2005-05-22,2005,6,Monaco Grand Prix,4,4,21,4,12,Finished,+1 Lap,1.0,0.0
2699,76,2005-05-22,2005,6,Monaco Grand Prix,6,30,22,7,8,Finished,Finished,1.0,0.0
2700,76,2005-05-22,2005,6,Monaco Grand Prix,7,23,15,6,10,Finished,+1 Lap,1.0,0.0
2701,76,2005-05-22,2005,6,Monaco Grand Prix,15,13,35,9,11,+1 Lap,+1 Lap,1.0,0.0
2702,77,2005-05-29,2005,7,European Grand Prix,4,4,21,1,6,Finished,Finished,1.0,0.0
2703,77,2005-05-29,2005,7,European Grand Prix,6,22,30,3,5,Finished,Finished,1.0,0.0
2704,77,2005-05-29,2005,7,European Grand Prix,9,14,24,4,9,Finished,Finished,1.0,0.0
2705,77,2005-05-29,2005,7,European Grand Prix,15,35,13,13,14,+1 Lap,+1 Lap,1.0,0.0
2706,77,2005-05-29,2005,7,European Grand Prix,16,18,11,10,12,Finished,+1 Lap,1.0,0.0
2707,77,2005-05-29,2005,7,European Grand Prix,17,33,39,15,16,+1 Lap,+1 Lap,1.0,0.0
2708,77,2005-05-29,2005,7,European Grand Prix,18,27,40,17,18,+2 Laps,+3 Laps,1.0,0.0
2709,78,2005-06-12,2005,8,Canadian Grand Prix,6,30,22,2,3,Finished,Finished,1.0,0.0
2710,78,2005-06-12,2005,8,Canadian Grand Prix,9,14,32,7,8,+1 Lap,+1 Lap,1.0,0.0
2711,78,2005-06-12,2005,8,Canadian Grand Prix,15,13,35,4,9,Finished,+1 Lap,1.0,0.0
2712,79,2005-06-19,2005,9,United States Grand Prix,6,30,22,1,2,Finished,Finished,1.0,0.0
2713,79,2005-06-19,2005,9,United States Grand Prix,17,33,39,3,4,+1 Lap,+1 Lap,1.0,0.0
2714,79,2005-06-19,2005,9,United States Grand Prix,18,27,40,5,6,+2 Laps,+2 Laps,1.0,0.0
2715,80,2005-07-03,2005,10,French Grand Prix,3,17,2,12,14,+2 Laps,+4 Laps,1.0,0.0
2716,80,2005-07-03,2005,10,French Grand Prix,4,4,21,1,6,Finished,+1 Lap,1.0,0.0
2717,80,2005-07-03,2005,10,French Grand Prix,6,30,22,3,9,Finished,+1 Lap,1.0,0.0
2718,80,2005-07-03,2005,10,French Grand Prix,7,15,23,5,7,+1 Lap,+1 Lap,1.0,0.0
2719,80,2005-07-03,2005,10,French Grand Prix,16,18,11,4,11,+1 Lap,+1 Lap,1.0,0.0
2720,80,2005-07-03,2005,10,French Grand Prix,17,33,39,13,15,+3 Laps,+4 Laps,1.0,0.0
2721,81,2005-07-10,2005,11,British Grand Prix,1,31,8,1,3,Finished,Finished,1.0,0.0
2722,81,2005-07-10,2005,11,British Grand Prix,3,17,2,11,12,+1 Lap,+1 Lap,1.0,0.0
2723,81,2005-07-10,2005,11,British Grand Prix,4,4,21,2,4,Finished,Finished,1.0,0.0
2724,81,2005-07-10,2005,11,British Grand Prix,6,30,22,6,7,Finished,Finished,1.0,0.0
2725,81,2005-07-10,2005,11,British Grand Prix,7,23,15,8,9,Finished,Finished,1.0,0.0
2726,81,2005-07-10,2005,11,British Grand Prix,9,14,32,13,15,+1 Lap,+1 Lap,1.0,0.0
2727,81,2005-07-10,2005,11,British Grand Prix,15,13,35,10,14,+1 Lap,+1 Lap,1.0,0.0
2728,81,2005-07-10,2005,11,British Grand Prix,16,18,11,5,16,Finished,+2 Laps,1.0,0.0
2729,81,2005-07-10,2005,11,British Grand Prix,18,27,40,18,19,+3 Laps,+4 Laps,1.0,0.0
2730,82,2005-07-24,2005,12,German Grand Prix,3,2,17,11,19,+1 Lap,+12 Laps,1.0,0.0
2731,82,2005-07-24,2005,12,German Grand Prix,4,4,21,1,4,Finished,Finished,1.0,0.0
2732,82,2005-07-24,2005,12,German Grand Prix,6,30,22,5,10,Finished,+1 Lap,1.0,0.0
2733,82,2005-07-24,2005,12,German Grand Prix,7,23,15,6,14,Finished,+3 Laps,1.0,0.0
2734,82,2005-07-24,2005,12,German Grand Prix,9,14,32,7,9,Finished,Finished,1.0,0.0
2735,82,2005-07-24,2005,12,German Grand Prix,15,13,35,8,15,Finished,+3 Laps,1.0,0.0
2736,82,2005-07-24,2005,12,German Grand Prix,16,18,11,3,12,Finished,+1 Lap,1.0,0.0
2737,82,2005-07-24,2005,12,German Grand Prix,17,39,33,16,17,+3 Laps,+3 Laps,1.0,0.0
2738,82,2005-07-24,2005,12,German Grand Prix,18,27,38,13,18,+2 Laps,+4 Laps,1.0,0.0
2739,83,2005-07-31,2005,13,Hungarian Grand Prix,3,2,17,6,7,Finished,+1 Lap,1.0,0.0
2740,83,2005-07-31,2005,13,Hungarian Grand Prix,4,21,4,9,11,+1 Lap,+1 Lap,1.0,0.0
2741,83,2005-07-31,2005,13,Hungarian Grand Prix,6,30,22,2,10,Finished,+1 Lap,1.0,0.0
2742,83,2005-07-31,2005,13,Hungarian Grand Prix,7,23,15,3,4,Finished,Finished,1.0,0.0
2743,83,2005-07-31,2005,13,Hungarian Grand Prix,16,18,11,5,8,Finished,+1 Lap,1.0,0.0
2744,83,2005-07-31,2005,13,Hungarian Grand Prix,17,39,33,12,13,+3 Laps,+4 Laps,1.0,0.0
2745,84,2005-08-21,2005,14,Turkish Grand Prix,1,8,31,1,3,Finished,Finished,1.0,0.0
2746,84,2005-08-21,2005,14,Turkish Grand Prix,4,4,21,2,4,Finished,Finished,1.0,0.0
2747,84,2005-08-21,2005,14,Turkish Grand Prix,7,15,23,6,12,Finished,+1 Lap,1.0,0.0
2748,84,2005-08-21,2005,14,Turkish Grand Prix,9,14,32,7,8,Finished,Finished,1.0,0.0
2749,84,2005-08-21,2005,14,Turkish Grand Prix,16,18,11,5,9,Finished,Finished,1.0,0.0
2750,84,2005-08-21,2005,14,Turkish Grand Prix,17,39,33,14,15,+3 Laps,+3 Laps,1.0,0.0
2751,85,2005-09-04,2005,15,Italian Grand Prix,1,31,8,1,4,Finished,Finished,1.0,0.0
2752,85,2005-09-04,2005,15,Italian Grand Prix,3,42,17,7,14,Finished,+1 Lap,1.0,0.0
2753,85,2005-09-04,2005,15,Italian Grand Prix,4,4,21,2,3,Finished,Finished,1.0,0.0
2754,85,2005-09-04,2005,15,Italian Grand Prix,6,30,22,10,12,Finished,+1 Lap,1.0,0.0
2755,85,2005-09-04,2005,15,Italian Grand Prix,7,15,23,5,6,Finished,Finished,1.0,0.0
2756,85,2005-09-04,2005,15,Italian Grand Prix,9,32,14,13,15,+1 Lap,+1 Lap,1.0,0.0
2757,85,2005-09-04,2005,15,Italian Grand Prix,15,13,35,9,11,Finished,+1 Lap,1.0,0.0
2758,85,2005-09-04,2005,15,Italian Grand Prix,16,18,11,8,16,Finished,+1 Lap,1.0,0.0
2759,85,2005-09-04,2005,15,Italian Grand Prix,17,33,39,17,20,+2 Laps,+3 Laps,1.0,0.0
2760,85,2005-09-04,2005,15,Italian Grand Prix,18,38,27,18,19,+2 Laps,+2 Laps,1.0,0.0
2761,86,2005-09-11,2005,16,Belgian Grand Prix,15,35,13,6,10,Finished,+1 Lap,1.0,0.0
2762,86,2005-09-11,2005,16,Belgian Grand Prix,17,33,39,8,11,+1 Lap,+1 Lap,1.0,0.0
2763,86,2005-09-11,2005,16,Belgian Grand Prix,18,27,38,12,13,+2 Laps,+3 Laps,1.0,0.0
2764,87,2005-09-25,2005,17,Brazilian Grand Prix,1,31,8,1,2,Finished,Finished,1.0,0.0
2765,87,2005-09-25,2005,17,Brazilian Grand Prix,4,4,21,3,5,Finished,Finished,1.0,0.0
2766,87,2005-09-25,2005,17,Brazilian Grand Prix,6,30,22,4,6,Finished,Finished,1.0,0.0
2767,87,2005-09-25,2005,17,Brazilian Grand Prix,7,23,15,8,13,+1 Lap,+2 Laps,1.0,0.0
2768,87,2005-09-25,2005,17,Brazilian Grand Prix,15,13,35,11,12,+1 Lap,+1 Lap,1.0,0.0
2769,87,2005-09-25,2005,17,Brazilian Grand Prix,16,18,11,7,10,+1 Lap,+1 Lap,1.0,0.0
2770,88,2005-10-09,2005,18,Japanese Grand Prix,4,21,4,2,3,Finished,Finished,1.0,0.0
2771,88,2005-10-09,2005,18,Japanese Grand Prix,6,30,22,7,11,Finished,Finished,1.0,0.0
2772,88,2005-10-09,2005,18,Japanese Grand Prix,9,14,32,6,9,Finished,Finished,1.0,0.0
2773,88,2005-10-09,2005,18,Japanese Grand Prix,15,13,35,10,12,Finished,Finished,1.0,0.0
2774,88,2005-10-09,2005,18,Japanese Grand Prix,17,33,39,13,15,+1 Lap,+2 Laps,1.0,0.0
2775,88,2005-10-09,2005,18,Japanese Grand Prix,18,38,27,14,16,+2 Laps,+4 Laps,1.0,0.0
2776,89,2005-10-16,2005,19,Chinese Grand Prix,4,4,21,1,4,Finished,Finished,1.0,0.0
2777,89,2005-10-16,2005,19,Chinese Grand Prix,7,23,15,3,15,Finished,+1 Lap,1.0,0.0
2778,89,2005-10-16,2005,19,Chinese Grand Prix,9,32,14,5,9,Finished,Finished,1.0,0.0
2779,89,2005-10-16,2005,19,Chinese Grand Prix,15,13,35,6,10,Finished,Finished,1.0,0.0
2780,53,2006-03-12,2006,1,Bahrain Grand Prix,1,8,31,3,5,Finished,Finished,1.0,0.0
2781,53,2006-03-12,2006,1,Bahrain Grand Prix,3,17,3,6,7,Finished,Finished,1.0,0.0
2782,53,2006-03-12,2006,1,Bahrain Grand Prix,5,24,26,11,13,Finished,+1 Lap,1.0,0.0
2783,53,2006-03-12,2006,1,Bahrain Grand Prix,6,30,13,2,9,Finished,Finished,1.0,0.0
2784,53,2006-03-12,2006,1,Bahrain Grand Prix,7,23,15,14,16,+1 Lap,+1 Lap,1.0,0.0
2785,53,2006-03-12,2006,1,Bahrain Grand Prix,9,32,14,8,10,Finished,Finished,1.0,0.0
2786,53,2006-03-12,2006,1,Bahrain Grand Prix,11,18,22,4,15,Finished,+1 Lap,1.0,0.0
2787,54,2006-03-19,2006,2,Malaysian Grand Prix,4,21,4,1,2,Finished,Finished,1.0,0.0
2788,54,2006-03-19,2006,2,Malaysian Grand Prix,6,13,30,5,6,Finished,Finished,1.0,0.0
2789,54,2006-03-19,2006,2,Malaysian Grand Prix,7,23,15,8,9,Finished,+1 Lap,1.0,0.0
2790,54,2006-03-19,2006,2,Malaysian Grand Prix,11,18,22,3,10,Finished,+1 Lap,1.0,0.0
2791,54,2006-03-19,2006,2,Malaysian Grand Prix,13,27,33,12,13,+2 Laps,+2 Laps,1.0,0.0
2792,55,2006-04-02,2006,3,Australian Grand Prix,2,2,35,4,6,Finished,Finished,1.0,0.0
2793,55,2006-04-02,2006,3,Australian Grand Prix,4,4,21,1,5,Finished,Finished,1.0,0.0
2794,55,2006-04-02,2006,3,Australian Grand Prix,8,11,34,12,13,+2 Laps,+3 Laps,1.0,0.0
2795,55,2006-04-02,2006,3,Australian Grand Prix,11,22,18,7,10,Finished,+1 Lap,1.0,0.0
2796,56,2006-04-23,2006,4,San Marino Grand Prix,1,31,8,3,5,Finished,Finished,1.0,0.0
2797,56,2006-04-23,2006,4,San Marino Grand Prix,2,35,2,12,13,Finished,+1 Lap,1.0,0.0
2798,56,2006-04-23,2006,4,San Marino Grand Prix,3,17,3,6,11,Finished,Finished,1.0,0.0
2799,56,2006-04-23,2006,4,San Marino Grand Prix,4,4,21,2,8,Finished,Finished,1.0,0.0
2800,56,2006-04-23,2006,4,San Marino Grand Prix,5,24,26,14,15,+1 Lap,+1 Lap,1.0,0.0
2801,56,2006-04-23,2006,4,San Marino Grand Prix,6,30,13,1,4,Finished,Finished,1.0,0.0
2802,56,2006-04-23,2006,4,San Marino Grand Prix,11,18,22,7,10,Finished,Finished,1.0,0.0
2803,57,2006-05-07,2006,5,European Grand Prix,2,35,2,8,10,Finished,+1 Lap,1.0,0.0
2804,57,2006-05-07,2006,5,European Grand Prix,4,4,21,2,6,Finished,Finished,1.0,0.0
2805,57,2006-05-07,2006,5,European Grand Prix,6,30,13,1,3,Finished,Finished,1.0,0.0
2806,57,2006-05-07,2006,5,European Grand Prix,13,33,27,12,13,+1 Lap,+1 Lap,1.0,0.0
2807,58,2006-05-14,2006,6,Spanish Grand Prix,2,2,35,8,12,+1 Lap,+1 Lap,1.0,0.0
2808,58,2006-05-14,2006,6,Spanish Grand Prix,3,17,3,9,11,+1 Lap,+1 Lap,1.0,0.0
2809,58,2006-05-14,2006,6,Spanish Grand Prix,4,4,21,1,3,Finished,Finished,1.0,0.0
2810,58,2006-05-14,2006,6,Spanish Grand Prix,6,30,13,2,4,Finished,Finished,1.0,0.0
2811,58,2006-05-14,2006,6,Spanish Grand Prix,9,32,14,13,14,+1 Lap,+1 Lap,1.0,0.0
2812,58,2006-05-14,2006,6,Spanish Grand Prix,11,18,22,6,7,Finished,+1 Lap,1.0,0.0
2813,59,2006-05-28,2006,7,Monaco Grand Prix,2,2,35,7,14,+1 Lap,+1 Lap,1.0,0.0
2814,59,2006-05-28,2006,7,Monaco Grand Prix,4,4,21,1,6,Finished,Finished,1.0,0.0
2815,59,2006-05-28,2006,7,Monaco Grand Prix,5,24,26,10,13,+1 Lap,+1 Lap,1.0,0.0
2816,59,2006-05-28,2006,7,Monaco Grand Prix,6,30,13,5,9,Finished,+1 Lap,1.0,0.0
2817,59,2006-05-28,2006,7,Monaco Grand Prix,11,22,18,4,11,Finished,+1 Lap,1.0,0.0
2818,59,2006-05-28,2006,7,Monaco Grand Prix,13,27,33,12,15,+1 Lap,+2 Laps,1.0,0.0
2819,60,2006-06-11,2006,8,British Grand Prix,1,8,31,3,6,Finished,Finished,1.0,0.0
2820,60,2006-06-11,2006,8,British Grand Prix,2,2,35,7,8,Finished,Finished,1.0,0.0
2821,60,2006-06-11,2006,8,British Grand Prix,4,4,21,1,4,Finished,Finished,1.0,0.0
2822,60,2006-06-11,2006,8,British Grand Prix,6,30,13,2,5,Finished,Finished,1.0,0.0
2823,60,2006-06-11,2006,8,British Grand Prix,8,11,36,17,18,+3 Laps,+3 Laps,1.0,0.0
2824,60,2006-06-11,2006,8,British Grand Prix,9,14,32,12,14,+1 Lap,+1 Lap,1.0,0.0
2825,60,2006-06-11,2006,8,British Grand Prix,13,27,33,15,16,+1 Lap,+2 Laps,1.0,0.0
2826,61,2006-06-25,2006,9,Canadian Grand Prix,4,4,21,1,4,Finished,Finished,1.0,0.0
2827,61,2006-06-25,2006,9,Canadian Grand Prix,5,26,24,10,13,+1 Lap,+2 Laps,1.0,0.0
2828,61,2006-06-25,2006,9,Canadian Grand Prix,6,30,13,2,5,Finished,Finished,1.0,0.0
2829,61,2006-06-25,2006,9,Canadian Grand Prix,9,14,32,8,11,+1 Lap,+1 Lap,1.0,0.0
2830,62,2006-07-02,2006,10,United States Grand Prix,4,21,4,3,5,Finished,Finished,1.0,0.0
2831,62,2006-07-02,2006,10,United States Grand Prix,6,30,13,1,2,Finished,Finished,1.0,0.0
2832,62,2006-07-02,2006,10,United States Grand Prix,7,15,23,4,10,Finished,+11 Laps,1.0,0.0
2833,63,2006-07-16,2006,11,French Grand Prix,1,8,37,5,7,Finished,Finished,1.0,0.0
2834,63,2006-07-16,2006,11,French Grand Prix,2,2,35,8,11,+1 Lap,+1 Lap,1.0,0.0
2835,63,2006-07-16,2006,11,French Grand Prix,4,4,21,2,6,Finished,Finished,1.0,0.0
2836,63,2006-07-16,2006,11,French Grand Prix,5,26,24,10,13,+1 Lap,+1 Lap,1.0,0.0
2837,63,2006-07-16,2006,11,French Grand Prix,6,30,13,1,3,Finished,Finished,1.0,0.0
2838,63,2006-07-16,2006,11,French Grand Prix,9,14,32,9,12,+1 Lap,+1 Lap,1.0,0.0
2839,64,2006-07-30,2006,12,German Grand Prix,4,4,21,5,6,Finished,Finished,1.0,0.0
2840,64,2006-07-30,2006,12,German Grand Prix,5,24,26,10,12,+1 Lap,+1 Lap,1.0,0.0
2841,64,2006-07-30,2006,12,German Grand Prix,6,30,13,1,2,Finished,Finished,1.0,0.0
2842,64,2006-07-30,2006,12,German Grand Prix,7,15,23,7,9,Finished,Finished,1.0,0.0
2843,64,2006-07-30,2006,12,German Grand Prix,9,32,14,8,11,Finished,+1 Lap,1.0,0.0
2844,65,2006-08-06,2006,13,Hungarian Grand Prix,11,18,22,1,4,Finished,Finished,1.0,0.0
2845,65,2006-08-06,2006,13,Hungarian Grand Prix,13,33,27,9,10,+3 Laps,+3 Laps,1.0,0.0
2846,66,2006-08-27,2006,14,Turkish Grand Prix,2,9,2,12,14,+1 Lap,+2 Laps,1.0,0.0
2847,66,2006-08-27,2006,14,Turkish Grand Prix,4,4,21,2,6,Finished,Finished,1.0,0.0
2848,66,2006-08-27,2006,14,Turkish Grand Prix,6,13,30,1,3,Finished,Finished,1.0,0.0
2849,66,2006-08-27,2006,14,Turkish Grand Prix,7,23,15,7,9,Finished,+1 Lap,1.0,0.0
2850,66,2006-08-27,2006,14,Turkish Grand Prix,11,18,22,4,8,Finished,Finished,1.0,0.0
2851,67,2006-09-10,2006,15,Italian Grand Prix,2,9,2,3,8,Finished,Finished,1.0,0.0
2852,67,2006-09-10,2006,15,Italian Grand Prix,5,26,24,13,14,+1 Lap,+1 Lap,1.0,0.0
2853,67,2006-09-10,2006,15,Italian Grand Prix,6,30,13,1,9,Finished,Finished,1.0,0.0
2854,67,2006-09-10,2006,15,Italian Grand Prix,7,15,23,7,15,Finished,+1 Lap,1.0,0.0
2855,67,2006-09-10,2006,15,Italian Grand Prix,9,32,14,11,12,+1 Lap,+1 Lap,1.0,0.0
2856,67,2006-09-10,2006,15,Italian Grand Prix,11,18,22,5,6,Finished,Finished,1.0,0.0
2857,68,2006-10-01,2006,16,Chinese Grand Prix,2,2,9,7,13,Finished,+1 Lap,1.0,0.0
2858,68,2006-10-01,2006,16,Chinese Grand Prix,3,17,3,8,11,Finished,+1 Lap,1.0,0.0
2859,68,2006-10-01,2006,16,Chinese Grand Prix,4,4,21,2,3,Finished,Finished,1.0,0.0
2860,68,2006-10-01,2006,16,Chinese Grand Prix,5,24,26,10,14,+1 Lap,+1 Lap,1.0,0.0
2861,68,2006-10-01,2006,16,Chinese Grand Prix,9,14,38,9,12,Finished,+1 Lap,1.0,0.0
2862,68,2006-10-01,2006,16,Chinese Grand Prix,11,18,22,4,6,Finished,Finished,1.0,0.0
2863,69,2006-10-08,2006,17,Japanese Grand Prix,1,8,37,5,11,Finished,+1 Lap,1.0,0.0
2864,69,2006-10-08,2006,17,Japanese Grand Prix,2,2,9,8,9,Finished,Finished,1.0,0.0
2865,69,2006-10-08,2006,17,Japanese Grand Prix,4,4,21,1,3,Finished,Finished,1.0,0.0
2866,69,2006-10-08,2006,17,Japanese Grand Prix,7,15,23,6,7,Finished,Finished,1.0,0.0
2867,69,2006-10-08,2006,17,Japanese Grand Prix,8,11,29,15,17,+1 Lap,+3 Laps,1.0,0.0
2868,69,2006-10-08,2006,17,Japanese Grand Prix,11,18,22,4,12,Finished,+1 Lap,1.0,0.0
2869,70,2006-10-22,2006,18,Brazilian Grand Prix,1,8,37,5,8,Finished,Finished,1.0,0.0
2870,70,2006-10-22,2006,18,Brazilian Grand Prix,4,4,21,2,6,Finished,Finished,1.0,0.0
2871,70,2006-10-22,2006,18,Brazilian Grand Prix,5,26,24,11,13,+1 Lap,+1 Lap,1.0,0.0
2872,70,2006-10-22,2006,18,Brazilian Grand Prix,6,13,30,1,4,Finished,Finished,1.0,0.0
2873,70,2006-10-22,2006,18,Brazilian Grand Prix,8,11,29,10,16,+1 Lap,+2 Laps,1.0,0.0
2874,70,2006-10-22,2006,18,Brazilian Grand Prix,11,18,22,3,7,Finished,Finished,1.0,0.0
2875,70,2006-10-22,2006,18,Brazilian Grand Prix,14,27,33,14,15,+1 Lap,+2 Laps,1.0,0.0
2876,36,2007-03-18,2007,1,Australian Grand Prix,1,4,1,2,3,Finished,Finished,1.0,0.0
2877,36,2007-03-18,2007,1,Australian Grand Prix,4,21,5,5,10,Finished,+1 Lap,1.0,0.0
2878,36,2007-03-18,2007,1,Australian Grand Prix,6,8,13,1,6,Finished,Finished,1.0,0.0
2879,36,2007-03-18,2007,1,Australian Grand Prix,7,23,15,8,9,+1 Lap,+1 Lap,1.0,0.0
2880,36,2007-03-18,2007,1,Australian Grand Prix,8,11,19,12,16,+1 Lap,+2 Laps,1.0,0.0
2881,36,2007-03-18,2007,1,Australian Grand Prix,11,22,18,11,15,+1 Lap,+1 Lap,1.0,0.0
2882,37,2007-04-08,2007,2,Malaysian Grand Prix,1,4,1,1,2,Finished,Finished,1.0,0.0
2883,37,2007-04-08,2007,2,Malaysian Grand Prix,2,2,9,4,18,Finished,+1 Lap,1.0,0.0
2884,37,2007-04-08,2007,2,Malaysian Grand Prix,4,21,5,6,8,Finished,Finished,1.0,0.0
2885,37,2007-04-08,2007,2,Malaysian Grand Prix,5,26,24,14,17,+1 Lap,+1 Lap,1.0,0.0
2886,37,2007-04-08,2007,2,Malaysian Grand Prix,6,8,13,3,5,Finished,Finished,1.0,0.0
2887,37,2007-04-08,2007,2,Malaysian Grand Prix,7,15,23,7,15,Finished,+1 Lap,1.0,0.0
2888,37,2007-04-08,2007,2,Malaysian Grand Prix,8,11,19,13,16,+1 Lap,+1 Lap,1.0,0.0
2889,37,2007-04-08,2007,2,Malaysian Grand Prix,11,22,18,11,12,+1 Lap,+1 Lap,1.0,0.0
2890,38,2007-04-15,2007,3,Bahrain Grand Prix,1,1,4,2,5,Finished,Finished,1.0,0.0
2891,38,2007-04-15,2007,3,Bahrain Grand Prix,2,2,9,4,6,Finished,Finished,1.0,0.0
2892,38,2007-04-15,2007,3,Bahrain Grand Prix,3,3,25,10,11,Finished,+1 Lap,1.0,0.0
2893,38,2007-04-15,2007,3,Bahrain Grand Prix,4,21,5,8,9,Finished,Finished,1.0,0.0
2894,38,2007-04-15,2007,3,Bahrain Grand Prix,6,13,8,1,3,Finished,Finished,1.0,0.0
2895,38,2007-04-15,2007,3,Bahrain Grand Prix,7,15,23,7,12,Finished,+1 Lap,1.0,0.0
2896,38,2007-04-15,2007,3,Bahrain Grand Prix,12,27,16,14,15,+2 Laps,+4 Laps,1.0,0.0
2897,39,2007-05-13,2007,4,Spanish Grand Prix,1,1,4,2,3,Finished,Finished,1.0,0.0
2898,39,2007-05-13,2007,4,Spanish Grand Prix,4,5,21,7,9,Finished,+1 Lap,1.0,0.0
2899,39,2007-05-13,2007,4,Spanish Grand Prix,8,11,19,8,11,+1 Lap,+1 Lap,1.0,0.0
2900,39,2007-05-13,2007,4,Spanish Grand Prix,11,22,18,10,12,+1 Lap,+1 Lap,1.0,0.0
2901,39,2007-05-13,2007,4,Spanish Grand Prix,12,16,27,13,14,+2 Laps,+2 Laps,1.0,0.0
2902,40,2007-05-27,2007,5,Monaco Grand Prix,1,4,1,1,2,Finished,Finished,1.0,0.0
2903,40,2007-05-27,2007,5,Monaco Grand Prix,2,9,2,5,6,+1 Lap,+1 Lap,1.0,0.0
2904,40,2007-05-27,2007,5,Monaco Grand Prix,3,25,3,7,12,+1 Lap,+1 Lap,1.0,0.0
2905,40,2007-05-27,2007,5,Monaco Grand Prix,6,13,8,3,8,Finished,+1 Lap,1.0,0.0
2906,40,2007-05-27,2007,5,Monaco Grand Prix,7,15,23,15,16,+2 Laps,+2 Laps,1.0,0.0
2907,40,2007-05-27,2007,5,Monaco Grand Prix,8,11,19,17,18,+2 Laps,+2 Laps,1.0,0.0
2908,40,2007-05-27,2007,5,Monaco Grand Prix,11,22,18,10,11,+1 Lap,+1 Lap,1.0,0.0
2909,41,2007-06-10,2007,6,Canadian Grand Prix,1,1,4,1,7,Finished,Finished,1.0,0.0
2910,41,2007-06-10,2007,6,Canadian Grand Prix,3,25,3,3,10,Finished,Finished,1.0,0.0
2911,41,2007-06-10,2007,6,Canadian Grand Prix,8,11,19,6,11,Finished,Finished,1.0,0.0
2912,42,2007-06-17,2007,7,United States Grand Prix,1,1,4,1,2,Finished,Finished,1.0,0.0
2913,42,2007-06-17,2007,7,United States Grand Prix,4,5,21,5,9,Finished,+1 Lap,1.0,0.0
2914,42,2007-06-17,2007,7,United States Grand Prix,6,13,8,3,4,Finished,Finished,1.0,0.0
2915,42,2007-06-17,2007,7,United States Grand Prix,12,16,27,14,15,+2 Laps,+3 Laps,1.0,0.0
2916,43,2007-07-01,2007,8,French Grand Prix,1,1,4,3,7,Finished,Finished,1.0,0.0
2917,43,2007-07-01,2007,8,French Grand Prix,2,9,2,4,5,Finished,Finished,1.0,0.0
2918,43,2007-07-01,2007,8,French Grand Prix,3,3,25,9,14,Finished,+1 Lap,1.0,0.0
2919,43,2007-07-01,2007,8,French Grand Prix,4,21,5,6,15,Finished,+1 Lap,1.0,0.0
2920,43,2007-07-01,2007,8,French Grand Prix,6,8,13,1,2,Finished,Finished,1.0,0.0
2921,43,2007-07-01,2007,8,French Grand Prix,9,17,14,12,13,+1 Lap,+1 Lap,1.0,0.0
2922,43,2007-07-01,2007,8,French Grand Prix,11,18,22,8,11,Finished,+1 Lap,1.0,0.0
2923,44,2007-07-08,2007,9,British Grand Prix,1,4,1,2,3,Finished,Finished,1.0,0.0
2924,44,2007-07-08,2007,9,British Grand Prix,2,9,2,4,6,Finished,Finished,1.0,0.0
2925,44,2007-07-08,2007,9,British Grand Prix,3,3,25,12,13,+1 Lap,+1 Lap,1.0,0.0
2926,44,2007-07-08,2007,9,British Grand Prix,4,5,21,7,8,+1 Lap,+1 Lap,1.0,0.0
2927,44,2007-07-08,2007,9,British Grand Prix,6,8,13,1,5,Finished,Finished,1.0,0.0
2928,44,2007-07-08,2007,9,British Grand Prix,11,22,18,9,10,+1 Lap,+1 Lap,1.0,0.0
2929,45,2007-07-22,2007,10,European Grand Prix,1,4,1,1,9,Finished,+1 Lap,1.0,0.0
2930,45,2007-07-22,2007,10,European Grand Prix,2,2,9,6,7,Finished,Finished,1.0,0.0
2931,45,2007-07-22,2007,10,European Grand Prix,4,5,21,8,10,+1 Lap,+1 Lap,1.0,0.0
2932,45,2007-07-22,2007,10,European Grand Prix,9,17,14,3,5,Finished,Finished,1.0,0.0
2933,46,2007-08-05,2007,11,Hungarian Grand Prix,1,1,4,1,4,Finished,Finished,1.0,0.0
2934,46,2007-08-05,2007,11,Hungarian Grand Prix,2,2,9,3,5,Finished,Finished,1.0,0.0
2935,46,2007-08-05,2007,11,Hungarian Grand Prix,3,3,25,7,14,Finished,+1 Lap,1.0,0.0
2936,46,2007-08-05,2007,11,Hungarian Grand Prix,4,5,21,8,12,Finished,+1 Lap,1.0,0.0
2937,46,2007-08-05,2007,11,Hungarian Grand Prix,6,8,13,2,13,Finished,+1 Lap,1.0,0.0
2938,46,2007-08-05,2007,11,Hungarian Grand Prix,7,23,15,6,10,Finished,+1 Lap,1.0,0.0
2939,46,2007-08-05,2007,11,Hungarian Grand Prix,9,17,14,9,11,Finished,+1 Lap,1.0,0.0
2940,47,2007-08-26,2007,12,Turkish Grand Prix,1,4,1,3,5,Finished,Finished,1.0,0.0
2941,47,2007-08-26,2007,12,Turkish Grand Prix,2,2,9,4,8,Finished,Finished,1.0,0.0
2942,47,2007-08-26,2007,12,Turkish Grand Prix,3,3,25,7,11,Finished,Finished,1.0,0.0
2943,47,2007-08-26,2007,12,Turkish Grand Prix,4,5,21,6,9,Finished,Finished,1.0,0.0
2944,47,2007-08-26,2007,12,Turkish Grand Prix,5,24,20,15,19,+1 Lap,+1 Lap,1.0,0.0
2945,47,2007-08-26,2007,12,Turkish Grand Prix,6,13,8,1,2,Finished,Finished,1.0,0.0
2946,47,2007-08-26,2007,12,Turkish Grand Prix,7,23,15,12,16,+1 Lap,+1 Lap,1.0,0.0
2947,47,2007-08-26,2007,12,Turkish Grand Prix,8,19,11,14,18,+1 Lap,+1 Lap,1.0,0.0
2948,47,2007-08-26,2007,12,Turkish Grand Prix,11,18,22,13,17,+1 Lap,+1 Lap,1.0,0.0
2949,48,2007-09-09,2007,13,Italian Grand Prix,1,4,1,1,2,Finished,Finished,1.0,0.0
2950,48,2007-09-09,2007,13,Italian Grand Prix,2,2,9,4,5,Finished,Finished,1.0,0.0
2951,48,2007-09-09,2007,13,Italian Grand Prix,3,3,25,6,13,Finished,+1 Lap,1.0,0.0
2952,48,2007-09-09,2007,13,Italian Grand Prix,4,5,21,7,12,Finished,+1 Lap,1.0,0.0
2953,48,2007-09-09,2007,13,Italian Grand Prix,5,24,20,17,18,+1 Lap,+1 Lap,1.0,0.0
2954,48,2007-09-09,2007,13,Italian Grand Prix,7,15,23,11,15,Finished,+1 Lap,1.0,0.0
2955,48,2007-09-09,2007,13,Italian Grand Prix,8,19,11,14,16,+1 Lap,+1 Lap,1.0,0.0
2956,48,2007-09-09,2007,13,Italian Grand Prix,11,18,22,8,10,Finished,Finished,1.0,0.0
2957,48,2007-09-09,2007,13,Italian Grand Prix,12,16,29,19,20,+1 Lap,+1 Lap,1.0,0.0
2958,49,2007-09-16,2007,14,Belgian Grand Prix,1,4,1,3,4,Finished,Finished,1.0,0.0
2959,49,2007-09-16,2007,14,Belgian Grand Prix,2,2,9,5,9,Finished,Finished,1.0,0.0
2960,49,2007-09-16,2007,14,Belgian Grand Prix,6,8,13,1,2,Finished,Finished,1.0,0.0
2961,49,2007-09-16,2007,14,Belgian Grand Prix,7,23,15,10,11,Finished,Finished,1.0,0.0
2962,49,2007-09-16,2007,14,Belgian Grand Prix,8,11,19,15,16,+1 Lap,+1 Lap,1.0,0.0
2963,49,2007-09-16,2007,14,Belgian Grand Prix,12,16,29,14,17,+1 Lap,+1 Lap,1.0,0.0
2964,50,2007-09-30,2007,15,Japanese Grand Prix,4,5,21,2,5,Finished,Finished,1.0,0.0
2965,50,2007-09-30,2007,15,Japanese Grand Prix,6,8,13,3,6,Finished,Finished,1.0,0.0
2966,50,2007-09-30,2007,15,Japanese Grand Prix,12,16,29,8,12,Finished,+1 Lap,1.0,0.0
2967,51,2007-10-07,2007,16,Chinese Grand Prix,3,25,3,12,16,+1 Lap,+2 Laps,1.0,0.0
2968,51,2007-10-07,2007,16,Chinese Grand Prix,4,5,21,9,11,Finished,Finished,1.0,0.0
2969,51,2007-10-07,2007,16,Chinese Grand Prix,5,20,24,4,6,Finished,Finished,1.0,0.0
2970,51,2007-10-07,2007,16,Chinese Grand Prix,6,8,13,1,3,Finished,Finished,1.0,0.0
2971,51,2007-10-07,2007,16,Chinese Grand Prix,9,14,17,8,10,Finished,Finished,1.0,0.0
2972,51,2007-10-07,2007,16,Chinese Grand Prix,11,18,22,5,15,Finished,+1 Lap,1.0,0.0
2973,52,2007-10-21,2007,17,Brazilian Grand Prix,1,4,1,3,7,Finished,+1 Lap,1.0,0.0
2974,52,2007-10-21,2007,17,Brazilian Grand Prix,2,9,2,5,6,Finished,Finished,1.0,0.0
2975,52,2007-10-21,2007,17,Brazilian Grand Prix,3,3,6,4,10,Finished,+1 Lap,1.0,0.0
2976,52,2007-10-21,2007,17,Brazilian Grand Prix,6,8,13,1,2,Finished,Finished,1.0,0.0
2977,52,2007-10-21,2007,17,Brazilian Grand Prix,7,15,23,8,11,+1 Lap,+1 Lap,1.0,0.0
2978,52,2007-10-21,2007,17,Brazilian Grand Prix,8,11,19,12,14,+2 Laps,+3 Laps,1.0,0.0
2979,18,2008-03-16,2008,1,Australian Grand Prix,1,1,5,1,5,Finished,Finished,1.0,0.0
2980,18,2008-03-16,2008,1,Australian Grand Prix,3,3,6,3,6,Finished,+1 Lap,1.0,0.0
2981,19,2008-03-23,2008,2,Malaysian Grand Prix,1,5,1,3,5,Finished,Finished,1.0,0.0
2982,19,2008-03-23,2008,2,Malaysian Grand Prix,2,9,2,2,6,Finished,Finished,1.0,0.0
2983,19,2008-03-23,2008,2,Malaysian Grand Prix,3,3,6,14,17,+1 Lap,+2 Laps,1.0,0.0
2984,19,2008-03-23,2008,2,Malaysian Grand Prix,4,4,12,8,11,Finished,Finished,1.0,0.0
2985,19,2008-03-23,2008,2,Malaysian Grand Prix,8,19,11,15,16,+1 Lap,+2 Laps,1.0,0.0
2986,19,2008-03-23,2008,2,Malaysian Grand Prix,9,17,14,7,9,Finished,Finished,1.0,0.0
2987,19,2008-03-23,2008,2,Malaysian Grand Prix,11,18,22,10,13,Finished,+1 Lap,1.0,0.0
2988,20,2008-04-06,2008,3,Bahrain Grand Prix,1,5,1,5,13,Finished,+1 Lap,1.0,0.0
2989,20,2008-04-06,2008,3,Bahrain Grand Prix,2,9,2,3,4,Finished,Finished,1.0,0.0
2990,20,2008-04-06,2008,3,Bahrain Grand Prix,3,3,6,8,14,Finished,+1 Lap,1.0,0.0
2991,20,2008-04-06,2008,3,Bahrain Grand Prix,6,13,8,1,2,Finished,Finished,1.0,0.0
2992,20,2008-04-06,2008,3,Bahrain Grand Prix,7,15,10,6,9,Finished,Finished,1.0,0.0
2993,20,2008-04-06,2008,3,Bahrain Grand Prix,8,19,11,16,17,+1 Lap,+1 Lap,1.0,0.0
2994,20,2008-04-06,2008,3,Bahrain Grand Prix,9,17,14,7,18,Finished,+1 Lap,1.0,0.0
2995,20,2008-04-06,2008,3,Bahrain Grand Prix,10,21,16,12,19,+1 Lap,+2 Laps,1.0,0.0
2996,21,2008-04-27,2008,4,Spanish Grand Prix,2,9,2,4,9,Finished,Finished,1.0,0.0
2997,21,2008-04-27,2008,4,Spanish Grand Prix,6,8,13,1,2,Finished,Finished,1.0,0.0
2998,21,2008-04-27,2008,4,Spanish Grand Prix,7,15,10,8,11,Finished,+1 Lap,1.0,0.0
2999,21,2008-04-27,2008,4,Spanish Grand Prix,9,17,14,5,12,Finished,+1 Lap,1.0,0.0
3000,22,2008-05-11,2008,5,Turkish Grand Prix,1,1,5,2,12,Finished,+1 Lap,1.0,0.0
3001,22,2008-05-11,2008,5,Turkish Grand Prix,2,9,2,4,5,Finished,Finished,1.0,0.0
3002,22,2008-05-11,2008,5,Turkish Grand Prix,4,4,12,6,15,Finished,+1 Lap,1.0,0.0
3003,22,2008-05-11,2008,5,Turkish Grand Prix,6,13,8,1,3,Finished,Finished,1.0,0.0
3004,22,2008-05-11,2008,5,Turkish Grand Prix,7,15,10,10,13,Finished,+1 Lap,1.0,0.0
3005,22,2008-05-11,2008,5,Turkish Grand Prix,9,17,14,7,9,Finished,Finished,1.0,0.0
3006,22,2008-05-11,2008,5,Turkish Grand Prix,11,18,22,11,14,+1 Lap,+1 Lap,1.0,0.0
3007,23,2008-05-25,2008,6,Monaco Grand Prix,1,1,5,1,8,Finished,Finished,1.0,0.0
3008,23,2008-05-25,2008,6,Monaco Grand Prix,2,9,2,2,14,Finished,+4 Laps,1.0,0.0
3009,23,2008-05-25,2008,6,Monaco Grand Prix,6,13,8,3,9,Finished,Finished,1.0,0.0
3010,23,2008-05-25,2008,6,Monaco Grand Prix,7,10,15,12,13,+1 Lap,+1 Lap,1.0,0.0
3011,23,2008-05-25,2008,6,Monaco Grand Prix,11,22,18,6,11,Finished,+1 Lap,1.0,0.0
3012,24,2008-06-08,2008,7,Canadian Grand Prix,2,9,2,1,2,Finished,Finished,1.0,0.0
3013,24,2008-06-08,2008,7,Canadian Grand Prix,5,20,7,8,13,Finished,+1 Lap,1.0,0.0
3014,24,2008-06-08,2008,7,Canadian Grand Prix,7,10,15,4,6,Finished,Finished,1.0,0.0
3015,24,2008-06-08,2008,7,Canadian Grand Prix,9,14,17,3,12,Finished,Finished,1.0,0.0
3016,24,2008-06-08,2008,7,Canadian Grand Prix,11,22,18,7,11,Finished,Finished,1.0,0.0
3017,25,2008-06-22,2008,8,French Grand Prix,1,5,1,4,10,Finished,Finished,1.0,0.0
3018,25,2008-06-22,2008,8,French Grand Prix,2,9,2,5,13,Finished,Finished,1.0,0.0
3019,25,2008-06-22,2008,8,French Grand Prix,3,6,3,15,16,+1 Lap,+1 Lap,1.0,0.0
3020,25,2008-06-22,2008,8,French Grand Prix,4,12,4,7,8,Finished,Finished,1.0,0.0
3021,25,2008-06-22,2008,8,French Grand Prix,5,20,7,12,17,Finished,+1 Lap,1.0,0.0
3022,25,2008-06-22,2008,8,French Grand Prix,6,13,8,1,2,Finished,Finished,1.0,0.0
3023,25,2008-06-22,2008,8,French Grand Prix,7,15,10,3,11,Finished,Finished,1.0,0.0
3024,25,2008-06-22,2008,8,French Grand Prix,9,17,14,6,9,Finished,Finished,1.0,0.0
3025,25,2008-06-22,2008,8,French Grand Prix,10,21,16,18,19,+1 Lap,+1 Lap,1.0,0.0
3026,26,2008-07-06,2008,9,British Grand Prix,1,1,5,1,5,Finished,+1 Lap,1.0,0.0
3027,26,2008-07-06,2008,9,British Grand Prix,3,6,3,8,9,+1 Lap,+1 Lap,1.0,0.0
3028,26,2008-07-06,2008,9,British Grand Prix,6,8,13,4,13,+1 Lap,+2 Laps,1.0,0.0
3029,26,2008-07-06,2008,9,British Grand Prix,7,15,10,7,12,+1 Lap,+1 Lap,1.0,0.0
3030,27,2008-07-20,2008,10,German Grand Prix,1,1,5,1,5,Finished,Finished,1.0,0.0
3031,27,2008-07-20,2008,10,German Grand Prix,2,2,9,4,7,Finished,Finished,1.0,0.0
3032,27,2008-07-20,2008,10,German Grand Prix,3,3,6,10,14,Finished,Finished,1.0,0.0
3033,27,2008-07-20,2008,10,German Grand Prix,4,12,4,2,11,Finished,Finished,1.0,0.0
3034,27,2008-07-20,2008,10,German Grand Prix,5,20,7,8,12,Finished,Finished,1.0,0.0
3035,27,2008-07-20,2008,10,German Grand Prix,6,13,8,3,6,Finished,Finished,1.0,0.0
3036,27,2008-07-20,2008,10,German Grand Prix,10,16,21,15,16,Finished,Finished,1.0,0.0
3037,28,2008-08-03,2008,11,Hungarian Grand Prix,1,5,1,1,5,Finished,Finished,1.0,0.0
3038,28,2008-08-03,2008,11,Hungarian Grand Prix,2,9,2,8,10,Finished,Finished,1.0,0.0
3039,28,2008-08-03,2008,11,Hungarian Grand Prix,3,6,3,13,14,+1 Lap,+1 Lap,1.0,0.0
3040,28,2008-08-03,2008,11,Hungarian Grand Prix,4,4,12,4,6,Finished,Finished,1.0,0.0
3041,28,2008-08-03,2008,11,Hungarian Grand Prix,7,10,15,2,7,Finished,Finished,1.0,0.0
3042,28,2008-08-03,2008,11,Hungarian Grand Prix,9,17,14,9,11,Finished,Finished,1.0,0.0
3043,28,2008-08-03,2008,11,Hungarian Grand Prix,11,18,22,12,16,+1 Lap,+2 Laps,1.0,0.0
3044,29,2008-08-24,2008,12,European Grand Prix,1,1,5,2,4,Finished,Finished,1.0,0.0
3045,29,2008-08-24,2008,12,European Grand Prix,2,9,2,3,9,Finished,Finished,1.0,0.0
3046,29,2008-08-24,2008,12,European Grand Prix,3,3,6,8,15,Finished,+1 Lap,1.0,0.0
3047,29,2008-08-24,2008,12,European Grand Prix,5,20,7,6,10,Finished,Finished,1.0,0.0
3048,29,2008-08-24,2008,12,European Grand Prix,7,15,10,5,7,Finished,Finished,1.0,0.0
3049,29,2008-08-24,2008,12,European Grand Prix,9,17,14,12,17,+1 Lap,+1 Lap,1.0,0.0
3050,29,2008-08-24,2008,12,European Grand Prix,11,18,22,13,16,+1 Lap,+1 Lap,1.0,0.0
3051,30,2008-09-07,2008,13,Belgian Grand Prix,2,2,9,2,6,Finished,Finished,1.0,0.0
3052,30,2008-09-07,2008,13,Belgian Grand Prix,3,3,6,12,14,+1 Lap,+1 Lap,1.0,0.0
3053,30,2008-09-07,2008,13,Belgian Grand Prix,5,20,7,5,7,Finished,Finished,1.0,0.0
3054,30,2008-09-07,2008,13,Belgian Grand Prix,7,10,15,9,16,Finished,+1 Lap,1.0,0.0
3055,30,2008-09-07,2008,13,Belgian Grand Prix,9,17,14,8,11,Finished,+1 Lap,1.0,0.0
3056,30,2008-09-07,2008,13,Belgian Grand Prix,10,16,21,13,17,+1 Lap,+1 Lap,1.0,0.0
3057,31,2008-09-14,2008,14,Italian Grand Prix,1,5,1,2,7,Finished,Finished,1.0,0.0
3058,31,2008-09-14,2008,14,Italian Grand Prix,2,9,2,3,5,Finished,Finished,1.0,0.0
3059,31,2008-09-14,2008,14,Italian Grand Prix,3,6,3,12,14,Finished,Finished,1.0,0.0
3060,31,2008-09-14,2008,14,Italian Grand Prix,4,4,12,4,10,Finished,Finished,1.0,0.0
3061,31,2008-09-14,2008,14,Italian Grand Prix,5,20,7,1,18,Finished,+1 Lap,1.0,0.0
3062,31,2008-09-14,2008,14,Italian Grand Prix,6,13,8,6,9,Finished,Finished,1.0,0.0
3063,31,2008-09-14,2008,14,Italian Grand Prix,7,10,15,11,13,Finished,Finished,1.0,0.0
3064,31,2008-09-14,2008,14,Italian Grand Prix,9,17,14,8,16,Finished,+1 Lap,1.0,0.0
3065,31,2008-09-14,2008,14,Italian Grand Prix,11,18,22,15,17,Finished,+1 Lap,1.0,0.0
3066,32,2008-09-28,2008,15,Singapore Grand Prix,1,1,5,3,10,Finished,Finished,1.0,0.0
3067,32,2008-09-28,2008,15,Singapore Grand Prix,2,2,9,6,11,Finished,Finished,1.0,0.0
3068,32,2008-09-28,2008,15,Singapore Grand Prix,3,3,6,2,8,Finished,Finished,1.0,0.0
3069,32,2008-09-28,2008,15,Singapore Grand Prix,5,20,7,5,12,Finished,Finished,1.0,0.0
3070,33,2008-10-12,2008,16,Japanese Grand Prix,2,9,2,2,9,Finished,Finished,1.0,0.0
3071,33,2008-10-12,2008,16,Japanese Grand Prix,3,3,6,11,15,Finished,+1 Lap,1.0,0.0
3072,33,2008-10-12,2008,16,Japanese Grand Prix,4,4,12,1,4,Finished,Finished,1.0,0.0
3073,33,2008-10-12,2008,16,Japanese Grand Prix,5,20,7,6,10,Finished,Finished,1.0,0.0
3074,33,2008-10-12,2008,16,Japanese Grand Prix,6,8,13,3,7,Finished,Finished,1.0,0.0
3075,33,2008-10-12,2008,16,Japanese Grand Prix,11,22,18,13,14,+1 Lap,+1 Lap,1.0,0.0
3076,34,2008-10-19,2008,17,Chinese Grand Prix,2,2,9,5,6,Finished,Finished,1.0,0.0
3077,34,2008-10-19,2008,17,Chinese Grand Prix,3,6,3,12,15,Finished,+1 Lap,1.0,0.0
3078,34,2008-10-19,2008,17,Chinese Grand Prix,4,4,12,4,8,Finished,Finished,1.0,0.0
3079,34,2008-10-19,2008,17,Chinese Grand Prix,5,20,7,9,13,Finished,Finished,1.0,0.0
3080,34,2008-10-19,2008,17,Chinese Grand Prix,6,13,8,2,3,Finished,Finished,1.0,0.0
3081,34,2008-10-19,2008,17,Chinese Grand Prix,9,14,17,10,14,Finished,Finished,1.0,0.0
3082,34,2008-10-19,2008,17,Chinese Grand Prix,11,22,18,11,16,Finished,+1 Lap,1.0,0.0
3083,35,2008-11-02,2008,18,Brazilian Grand Prix,1,1,5,5,7,Finished,Finished,1.0,0.0
3084,35,2008-11-02,2008,18,Brazilian Grand Prix,2,2,9,10,11,+1 Lap,+1 Lap,1.0,0.0
3085,35,2008-11-02,2008,18,Brazilian Grand Prix,3,3,6,12,17,+1 Lap,+2 Laps,1.0,0.0
3086,35,2008-11-02,2008,18,Brazilian Grand Prix,5,20,7,4,14,Finished,+1 Lap,1.0,0.0
3087,35,2008-11-02,2008,18,Brazilian Grand Prix,6,13,8,1,3,Finished,Finished,1.0,0.0
3088,35,2008-11-02,2008,18,Brazilian Grand Prix,7,10,15,6,8,Finished,Finished,1.0,0.0
3089,35,2008-11-02,2008,18,Brazilian Grand Prix,10,16,21,16,18,+2 Laps,+2 Laps,1.0,0.0
3090,35,2008-11-02,2008,18,Brazilian Grand Prix,11,18,22,13,15,+1 Lap,+1 Lap,1.0,0.0
3091,1,2009-03-29,2009,1,Australian Grand Prix,5,67,7,7,8,Finished,Finished,1.0,0.0
3092,1,2009-03-29,2009,1,Australian Grand Prix,7,15,10,3,4,Finished,Finished,1.0,0.0
3093,1,2009-03-29,2009,1,Australian Grand Prix,10,16,21,9,11,Finished,Finished,1.0,0.0
3094,1,2009-03-29,2009,1,Australian Grand Prix,23,18,22,1,2,Finished,Finished,1.0,0.0
3095,2,2009-04-05,2009,2,Malaysian Grand Prix,3,3,6,8,12,Finished,+1 Lap,1.0,0.0
3096,2,2009-04-05,2009,2,Malaysian Grand Prix,4,4,12,11,13,+1 Lap,+1 Lap,1.0,0.0
3097,2,2009-04-05,2009,2,Malaysian Grand Prix,6,13,8,9,14,Finished,+1 Lap,1.0,0.0
3098,2,2009-04-05,2009,2,Malaysian Grand Prix,7,10,15,3,4,Finished,Finished,1.0,0.0
3099,2,2009-04-05,2009,2,Malaysian Grand Prix,23,18,22,1,5,Finished,Finished,1.0,0.0
3100,3,2009-04-19,2009,3,Chinese Grand Prix,1,5,1,5,6,Finished,Finished,1.0,0.0
3101,3,2009-04-19,2009,3,Chinese Grand Prix,2,2,9,12,13,Finished,Finished,1.0,0.0
3102,3,2009-04-19,2009,3,Chinese Grand Prix,4,4,12,9,16,Finished,+2 Laps,1.0,0.0
3103,3,2009-04-19,2009,3,Chinese Grand Prix,5,67,7,8,11,Finished,Finished,1.0,0.0
3104,3,2009-04-19,2009,3,Chinese Grand Prix,9,20,17,1,2,Finished,Finished,1.0,0.0
3105,3,2009-04-19,2009,3,Chinese Grand Prix,23,18,22,3,4,Finished,Finished,1.0,0.0
3106,4,2009-04-26,2009,4,Bahrain Grand Prix,1,1,5,4,12,Finished,Finished,1.0,0.0
3107,4,2009-04-26,2009,4,Bahrain Grand Prix,2,9,2,18,19,+1 Lap,+1 Lap,1.0,0.0
3108,4,2009-04-26,2009,4,Bahrain Grand Prix,4,4,12,8,10,Finished,Finished,1.0,0.0
3109,4,2009-04-26,2009,4,Bahrain Grand Prix,5,7,67,13,17,Finished,+1 Lap,1.0,0.0
3110,4,2009-04-26,2009,4,Bahrain Grand Prix,6,8,13,6,14,Finished,+1 Lap,1.0,0.0
3111,4,2009-04-26,2009,4,Bahrain Grand Prix,7,15,10,3,7,Finished,Finished,1.0,0.0
3112,4,2009-04-26,2009,4,Bahrain Grand Prix,9,20,17,2,11,Finished,Finished,1.0,0.0
3113,4,2009-04-26,2009,4,Bahrain Grand Prix,10,21,16,15,16,+1 Lap,+1 Lap,1.0,0.0
3114,4,2009-04-26,2009,4,Bahrain Grand Prix,23,18,22,1,5,Finished,Finished,1.0,0.0
3115,5,2009-05-10,2009,5,Spanish Grand Prix,2,2,9,7,11,Finished,+1 Lap,1.0,0.0
3116,5,2009-05-10,2009,5,Spanish Grand Prix,3,3,6,8,13,Finished,+1 Lap,1.0,0.0
3117,5,2009-05-10,2009,5,Spanish Grand Prix,4,4,12,5,12,Finished,+1 Lap,1.0,0.0
3118,5,2009-05-10,2009,5,Spanish Grand Prix,9,17,20,3,4,Finished,Finished,1.0,0.0
3119,5,2009-05-10,2009,5,Spanish Grand Prix,23,18,22,1,2,Finished,Finished,1.0,0.0
3120,6,2009-05-24,2009,6,Monaco Grand Prix,6,8,13,3,4,Finished,Finished,1.0,0.0
3121,6,2009-05-24,2009,6,Monaco Grand Prix,7,10,15,10,13,+1 Lap,+1 Lap,1.0,0.0
3122,6,2009-05-24,2009,6,Monaco Grand Prix,10,21,16,9,14,Finished,+1 Lap,1.0,0.0
3123,6,2009-05-24,2009,6,Monaco Grand Prix,23,18,22,1,2,Finished,Finished,1.0,0.0
3124,7,2009-06-07,2009,7,Turkish Grand Prix,1,1,5,13,14,Finished,+1 Lap,1.0,0.0
3125,7,2009-06-07,2009,7,Turkish Grand Prix,2,9,2,7,11,Finished,Finished,1.0,0.0
3126,7,2009-06-07,2009,7,Turkish Grand Prix,3,3,6,5,12,Finished,Finished,1.0,0.0
3127,7,2009-06-07,2009,7,Turkish Grand Prix,4,4,12,10,16,Finished,+1 Lap,1.0,0.0
3128,7,2009-06-07,2009,7,Turkish Grand Prix,5,67,7,15,18,+1 Lap,+1 Lap,1.0,0.0
3129,7,2009-06-07,2009,7,Turkish Grand Prix,6,13,8,6,9,Finished,Finished,1.0,0.0
3130,7,2009-06-07,2009,7,Turkish Grand Prix,7,15,10,4,8,Finished,Finished,1.0,0.0
3131,7,2009-06-07,2009,7,Turkish Grand Prix,9,17,20,2,3,Finished,Finished,1.0,0.0
3132,8,2009-06-21,2009,8,British Grand Prix,2,9,2,13,15,+1 Lap,+1 Lap,1.0,0.0
3133,8,2009-06-21,2009,8,British Grand Prix,3,3,6,5,11,Finished,Finished,1.0,0.0
3134,8,2009-06-21,2009,8,British Grand Prix,4,12,4,12,14,+1 Lap,+1 Lap,1.0,0.0
3135,8,2009-06-21,2009,8,British Grand Prix,6,13,8,4,8,Finished,Finished,1.0,0.0
3136,8,2009-06-21,2009,8,British Grand Prix,7,15,10,7,9,Finished,Finished,1.0,0.0
3137,8,2009-06-21,2009,8,British Grand Prix,9,20,17,1,2,Finished,Finished,1.0,0.0
3138,8,2009-06-21,2009,8,British Grand Prix,10,21,16,10,17,Finished,+1 Lap,1.0,0.0
3139,8,2009-06-21,2009,8,British Grand Prix,23,22,18,3,6,Finished,Finished,1.0,0.0
3140,9,2009-07-12,2009,9,German Grand Prix,1,5,1,8,18,Finished,+1 Lap,1.0,0.0
3141,9,2009-07-12,2009,9,German Grand Prix,2,2,9,10,14,Finished,Finished,1.0,0.0
3142,9,2009-07-12,2009,9,German Grand Prix,3,3,6,4,12,Finished,Finished,1.0,0.0
3143,9,2009-07-12,2009,9,German Grand Prix,4,4,12,7,13,Finished,Finished,1.0,0.0
3144,9,2009-07-12,2009,9,German Grand Prix,7,10,15,9,17,Finished,Finished,1.0,0.0
3145,9,2009-07-12,2009,9,German Grand Prix,9,17,20,1,2,Finished,Finished,1.0,0.0
3146,9,2009-07-12,2009,9,German Grand Prix,10,21,16,11,15,Finished,Finished,1.0,0.0
3147,9,2009-07-12,2009,9,German Grand Prix,23,18,22,5,6,Finished,Finished,1.0,0.0
3148,10,2009-07-26,2009,10,Hungarian Grand Prix,1,1,5,1,5,Finished,Finished,1.0,0.0
3149,10,2009-07-26,2009,10,Hungarian Grand Prix,2,2,9,11,13,Finished,Finished,1.0,0.0
3150,10,2009-07-26,2009,10,Hungarian Grand Prix,3,3,6,4,9,Finished,Finished,1.0,0.0
3151,10,2009-07-26,2009,10,Hungarian Grand Prix,5,153,67,15,16,+1 Lap,+1 Lap,1.0,0.0
3152,10,2009-07-26,2009,10,Hungarian Grand Prix,7,10,15,6,8,Finished,Finished,1.0,0.0
3153,10,2009-07-26,2009,10,Hungarian Grand Prix,23,18,22,7,10,Finished,Finished,1.0,0.0
3154,11,2009-08-23,2009,11,European Grand Prix,1,1,5,2,4,Finished,Finished,1.0,0.0
3155,11,2009-08-23,2009,11,European Grand Prix,2,9,2,8,11,Finished,Finished,1.0,0.0
3156,11,2009-08-23,2009,11,European Grand Prix,3,3,6,5,18,Finished,+3 Laps,1.0,0.0
3157,11,2009-08-23,2009,11,European Grand Prix,4,4,154,6,15,Finished,Finished,1.0,0.0
3158,11,2009-08-23,2009,11,European Grand Prix,6,8,69,3,17,Finished,+1 Lap,1.0,0.0
3159,11,2009-08-23,2009,11,European Grand Prix,7,15,10,13,14,Finished,Finished,1.0,0.0
3160,11,2009-08-23,2009,11,European Grand Prix,10,16,21,10,12,Finished,Finished,1.0,0.0
3161,11,2009-08-23,2009,11,European Grand Prix,23,22,18,1,7,Finished,Finished,1.0,0.0
3162,12,2009-08-30,2009,12,Belgian Grand Prix,2,9,2,4,5,Finished,Finished,1.0,0.0
3163,12,2009-08-30,2009,12,Belgian Grand Prix,3,3,6,8,13,Finished,Finished,1.0,0.0
3164,12,2009-08-30,2009,12,Belgian Grand Prix,6,8,69,1,14,Finished,Finished,1.0,0.0
3165,12,2009-08-30,2009,12,Belgian Grand Prix,9,20,17,3,9,Finished,Finished,1.0,0.0
3166,12,2009-08-30,2009,12,Belgian Grand Prix,10,21,16,2,11,Finished,Finished,1.0,0.0
3167,13,2009-09-13,2009,13,Italian Grand Prix,3,6,3,10,16,Finished,+2 Laps,1.0,0.0
3168,13,2009-09-13,2009,13,Italian Grand Prix,4,4,154,5,15,Finished,+1 Lap,1.0,0.0
3169,13,2009-09-13,2009,13,Italian Grand Prix,6,8,21,3,9,Finished,Finished,1.0,0.0
3170,13,2009-09-13,2009,13,Italian Grand Prix,7,10,15,11,14,Finished,+1 Lap,1.0,0.0
3171,13,2009-09-13,2009,13,Italian Grand Prix,23,22,18,1,2,Finished,Finished,1.0,0.0
3172,14,2009-09-27,2009,14,Singapore Grand Prix,1,1,5,1,7,Finished,Finished,1.0,0.0
3173,14,2009-09-27,2009,14,Singapore Grand Prix,3,6,3,9,11,Finished,Finished,1.0,0.0
3174,14,2009-09-27,2009,14,Singapore Grand Prix,6,8,21,10,13,Finished,Finished,1.0,0.0
3175,14,2009-09-27,2009,14,Singapore Grand Prix,7,10,15,2,12,Finished,Finished,1.0,0.0
3176,14,2009-09-27,2009,14,Singapore Grand Prix,23,18,22,5,6,Finished,Finished,1.0,0.0
3177,15,2009-10-04,2009,15,Japanese Grand Prix,1,1,5,3,11,Finished,Finished,1.0,0.0
3178,15,2009-10-04,2009,15,Japanese Grand Prix,2,2,9,6,9,Finished,Finished,1.0,0.0
3179,15,2009-10-04,2009,15,Japanese Grand Prix,3,3,6,5,15,Finished,Finished,1.0,0.0
3180,15,2009-10-04,2009,15,Japanese Grand Prix,4,4,154,10,16,Finished,+1 Lap,1.0,0.0
3181,15,2009-10-04,2009,15,Japanese Grand Prix,6,8,21,4,12,Finished,Finished,1.0,0.0
3182,15,2009-10-04,2009,15,Japanese Grand Prix,9,20,17,1,17,Finished,+2 Laps,1.0,0.0
3183,15,2009-10-04,2009,15,Japanese Grand Prix,10,16,24,13,14,Finished,Finished,1.0,0.0
3184,15,2009-10-04,2009,15,Japanese Grand Prix,23,22,18,7,8,Finished,Finished,1.0,0.0
3185,16,2009-10-18,2009,16,Brazilian Grand Prix,1,1,5,3,9,Finished,Finished,1.0,0.0
3186,16,2009-10-18,2009,16,Brazilian Grand Prix,5,67,153,7,14,Finished,+1 Lap,1.0,0.0
3187,16,2009-10-18,2009,16,Brazilian Grand Prix,6,8,21,6,11,Finished,Finished,1.0,0.0
3188,16,2009-10-18,2009,16,Brazilian Grand Prix,9,17,20,1,4,Finished,Finished,1.0,0.0
3189,16,2009-10-18,2009,16,Brazilian Grand Prix,23,18,22,5,8,Finished,Finished,1.0,0.0
3190,17,2009-11-01,2009,17,Abu Dhabi Grand Prix,2,2,9,5,10,Finished,Finished,1.0,0.0
3191,17,2009-11-01,2009,17,Abu Dhabi Grand Prix,3,3,6,9,13,Finished,Finished,1.0,0.0
3192,17,2009-11-01,2009,17,Abu Dhabi Grand Prix,4,4,154,14,18,Finished,+1 Lap,1.0,0.0
3193,17,2009-11-01,2009,17,Abu Dhabi Grand Prix,6,8,21,12,16,Finished,+1 Lap,1.0,0.0
3194,17,2009-11-01,2009,17,Abu Dhabi Grand Prix,7,155,15,6,7,Finished,Finished,1.0,0.0
3195,17,2009-11-01,2009,17,Abu Dhabi Grand Prix,9,20,17,1,2,Finished,Finished,1.0,0.0
3196,17,2009-11-01,2009,17,Abu Dhabi Grand Prix,10,24,16,15,17,Finished,+1 Lap,1.0,0.0
3197,17,2009-11-01,2009,17,Abu Dhabi Grand Prix,23,18,22,3,4,Finished,Finished,1.0,0.0
3198,337,2010-03-14,2010,1,Bahrain Grand Prix,1,1,18,3,7,Finished,Finished,1.0,0.0
3199,337,2010-03-14,2010,1,Bahrain Grand Prix,3,22,807,10,14,Finished,+1 Lap,1.0,0.0
3200,337,2010-03-14,2010,1,Bahrain Grand Prix,6,4,13,1,2,Finished,Finished,1.0,0.0
3201,337,2010-03-14,2010,1,Bahrain Grand Prix,9,20,17,4,8,Finished,Finished,1.0,0.0
3202,337,2010-03-14,2010,1,Bahrain Grand Prix,10,24,16,9,12,Finished,Finished,1.0,0.0
3203,337,2010-03-14,2010,1,Bahrain Grand Prix,131,3,30,5,6,Finished,Finished,1.0,0.0
3204,338,2010-03-28,2010,2,Australian Grand Prix,1,18,1,1,6,Finished,Finished,1.0,0.0
3205,338,2010-03-28,2010,2,Australian Grand Prix,6,13,4,3,4,Finished,Finished,1.0,0.0
3206,338,2010-03-28,2010,2,Australian Grand Prix,131,3,30,5,10,Finished,Finished,1.0,0.0
3207,339,2010-04-04,2010,3,Malaysian Grand Prix,1,1,18,6,8,Finished,Finished,1.0,0.0
3208,339,2010-04-04,2010,3,Malaysian Grand Prix,3,807,22,10,12,Finished,+1 Lap,1.0,0.0
3209,339,2010-04-04,2010,3,Malaysian Grand Prix,5,153,67,9,11,Finished,Finished,1.0,0.0
3210,339,2010-04-04,2010,3,Malaysian Grand Prix,9,20,17,1,2,Finished,Finished,1.0,0.0
3211,339,2010-04-04,2010,3,Malaysian Grand Prix,164,812,811,15,16,+3 Laps,+4 Laps,1.0,0.0
3212,339,2010-04-04,2010,3,Malaysian Grand Prix,205,15,5,17,18,+5 Laps,+10 Laps,1.0,0.0
3213,340,2010-04-18,2010,4,Chinese Grand Prix,1,18,1,1,2,Finished,Finished,1.0,0.0
3214,340,2010-04-18,2010,4,Chinese Grand Prix,3,22,807,12,15,Finished,+1 Lap,1.0,0.0
3215,340,2010-04-18,2010,4,Chinese Grand Prix,4,9,808,5,7,Finished,Finished,1.0,0.0
3216,340,2010-04-18,2010,4,Chinese Grand Prix,6,4,13,4,9,Finished,Finished,1.0,0.0
3217,340,2010-04-18,2010,4,Chinese Grand Prix,9,20,17,6,8,Finished,Finished,1.0,0.0
3218,340,2010-04-18,2010,4,Chinese Grand Prix,131,3,30,3,10,Finished,Finished,1.0,0.0
3219,340,2010-04-18,2010,4,Chinese Grand Prix,164,811,812,16,17,+2 Laps,+4 Laps,1.0,0.0
3220,341,2010-05-09,2010,5,Spanish Grand Prix,3,22,807,9,16,+1 Lap,+2 Laps,1.0,0.0
3221,341,2010-05-09,2010,5,Spanish Grand Prix,4,9,808,8,11,Finished,+1 Lap,1.0,0.0
3222,341,2010-05-09,2010,5,Spanish Grand Prix,6,4,13,2,6,Finished,Finished,1.0,0.0
3223,341,2010-05-09,2010,5,Spanish Grand Prix,9,17,20,1,3,Finished,Finished,1.0,0.0
3224,341,2010-05-09,2010,5,Spanish Grand Prix,131,30,3,4,13,Finished,+1 Lap,1.0,0.0
3225,341,2010-05-09,2010,5,Spanish Grand Prix,166,10,810,18,19,+3 Laps,+4 Laps,1.0,0.0
3226,342,2010-05-16,2010,6,Monaco Grand Prix,5,67,153,10,11,Finished,Finished,1.0,0.0
3227,342,2010-05-16,2010,6,Monaco Grand Prix,6,13,4,4,6,Finished,Finished,1.0,0.0
3228,342,2010-05-16,2010,6,Monaco Grand Prix,9,17,20,1,2,Finished,Finished,1.0,0.0
3229,342,2010-05-16,2010,6,Monaco Grand Prix,10,16,24,8,9,Finished,Finished,1.0,0.0
3230,342,2010-05-16,2010,6,Monaco Grand Prix,131,3,30,7,12,Finished,Finished,1.0,0.0
3231,343,2010-05-30,2010,7,Turkish Grand Prix,1,1,18,1,2,Finished,Finished,1.0,0.0
3232,343,2010-05-30,2010,7,Turkish Grand Prix,3,22,807,14,17,+1 Lap,+1 Lap,1.0,0.0
3233,343,2010-05-30,2010,7,Turkish Grand Prix,4,9,808,6,15,Finished,+1 Lap,1.0,0.0
3234,343,2010-05-30,2010,7,Turkish Grand Prix,5,153,67,12,16,Finished,+1 Lap,1.0,0.0
3235,343,2010-05-30,2010,7,Turkish Grand Prix,6,13,4,7,8,Finished,Finished,1.0,0.0
3236,343,2010-05-30,2010,7,Turkish Grand Prix,10,16,24,9,13,Finished,+1 Lap,1.0,0.0
3237,343,2010-05-30,2010,7,Turkish Grand Prix,15,155,37,10,11,Finished,Finished,1.0,0.0
3238,343,2010-05-30,2010,7,Turkish Grand Prix,131,30,3,4,5,Finished,Finished,1.0,0.0
3239,343,2010-05-30,2010,7,Turkish Grand Prix,166,10,810,18,19,+3 Laps,+3 Laps,1.0,0.0
3240,344,2010-06-13,2010,8,Canadian Grand Prix,1,1,18,1,2,Finished,Finished,1.0,0.0
3241,344,2010-06-13,2010,8,Canadian Grand Prix,3,807,22,13,14,+1 Lap,+1 Lap,1.0,0.0
3242,344,2010-06-13,2010,8,Canadian Grand Prix,4,9,808,7,17,Finished,+2 Laps,1.0,0.0
3243,344,2010-06-13,2010,8,Canadian Grand Prix,5,67,153,8,12,+1 Lap,+1 Lap,1.0,0.0
3244,344,2010-06-13,2010,8,Canadian Grand Prix,6,4,13,3,15,Finished,+1 Lap,1.0,0.0
3245,344,2010-06-13,2010,8,Canadian Grand Prix,9,20,17,4,5,Finished,Finished,1.0,0.0
3246,344,2010-06-13,2010,8,Canadian Grand Prix,10,24,16,9,10,+1 Lap,+1 Lap,1.0,0.0
3247,344,2010-06-13,2010,8,Canadian Grand Prix,131,3,30,6,11,Finished,+1 Lap,1.0,0.0
3248,345,2010-06-27,2010,9,European Grand Prix,1,1,18,2,3,Finished,Finished,1.0,0.0
3249,345,2010-06-27,2010,9,European Grand Prix,4,9,808,5,14,Finished,Finished,1.0,0.0
3250,345,2010-06-27,2010,9,European Grand Prix,5,67,153,9,13,Finished,Finished,1.0,0.0
3251,345,2010-06-27,2010,9,European Grand Prix,6,4,13,8,11,Finished,Finished,1.0,0.0
3252,345,2010-06-27,2010,9,European Grand Prix,10,16,24,6,16,Finished,Finished,1.0,0.0
3253,345,2010-06-27,2010,9,European Grand Prix,15,155,37,7,12,Finished,Finished,1.0,0.0
3254,345,2010-06-27,2010,9,European Grand Prix,131,3,30,10,15,Finished,Finished,1.0,0.0
3255,345,2010-06-27,2010,9,European Grand Prix,164,812,811,18,20,+2 Laps,+2 Laps,1.0,0.0
3256,345,2010-06-27,2010,9,European Grand Prix,166,810,10,17,19,+1 Lap,+2 Laps,1.0,0.0
3257,346,2010-07-11,2010,10,British Grand Prix,1,1,18,2,4,Finished,Finished,1.0,0.0
3258,346,2010-07-11,2010,10,British Grand Prix,3,22,807,5,10,Finished,Finished,1.0,0.0
3259,346,2010-07-11,2010,10,British Grand Prix,6,4,13,14,15,Finished,Finished,1.0,0.0
3260,346,2010-07-11,2010,10,British Grand Prix,9,17,20,1,7,Finished,Finished,1.0,0.0
3261,346,2010-07-11,2010,10,British Grand Prix,10,16,24,8,11,Finished,Finished,1.0,0.0
3262,346,2010-07-11,2010,10,British Grand Prix,131,3,30,3,9,Finished,Finished,1.0,0.0
3263,346,2010-07-11,2010,10,British Grand Prix,164,812,29,19,20,+2 Laps,+2 Laps,1.0,0.0
3264,346,2010-07-11,2010,10,British Grand Prix,205,15,5,16,17,+1 Lap,+1 Lap,1.0,0.0
3265,347,2010-07-25,2010,11,German Grand Prix,1,1,18,4,5,Finished,Finished,1.0,0.0
3266,347,2010-07-25,2010,11,German Grand Prix,3,22,807,12,13,+1 Lap,+1 Lap,1.0,0.0
3267,347,2010-07-25,2010,11,German Grand Prix,4,9,808,7,10,+1 Lap,+1 Lap,1.0,0.0
3268,347,2010-07-25,2010,11,German Grand Prix,6,4,13,1,2,Finished,Finished,1.0,0.0
3269,347,2010-07-25,2010,11,German Grand Prix,9,20,17,3,6,Finished,Finished,1.0,0.0
3270,347,2010-07-25,2010,11,German Grand Prix,10,24,16,16,17,+2 Laps,+2 Laps,1.0,0.0
3271,347,2010-07-25,2010,11,German Grand Prix,15,155,37,11,14,+1 Lap,+1 Lap,1.0,0.0
3272,347,2010-07-25,2010,11,German Grand Prix,131,3,30,8,9,+1 Lap,+1 Lap,1.0,0.0
3273,348,2010-08-01,2010,12,Hungarian Grand Prix,3,807,22,6,10,Finished,+1 Lap,1.0,0.0
3274,348,2010-08-01,2010,12,Hungarian Grand Prix,6,4,13,2,4,Finished,Finished,1.0,0.0
3275,348,2010-08-01,2010,12,Hungarian Grand Prix,9,17,20,1,3,Finished,Finished,1.0,0.0
3276,348,2010-08-01,2010,12,Hungarian Grand Prix,15,37,155,7,9,+1 Lap,+1 Lap,1.0,0.0
3277,348,2010-08-01,2010,12,Hungarian Grand Prix,164,811,29,17,19,+3 Laps,+4 Laps,1.0,0.0
3278,348,2010-08-01,2010,12,Hungarian Grand Prix,166,10,810,16,18,+3 Laps,+4 Laps,1.0,0.0
3279,348,2010-08-01,2010,12,Hungarian Grand Prix,205,5,15,14,15,+3 Laps,+3 Laps,1.0,0.0
3280,349,2010-08-29,2010,13,Belgian Grand Prix,4,9,808,3,9,Finished,Finished,1.0,0.0
3281,349,2010-08-29,2010,13,Belgian Grand Prix,5,67,153,12,13,Finished,Finished,1.0,0.0
3282,349,2010-08-29,2010,13,Belgian Grand Prix,9,17,20,2,15,Finished,+1 Lap,1.0,0.0
3283,349,2010-08-29,2010,13,Belgian Grand Prix,10,16,24,5,10,Finished,Finished,1.0,0.0
3284,349,2010-08-29,2010,13,Belgian Grand Prix,15,155,37,8,11,Finished,Finished,1.0,0.0
3285,349,2010-08-29,2010,13,Belgian Grand Prix,131,3,30,6,7,Finished,Finished,1.0,0.0
3286,349,2010-08-29,2010,13,Belgian Grand Prix,166,810,10,17,18,+1 Lap,+1 Lap,1.0,0.0
3287,349,2010-08-29,2010,13,Belgian Grand Prix,205,5,15,16,19,+1 Lap,+1 Lap,1.0,0.0
3288,350,2010-09-12,2010,14,Italian Grand Prix,3,807,22,7,10,Finished,Finished,1.0,0.0
3289,350,2010-09-12,2010,14,Italian Grand Prix,4,9,808,8,13,Finished,Finished,1.0,0.0
3290,350,2010-09-12,2010,14,Italian Grand Prix,5,67,153,11,15,Finished,+1 Lap,1.0,0.0
3291,350,2010-09-12,2010,14,Italian Grand Prix,6,4,13,1,3,Finished,Finished,1.0,0.0
3292,350,2010-09-12,2010,14,Italian Grand Prix,9,20,17,4,6,Finished,Finished,1.0,0.0
3293,350,2010-09-12,2010,14,Italian Grand Prix,10,24,16,12,16,Finished,+1 Lap,1.0,0.0
3294,350,2010-09-12,2010,14,Italian Grand Prix,131,3,30,5,9,Finished,Finished,1.0,0.0
3295,350,2010-09-12,2010,14,Italian Grand Prix,166,10,810,17,20,+2 Laps,+3 Laps,1.0,0.0
3296,351,2010-09-26,2010,15,Singapore Grand Prix,3,22,807,6,10,Finished,Finished,1.0,0.0
3297,351,2010-09-26,2010,15,Singapore Grand Prix,4,9,808,7,11,Finished,+1 Lap,1.0,0.0
3298,351,2010-09-26,2010,15,Singapore Grand Prix,5,153,67,12,14,+1 Lap,+1 Lap,1.0,0.0
3299,351,2010-09-26,2010,15,Singapore Grand Prix,6,4,13,1,8,Finished,Finished,1.0,0.0
3300,351,2010-09-26,2010,15,Singapore Grand Prix,9,20,17,2,3,Finished,Finished,1.0,0.0
3301,351,2010-09-26,2010,15,Singapore Grand Prix,131,3,30,5,13,Finished,+1 Lap,1.0,0.0
3302,352,2010-10-10,2010,16,Japanese Grand Prix,1,18,1,4,5,Finished,Finished,1.0,0.0
3303,352,2010-10-10,2010,16,Japanese Grand Prix,5,67,153,10,11,Finished,+1 Lap,1.0,0.0
3304,352,2010-10-10,2010,16,Japanese Grand Prix,9,20,17,1,2,Finished,Finished,1.0,0.0
3305,352,2010-10-10,2010,16,Japanese Grand Prix,15,155,2,7,8,Finished,Finished,1.0,0.0
3306,352,2010-10-10,2010,16,Japanese Grand Prix,164,811,29,15,16,+2 Laps,+3 Laps,1.0,0.0
3307,352,2010-10-10,2010,16,Japanese Grand Prix,205,5,15,12,13,+1 Lap,+2 Laps,1.0,0.0
3308,353,2010-10-24,2010,17,Korean Grand Prix,1,1,18,2,12,Finished,Finished,1.0,0.0
3309,353,2010-10-24,2010,17,Korean Grand Prix,3,22,807,7,10,Finished,Finished,1.0,0.0
3310,353,2010-10-24,2010,17,Korean Grand Prix,6,4,13,1,3,Finished,Finished,1.0,0.0
3311,353,2010-10-24,2010,17,Korean Grand Prix,15,155,2,8,9,Finished,Finished,1.0,0.0
3312,353,2010-10-24,2010,17,Korean Grand Prix,164,811,29,14,15,+2 Laps,+2 Laps,1.0,0.0
3313,354,2010-11-07,2010,18,Brazilian Grand Prix,1,1,18,4,5,Finished,Finished,1.0,0.0
3314,354,2010-11-07,2010,18,Brazilian Grand Prix,3,807,22,8,14,+1 Lap,+1 Lap,1.0,0.0
3315,354,2010-11-07,2010,18,Brazilian Grand Prix,4,9,808,9,16,+1 Lap,+1 Lap,1.0,0.0
3316,354,2010-11-07,2010,18,Brazilian Grand Prix,5,153,67,11,13,+1 Lap,+1 Lap,1.0,0.0
3317,354,2010-11-07,2010,18,Brazilian Grand Prix,6,4,13,3,15,Finished,+1 Lap,1.0,0.0
3318,354,2010-11-07,2010,18,Brazilian Grand Prix,9,20,17,1,2,Finished,Finished,1.0,0.0
3319,354,2010-11-07,2010,18,Brazilian Grand Prix,15,155,2,10,17,+1 Lap,+1 Lap,1.0,0.0
3320,354,2010-11-07,2010,18,Brazilian Grand Prix,131,3,30,6,7,Finished,Finished,1.0,0.0
3321,354,2010-11-07,2010,18,Brazilian Grand Prix,164,811,32,21,22,+2 Laps,+6 Laps,1.0,0.0
3322,354,2010-11-07,2010,18,Brazilian Grand Prix,166,10,810,20,23,+2 Laps,+9 Laps,1.0,0.0
3323,354,2010-11-07,2010,18,Brazilian Grand Prix,205,5,15,18,19,+2 Laps,+2 Laps,1.0,0.0
3324,355,2010-11-14,2010,19,Abu Dhabi Grand Prix,1,1,18,2,3,Finished,Finished,1.0,0.0
3325,355,2010-11-14,2010,19,Abu Dhabi Grand Prix,3,22,807,12,16,Finished,Finished,1.0,0.0
3326,355,2010-11-14,2010,19,Abu Dhabi Grand Prix,4,9,808,5,6,Finished,Finished,1.0,0.0
3327,355,2010-11-14,2010,19,Abu Dhabi Grand Prix,5,153,67,9,15,Finished,Finished,1.0,0.0
3328,355,2010-11-14,2010,19,Abu Dhabi Grand Prix,6,4,13,7,10,Finished,Finished,1.0,0.0
3329,355,2010-11-14,2010,19,Abu Dhabi Grand Prix,9,20,17,1,8,Finished,Finished,1.0,0.0
3330,355,2010-11-14,2010,19,Abu Dhabi Grand Prix,15,2,155,11,14,Finished,Finished,1.0,0.0
3331,355,2010-11-14,2010,19,Abu Dhabi Grand Prix,164,811,32,19,20,+2 Laps,+2 Laps,1.0,0.0
3332,841,2011-03-27,2011,1,Australian Grand Prix,1,1,18,2,6,Finished,Finished,1.0,0.0
3333,841,2011-03-27,2011,1,Australian Grand Prix,4,808,2,3,12,Finished,+1 Lap,1.0,0.0
3334,841,2011-03-27,2011,1,Australian Grand Prix,5,67,153,8,11,+1 Lap,+1 Lap,1.0,0.0
3335,841,2011-03-27,2011,1,Australian Grand Prix,6,4,13,4,7,Finished,Finished,1.0,0.0
3336,841,2011-03-27,2011,1,Australian Grand Prix,9,20,17,1,5,Finished,Finished,1.0,0.0
3337,841,2011-03-27,2011,1,Australian Grand Prix,10,16,814,9,10,+1 Lap,+1 Lap,1.0,0.0
3338,841,2011-03-27,2011,1,Australian Grand Prix,166,816,10,14,15,+4 Laps,+9 Laps,1.0,0.0
3339,842,2011-04-10,2011,2,Malaysian Grand Prix,1,18,1,2,8,Finished,Finished,1.0,0.0
3340,842,2011-04-10,2011,2,Malaysian Grand Prix,5,67,153,13,14,+1 Lap,+1 Lap,1.0,0.0
3341,842,2011-04-10,2011,2,Malaysian Grand Prix,6,13,4,5,6,Finished,Finished,1.0,0.0
3342,842,2011-04-10,2011,2,Malaysian Grand Prix,9,20,17,1,4,Finished,Finished,1.0,0.0
3343,842,2011-04-10,2011,2,Malaysian Grand Prix,10,814,16,10,11,Finished,+1 Lap,1.0,0.0
3344,842,2011-04-10,2011,2,Malaysian Grand Prix,131,30,3,9,12,Finished,+1 Lap,1.0,0.0
3345,842,2011-04-10,2011,2,Malaysian Grand Prix,164,24,39,18,23,+10 Laps,+42 Laps,1.0,0.0
3346,843,2011-04-17,2011,3,Chinese Grand Prix,1,1,18,1,4,Finished,Finished,1.0,0.0
3347,843,2011-04-17,2011,3,Chinese Grand Prix,3,22,813,13,18,Finished,+1 Lap,1.0,0.0
3348,843,2011-04-17,2011,3,Chinese Grand Prix,4,808,2,9,12,Finished,Finished,1.0,0.0
3349,843,2011-04-17,2011,3,Chinese Grand Prix,6,13,4,6,7,Finished,Finished,1.0,0.0
3350,843,2011-04-17,2011,3,Chinese Grand Prix,9,20,17,2,3,Finished,Finished,1.0,0.0
3351,843,2011-04-17,2011,3,Chinese Grand Prix,10,814,16,11,15,Finished,+1 Lap,1.0,0.0
3352,843,2011-04-17,2011,3,Chinese Grand Prix,15,155,815,10,17,Finished,+1 Lap,1.0,0.0
3353,843,2011-04-17,2011,3,Chinese Grand Prix,131,3,30,5,8,Finished,Finished,1.0,0.0
3354,843,2011-04-17,2011,3,Chinese Grand Prix,164,24,39,22,23,+2 Laps,+2 Laps,1.0,0.0
3355,843,2011-04-17,2011,3,Chinese Grand Prix,166,816,10,20,21,+2 Laps,+2 Laps,1.0,0.0
3356,843,2011-04-17,2011,3,Chinese Grand Prix,205,5,15,16,19,+1 Lap,+1 Lap,1.0,0.0
3357,844,2011-05-08,2011,4,Turkish Grand Prix,1,1,18,4,6,Finished,Finished,1.0,0.0
3358,844,2011-05-08,2011,4,Turkish Grand Prix,3,22,813,15,17,+1 Lap,+1 Lap,1.0,0.0
3359,844,2011-05-08,2011,4,Turkish Grand Prix,4,2,808,7,8,Finished,Finished,1.0,0.0
3360,844,2011-05-08,2011,4,Turkish Grand Prix,5,67,153,9,16,Finished,+1 Lap,1.0,0.0
3361,844,2011-05-08,2011,4,Turkish Grand Prix,6,4,13,3,11,Finished,Finished,1.0,0.0
3362,844,2011-05-08,2011,4,Turkish Grand Prix,9,20,17,1,2,Finished,Finished,1.0,0.0
3363,844,2011-05-08,2011,4,Turkish Grand Prix,15,155,815,10,14,Finished,+1 Lap,1.0,0.0
3364,844,2011-05-08,2011,4,Turkish Grand Prix,131,3,30,5,12,Finished,Finished,1.0,0.0
3365,844,2011-05-08,2011,4,Turkish Grand Prix,164,39,24,21,22,+3 Laps,+5 Laps,1.0,0.0
3366,844,2011-05-08,2011,4,Turkish Grand Prix,205,15,5,18,19,+1 Lap,+2 Laps,1.0,0.0
3367,845,2011-05-22,2011,5,Spanish Grand Prix,1,1,18,2,3,Finished,Finished,1.0,0.0
3368,845,2011-05-22,2011,5,Spanish Grand Prix,3,813,22,15,17,+1 Lap,+2 Laps,1.0,0.0
3369,845,2011-05-22,2011,5,Spanish Grand Prix,4,2,808,8,11,+1 Lap,+1 Lap,1.0,0.0
3370,845,2011-05-22,2011,5,Spanish Grand Prix,5,67,153,14,16,+1 Lap,+2 Laps,1.0,0.0
3371,845,2011-05-22,2011,5,Spanish Grand Prix,9,20,17,1,4,Finished,Finished,1.0,0.0
3372,845,2011-05-22,2011,5,Spanish Grand Prix,10,814,16,12,13,+1 Lap,+1 Lap,1.0,0.0
3373,845,2011-05-22,2011,5,Spanish Grand Prix,15,815,155,9,10,+1 Lap,+1 Lap,1.0,0.0
3374,845,2011-05-22,2011,5,Spanish Grand Prix,131,30,3,6,7,+1 Lap,+1 Lap,1.0,0.0
3375,845,2011-05-22,2011,5,Spanish Grand Prix,166,10,816,19,20,+3 Laps,+4 Laps,1.0,0.0
3376,846,2011-05-29,2011,6,Monaco Grand Prix,1,18,1,3,6,Finished,Finished,1.0,0.0
3377,846,2011-05-29,2011,6,Monaco Grand Prix,9,20,17,1,4,Finished,Finished,1.0,0.0
3378,846,2011-05-29,2011,6,Monaco Grand Prix,10,16,814,7,12,+1 Lap,+2 Laps,1.0,0.0
3379,846,2011-05-29,2011,6,Monaco Grand Prix,164,24,39,16,17,+3 Laps,+4 Laps,1.0,0.0
3380,846,2011-05-29,2011,6,Monaco Grand Prix,205,15,5,13,14,+2 Laps,+2 Laps,1.0,0.0
3381,847,2011-06-12,2011,7,Canadian Grand Prix,5,153,67,8,10,Finished,Finished,1.0,0.0
3382,847,2011-06-12,2011,7,Canadian Grand Prix,9,20,17,2,3,Finished,Finished,1.0,0.0
3383,847,2011-06-12,2011,7,Canadian Grand Prix,15,155,37,7,12,Finished,Finished,1.0,0.0
3384,847,2011-06-12,2011,7,Canadian Grand Prix,131,30,3,4,11,Finished,Finished,1.0,0.0
3385,847,2011-06-12,2011,7,Canadian Grand Prix,164,24,39,13,14,+1 Lap,+1 Lap,1.0,0.0
3386,847,2011-06-12,2011,7,Canadian Grand Prix,166,816,10,15,16,+1 Lap,+1 Lap,1.0,0.0
3387,848,2011-06-26,2011,8,European Grand Prix,1,1,18,4,6,Finished,Finished,1.0,0.0
3388,848,2011-06-26,2011,8,European Grand Prix,3,22,813,12,18,+1 Lap,+1 Lap,1.0,0.0
3389,848,2011-06-26,2011,8,European Grand Prix,4,2,808,10,15,+1 Lap,+1 Lap,1.0,0.0
3390,848,2011-06-26,2011,8,European Grand Prix,5,153,67,8,13,+1 Lap,+1 Lap,1.0,0.0
3391,848,2011-06-26,2011,8,European Grand Prix,6,4,13,2,5,Finished,Finished,1.0,0.0
3392,848,2011-06-26,2011,8,European Grand Prix,9,20,17,1,3,Finished,Finished,1.0,0.0
3393,848,2011-06-26,2011,8,European Grand Prix,10,16,814,9,14,+1 Lap,+1 Lap,1.0,0.0
3394,848,2011-06-26,2011,8,European Grand Prix,15,815,155,11,16,+1 Lap,+1 Lap,1.0,0.0
3395,848,2011-06-26,2011,8,European Grand Prix,131,3,30,7,17,Finished,+1 Lap,1.0,0.0
3396,848,2011-06-26,2011,8,European Grand Prix,164,24,39,23,24,+3 Laps,+3 Laps,1.0,0.0
3397,848,2011-06-26,2011,8,European Grand Prix,166,10,816,21,22,+2 Laps,+2 Laps,1.0,0.0
3398,848,2011-06-26,2011,8,European Grand Prix,205,5,15,19,20,+2 Laps,+2 Laps,1.0,0.0
3399,849,2011-07-10,2011,9,British Grand Prix,3,22,813,13,14,+1 Lap,+1 Lap,1.0,0.0
3400,849,2011-07-10,2011,9,British Grand Prix,4,2,808,8,12,Finished,Finished,1.0,0.0
3401,849,2011-07-10,2011,9,British Grand Prix,6,4,13,1,5,Finished,Finished,1.0,0.0
3402,849,2011-07-10,2011,9,British Grand Prix,9,20,17,2,3,Finished,Finished,1.0,0.0
3403,849,2011-07-10,2011,9,British Grand Prix,10,16,814,11,15,Finished,+1 Lap,1.0,0.0
3404,849,2011-07-10,2011,9,British Grand Prix,131,3,30,6,9,Finished,Finished,1.0,0.0
3405,849,2011-07-10,2011,9,British Grand Prix,164,24,817,18,19,+2 Laps,+3 Laps,1.0,0.0
3406,849,2011-07-10,2011,9,British Grand Prix,166,10,816,16,17,+2 Laps,+2 Laps,1.0,0.0
3407,850,2011-07-24,2011,10,German Grand Prix,5,153,67,12,15,+1 Lap,+1 Lap,1.0,0.0
3408,850,2011-07-24,2011,10,German Grand Prix,6,4,13,2,5,Finished,Finished,1.0,0.0
3409,850,2011-07-24,2011,10,German Grand Prix,9,17,20,3,4,Finished,Finished,1.0,0.0
3410,850,2011-07-24,2011,10,German Grand Prix,10,16,814,6,13,Finished,+1 Lap,1.0,0.0
3411,850,2011-07-24,2011,10,German Grand Prix,15,155,815,9,11,+1 Lap,+1 Lap,1.0,0.0
3412,850,2011-07-24,2011,10,German Grand Prix,131,3,30,7,8,+1 Lap,+1 Lap,1.0,0.0
3413,850,2011-07-24,2011,10,German Grand Prix,166,10,816,17,18,+3 Laps,+3 Laps,1.0,0.0
3414,850,2011-07-24,2011,10,German Grand Prix,205,5,812,16,20,+2 Laps,+4 Laps,1.0,0.0
3415,851,2011-07-31,2011,11,Hungarian Grand Prix,1,18,1,1,4,Finished,Finished,1.0,0.0
3416,851,2011-07-31,2011,11,Hungarian Grand Prix,3,22,813,13,16,+2 Laps,+2 Laps,1.0,0.0
3417,851,2011-07-31,2011,11,Hungarian Grand Prix,5,67,153,8,10,+1 Lap,+1 Lap,1.0,0.0
3418,851,2011-07-31,2011,11,Hungarian Grand Prix,6,4,13,3,6,Finished,Finished,1.0,0.0
3419,851,2011-07-31,2011,11,Hungarian Grand Prix,9,20,17,2,5,Finished,Finished,1.0,0.0
3420,851,2011-07-31,2011,11,Hungarian Grand Prix,10,814,16,7,14,+1 Lap,+2 Laps,1.0,0.0
3421,851,2011-07-31,2011,11,Hungarian Grand Prix,15,155,815,11,15,+1 Lap,+2 Laps,1.0,0.0
3422,851,2011-07-31,2011,11,Hungarian Grand Prix,164,817,24,18,20,+4 Laps,+5 Laps,1.0,0.0
3423,851,2011-07-31,2011,11,Hungarian Grand Prix,166,10,816,17,19,+4 Laps,+5 Laps,1.0,0.0
3424,852,2011-08-28,2011,12,Belgian Grand Prix,3,813,22,10,16,Finished,+1 Lap,1.0,0.0
3425,852,2011-08-28,2011,12,Belgian Grand Prix,4,808,811,9,13,Finished,Finished,1.0,0.0
3426,852,2011-08-28,2011,12,Belgian Grand Prix,6,4,13,4,8,Finished,Finished,1.0,0.0
3427,852,2011-08-28,2011,12,Belgian Grand Prix,9,20,17,1,2,Finished,Finished,1.0,0.0
3428,852,2011-08-28,2011,12,Belgian Grand Prix,10,16,814,7,11,Finished,Finished,1.0,0.0
3429,852,2011-08-28,2011,12,Belgian Grand Prix,131,30,3,5,6,Finished,Finished,1.0,0.0
3430,852,2011-08-28,2011,12,Belgian Grand Prix,166,816,10,17,18,+1 Lap,+1 Lap,1.0,0.0
3431,852,2011-08-28,2011,12,Belgian Grand Prix,205,15,5,14,15,+1 Lap,+1 Lap,1.0,0.0
3432,853,2011-09-11,2011,13,Italian Grand Prix,1,18,1,2,4,Finished,Finished,1.0,0.0
3433,853,2011-09-11,2011,13,Italian Grand Prix,3,813,22,11,12,+1 Lap,+1 Lap,1.0,0.0
3434,853,2011-09-11,2011,13,Italian Grand Prix,5,153,67,7,10,+1 Lap,+1 Lap,1.0,0.0
3435,853,2011-09-11,2011,13,Italian Grand Prix,6,4,13,3,6,Finished,Finished,1.0,0.0
3436,853,2011-09-11,2011,13,Italian Grand Prix,205,5,15,13,14,+2 Laps,+2 Laps,1.0,0.0
3437,854,2011-09-25,2011,14,Singapore Grand Prix,1,18,1,2,5,Finished,Finished,1.0,0.0
3438,854,2011-09-25,2011,14,Singapore Grand Prix,3,813,22,11,13,+1 Lap,+1 Lap,1.0,0.0
3439,854,2011-09-25,2011,14,Singapore Grand Prix,4,811,808,15,17,+2 Laps,+2 Laps,1.0,0.0
3440,854,2011-09-25,2011,14,Singapore Grand Prix,6,4,13,4,9,Finished,+1 Lap,1.0,0.0
3441,854,2011-09-25,2011,14,Singapore Grand Prix,9,20,17,1,3,Finished,Finished,1.0,0.0
3442,854,2011-09-25,2011,14,Singapore Grand Prix,10,814,16,6,8,Finished,+1 Lap,1.0,0.0
3443,854,2011-09-25,2011,14,Singapore Grand Prix,15,815,155,10,14,+1 Lap,+2 Laps,1.0,0.0
3444,854,2011-09-25,2011,14,Singapore Grand Prix,164,817,24,19,20,+4 Laps,+4 Laps,1.0,0.0
3445,855,2011-10-09,2011,15,Japanese Grand Prix,1,18,1,1,5,Finished,Finished,1.0,0.0
3446,855,2011-10-09,2011,15,Japanese Grand Prix,3,813,22,14,17,Finished,Finished,1.0,0.0
3447,855,2011-10-09,2011,15,Japanese Grand Prix,4,808,811,9,16,Finished,Finished,1.0,0.0
3448,855,2011-10-09,2011,15,Japanese Grand Prix,6,4,13,2,7,Finished,Finished,1.0,0.0
3449,855,2011-10-09,2011,15,Japanese Grand Prix,9,20,17,3,4,Finished,Finished,1.0,0.0
3450,855,2011-10-09,2011,15,Japanese Grand Prix,10,16,814,11,12,Finished,Finished,1.0,0.0
3451,855,2011-10-09,2011,15,Japanese Grand Prix,15,815,155,8,13,Finished,Finished,1.0,0.0
3452,855,2011-10-09,2011,15,Japanese Grand Prix,131,30,3,6,10,Finished,Finished,1.0,0.0
3453,855,2011-10-09,2011,15,Japanese Grand Prix,164,817,24,22,23,+2 Laps,+3 Laps,1.0,0.0
3454,855,2011-10-09,2011,15,Japanese Grand Prix,166,10,816,20,21,+2 Laps,+2 Laps,1.0,0.0
3455,855,2011-10-09,2011,15,Japanese Grand Prix,205,5,15,18,19,Finished,Finished,1.0,0.0
3456,856,2011-10-16,2011,16,Korean Grand Prix,1,1,18,2,4,Finished,Finished,1.0,0.0
3457,856,2011-10-16,2011,16,Korean Grand Prix,5,153,67,7,9,Finished,Finished,1.0,0.0
3458,856,2011-10-16,2011,16,Korean Grand Prix,6,4,13,5,6,Finished,Finished,1.0,0.0
3459,856,2011-10-16,2011,16,Korean Grand Prix,9,20,17,1,3,Finished,Finished,1.0,0.0
3460,856,2011-10-16,2011,16,Korean Grand Prix,10,814,16,10,11,Finished,Finished,1.0,0.0
3461,856,2011-10-16,2011,16,Korean Grand Prix,15,155,815,15,16,+1 Lap,+1 Lap,1.0,0.0
3462,856,2011-10-16,2011,16,Korean Grand Prix,164,817,24,19,21,+1 Lap,+3 Laps,1.0,0.0
3463,856,2011-10-16,2011,16,Korean Grand Prix,166,10,816,18,20,+1 Lap,+1 Lap,1.0,0.0
3464,856,2011-10-16,2011,16,Korean Grand Prix,205,5,15,14,17,+1 Lap,+1 Lap,1.0,0.0
3465,857,2011-10-30,2011,17,Indian Grand Prix,1,18,1,2,7,Finished,Finished,1.0,0.0
3466,857,2011-10-30,2011,17,Indian Grand Prix,4,808,811,11,12,+1 Lap,+1 Lap,1.0,0.0
3467,857,2011-10-30,2011,17,Indian Grand Prix,9,20,17,1,4,Finished,Finished,1.0,0.0
3468,857,2011-10-30,2011,17,Indian Grand Prix,10,16,814,9,13,+1 Lap,+1 Lap,1.0,0.0
3469,857,2011-10-30,2011,17,Indian Grand Prix,131,30,3,5,6,Finished,Finished,1.0,0.0
3470,857,2011-10-30,2011,17,Indian Grand Prix,164,39,817,17,18,+3 Laps,+3 Laps,1.0,0.0
3471,857,2011-10-30,2011,17,Indian Grand Prix,205,5,15,14,19,+2 Laps,+5 Laps,1.0,0.0
3472,858,2011-11-13,2011,18,Abu Dhabi Grand Prix,1,1,18,1,3,Finished,Finished,1.0,0.0
3473,858,2011-11-13,2011,18,Abu Dhabi Grand Prix,3,22,813,12,14,+1 Lap,+1 Lap,1.0,0.0
3474,858,2011-11-13,2011,18,Abu Dhabi Grand Prix,4,808,811,13,16,+1 Lap,+1 Lap,1.0,0.0
3475,858,2011-11-13,2011,18,Abu Dhabi Grand Prix,6,4,13,2,5,Finished,Finished,1.0,0.0
3476,858,2011-11-13,2011,18,Abu Dhabi Grand Prix,10,16,814,8,9,Finished,Finished,1.0,0.0
3477,858,2011-11-13,2011,18,Abu Dhabi Grand Prix,15,155,815,10,11,+1 Lap,+1 Lap,1.0,0.0
3478,858,2011-11-13,2011,18,Abu Dhabi Grand Prix,131,3,30,6,7,Finished,Finished,1.0,0.0
3479,858,2011-11-13,2011,18,Abu Dhabi Grand Prix,205,5,15,17,18,+1 Lap,+2 Laps,1.0,0.0
3480,859,2011-11-27,2011,19,Brazilian Grand Prix,4,808,811,10,17,+1 Lap,+2 Laps,1.0,0.0
3481,859,2011-11-27,2011,19,Brazilian Grand Prix,5,153,67,11,12,+1 Lap,+1 Lap,1.0,0.0
3482,859,2011-11-27,2011,19,Brazilian Grand Prix,6,4,13,4,5,Finished,Finished,1.0,0.0
3483,859,2011-11-27,2011,19,Brazilian Grand Prix,9,17,20,1,2,Finished,Finished,1.0,0.0
3484,859,2011-11-27,2011,19,Brazilian Grand Prix,10,16,814,6,8,+1 Lap,+1 Lap,1.0,0.0
3485,859,2011-11-27,2011,19,Brazilian Grand Prix,15,155,815,9,13,+1 Lap,+1 Lap,1.0,0.0
3486,859,2011-11-27,2011,19,Brazilian Grand Prix,131,3,30,7,15,+1 Lap,+1 Lap,1.0,0.0
3487,859,2011-11-27,2011,19,Brazilian Grand Prix,205,5,15,16,18,+2 Laps,+2 Laps,1.0,0.0
3488,860,2012-03-18,2012,1,Australian Grand Prix,1,18,1,1,3,Finished,Finished,1.0,0.0
3489,860,2012-03-18,2012,1,Australian Grand Prix,5,817,818,9,11,Finished,Finished,1.0,0.0
3490,860,2012-03-18,2012,1,Australian Grand Prix,9,20,17,2,4,Finished,Finished,1.0,0.0
3491,860,2012-03-18,2012,1,Australian Grand Prix,15,155,815,6,8,Finished,Finished,1.0,0.0
3492,860,2012-03-18,2012,1,Australian Grand Prix,206,10,819,14,15,+1 Lap,+5 Laps,1.0,0.0
3493,861,2012-03-25,2012,2,Malaysian Grand Prix,1,1,18,3,14,Finished,Finished,1.0,0.0
3494,861,2012-03-25,2012,2,Malaysian Grand Prix,5,818,817,8,12,Finished,Finished,1.0,0.0
3495,861,2012-03-25,2012,2,Malaysian Grand Prix,6,4,13,1,15,Finished,Finished,1.0,0.0
3496,861,2012-03-25,2012,2,Malaysian Grand Prix,9,17,20,4,11,Finished,Finished,1.0,0.0
3497,861,2012-03-25,2012,2,Malaysian Grand Prix,10,814,807,7,9,Finished,Finished,1.0,0.0
3498,861,2012-03-25,2012,2,Malaysian Grand Prix,131,30,3,10,13,Finished,Finished,1.0,0.0
3499,861,2012-03-25,2012,2,Malaysian Grand Prix,164,39,37,21,22,+2 Laps,+2 Laps,1.0,0.0
3500,861,2012-03-25,2012,2,Malaysian Grand Prix,206,10,819,17,20,+1 Lap,+2 Laps,1.0,0.0
3501,861,2012-03-25,2012,2,Malaysian Grand Prix,207,808,5,16,18,+1 Lap,+1 Lap,1.0,0.0
3502,862,2012-04-15,2012,3,Chinese Grand Prix,1,18,1,2,3,Finished,Finished,1.0,0.0
3503,862,2012-04-15,2012,3,Chinese Grand Prix,3,811,813,7,8,Finished,Finished,1.0,0.0
3504,862,2012-04-15,2012,3,Chinese Grand Prix,5,818,817,16,17,Finished,Finished,1.0,0.0
3505,862,2012-04-15,2012,3,Chinese Grand Prix,6,4,13,9,13,Finished,Finished,1.0,0.0
3506,862,2012-04-15,2012,3,Chinese Grand Prix,9,17,20,4,5,Finished,Finished,1.0,0.0
3507,862,2012-04-15,2012,3,Chinese Grand Prix,10,814,807,12,15,Finished,Finished,1.0,0.0
3508,862,2012-04-15,2012,3,Chinese Grand Prix,15,155,815,10,11,Finished,Finished,1.0,0.0
3509,862,2012-04-15,2012,3,Chinese Grand Prix,164,37,39,21,22,+1 Lap,+2 Laps,1.0,0.0
3510,862,2012-04-15,2012,3,Chinese Grand Prix,206,10,819,19,20,+1 Lap,+1 Lap,1.0,0.0
3511,862,2012-04-15,2012,3,Chinese Grand Prix,207,808,5,18,23,+1 Lap,+3 Laps,1.0,0.0
3512,862,2012-04-15,2012,3,Chinese Grand Prix,208,154,8,6,14,Finished,Finished,1.0,0.0
3513,863,2012-04-22,2012,4,Bahrain Grand Prix,5,818,817,14,15,Finished,+1 Lap,1.0,0.0
3514,863,2012-04-22,2012,4,Bahrain Grand Prix,6,4,13,7,9,Finished,Finished,1.0,0.0
3515,863,2012-04-22,2012,4,Bahrain Grand Prix,9,20,17,1,4,Finished,Finished,1.0,0.0
3516,863,2012-04-22,2012,4,Bahrain Grand Prix,10,814,807,6,12,Finished,Finished,1.0,0.0
3517,863,2012-04-22,2012,4,Bahrain Grand Prix,15,815,155,11,13,Finished,Finished,1.0,0.0
3518,863,2012-04-22,2012,4,Bahrain Grand Prix,131,3,30,5,10,Finished,Finished,1.0,0.0
3519,863,2012-04-22,2012,4,Bahrain Grand Prix,164,37,39,20,21,+2 Laps,+2 Laps,1.0,0.0
3520,863,2012-04-22,2012,4,Bahrain Grand Prix,207,808,5,16,17,+1 Lap,+1 Lap,1.0,0.0
3521,863,2012-04-22,2012,4,Bahrain Grand Prix,208,8,154,2,3,Finished,Finished,1.0,0.0
3522,864,2012-05-13,2012,5,Spanish Grand Prix,1,1,18,8,9,Finished,Finished,1.0,0.0
3523,864,2012-05-13,2012,5,Spanish Grand Prix,5,818,817,12,13,+1 Lap,+1 Lap,1.0,0.0
3524,864,2012-05-13,2012,5,Spanish Grand Prix,6,4,13,2,15,Finished,+1 Lap,1.0,0.0
3525,864,2012-05-13,2012,5,Spanish Grand Prix,9,20,17,6,11,Finished,+1 Lap,1.0,0.0
3526,864,2012-05-13,2012,5,Spanish Grand Prix,10,807,814,10,14,+1 Lap,+1 Lap,1.0,0.0
3527,864,2012-05-13,2012,5,Spanish Grand Prix,207,5,808,16,17,+1 Lap,+1 Lap,1.0,0.0
3528,864,2012-05-13,2012,5,Spanish Grand Prix,208,8,154,3,4,Finished,Finished,1.0,0.0
3529,865,2012-05-27,2012,6,Monaco Grand Prix,6,4,13,3,6,Finished,Finished,1.0,0.0
3530,865,2012-05-27,2012,6,Monaco Grand Prix,9,17,20,1,4,Finished,Finished,1.0,0.0
3531,865,2012-05-27,2012,6,Monaco Grand Prix,10,814,807,7,8,Finished,Finished,1.0,0.0
3532,866,2012-06-10,2012,7,Canadian Grand Prix,1,1,18,1,16,Finished,+1 Lap,1.0,0.0
3533,866,2012-06-10,2012,7,Canadian Grand Prix,3,813,811,13,17,Finished,+1 Lap,1.0,0.0
3534,866,2012-06-10,2012,7,Canadian Grand Prix,5,817,818,14,15,Finished,+1 Lap,1.0,0.0
3535,866,2012-06-10,2012,7,Canadian Grand Prix,6,4,13,5,10,Finished,Finished,1.0,0.0
3536,866,2012-06-10,2012,7,Canadian Grand Prix,9,20,17,4,7,Finished,Finished,1.0,0.0
3537,866,2012-06-10,2012,7,Canadian Grand Prix,10,814,807,11,12,Finished,Finished,1.0,0.0
3538,866,2012-06-10,2012,7,Canadian Grand Prix,15,815,155,3,9,Finished,Finished,1.0,0.0
3539,866,2012-06-10,2012,7,Canadian Grand Prix,207,5,808,18,19,+1 Lap,+1 Lap,1.0,0.0
3540,866,2012-06-10,2012,7,Canadian Grand Prix,208,154,8,2,8,Finished,Finished,1.0,0.0
3541,867,2012-06-24,2012,8,European Grand Prix,3,811,813,10,12,Finished,Finished,1.0,0.0
3542,867,2012-06-24,2012,8,European Grand Prix,6,4,13,1,16,Finished,+1 Lap,1.0,0.0
3543,867,2012-06-24,2012,8,European Grand Prix,10,807,814,5,7,Finished,Finished,1.0,0.0
3544,867,2012-06-24,2012,8,European Grand Prix,131,30,3,3,6,Finished,Finished,1.0,0.0
3545,867,2012-06-24,2012,8,European Grand Prix,164,37,39,17,18,+1 Lap,+1 Lap,1.0,0.0
3546,867,2012-06-24,2012,8,European Grand Prix,207,808,5,13,14,Finished,Finished,1.0,0.0
3547,868,2012-07-08,2012,9,British Grand Prix,1,1,18,8,10,Finished,Finished,1.0,0.0
3548,868,2012-07-08,2012,9,British Grand Prix,3,811,813,9,16,Finished,+1 Lap,1.0,0.0
3549,868,2012-07-08,2012,9,British Grand Prix,5,817,818,13,14,Finished,Finished,1.0,0.0
3550,868,2012-07-08,2012,9,British Grand Prix,6,4,13,2,4,Finished,Finished,1.0,0.0
3551,868,2012-07-08,2012,9,British Grand Prix,9,17,20,1,3,Finished,Finished,1.0,0.0
3552,868,2012-07-08,2012,9,British Grand Prix,131,30,3,7,15,Finished,Finished,1.0,0.0
3553,868,2012-07-08,2012,9,British Grand Prix,164,37,39,20,21,+2 Laps,+2 Laps,1.0,0.0
3554,868,2012-07-08,2012,9,British Grand Prix,206,10,819,18,19,+1 Lap,+1 Lap,1.0,0.0
3555,868,2012-07-08,2012,9,British Grand Prix,208,8,154,5,6,Finished,Finished,1.0,0.0
3556,869,2012-07-22,2012,10,German Grand Prix,3,813,811,15,17,+1 Lap,+1 Lap,1.0,0.0
3557,869,2012-07-22,2012,10,German Grand Prix,5,817,818,13,14,Finished,Finished,1.0,0.0
3558,869,2012-07-22,2012,10,German Grand Prix,6,4,13,1,12,Finished,Finished,1.0,0.0
3559,869,2012-07-22,2012,10,German Grand Prix,9,20,17,5,8,Finished,Finished,1.0,0.0
3560,869,2012-07-22,2012,10,German Grand Prix,10,807,814,9,11,Finished,Finished,1.0,0.0
3561,869,2012-07-22,2012,10,German Grand Prix,15,155,815,4,6,Finished,Finished,1.0,0.0
3562,869,2012-07-22,2012,10,German Grand Prix,131,30,3,7,10,Finished,Finished,1.0,0.0
3563,869,2012-07-22,2012,10,German Grand Prix,164,37,39,21,23,+3 Laps,+3 Laps,1.0,0.0
3564,869,2012-07-22,2012,10,German Grand Prix,206,819,10,20,22,+2 Laps,+3 Laps,1.0,0.0
3565,869,2012-07-22,2012,10,German Grand Prix,207,808,5,16,19,+1 Lap,+2 Laps,1.0,0.0
3566,869,2012-07-22,2012,10,German Grand Prix,208,8,154,3,18,Finished,+1 Lap,1.0,0.0
3567,870,2012-07-29,2012,11,Hungarian Grand Prix,1,1,18,1,6,Finished,Finished,1.0,0.0
3568,870,2012-07-29,2012,11,Hungarian Grand Prix,3,811,813,7,13,Finished,Finished,1.0,0.0
3569,870,2012-07-29,2012,11,Hungarian Grand Prix,5,817,818,15,16,+1 Lap,+1 Lap,1.0,0.0
3570,870,2012-07-29,2012,11,Hungarian Grand Prix,6,4,13,5,9,Finished,Finished,1.0,0.0
3571,870,2012-07-29,2012,11,Hungarian Grand Prix,9,20,17,4,8,Finished,Finished,1.0,0.0
3572,870,2012-07-29,2012,11,Hungarian Grand Prix,10,807,814,11,12,Finished,Finished,1.0,0.0
3573,870,2012-07-29,2012,11,Hungarian Grand Prix,15,815,155,14,18,Finished,+2 Laps,1.0,0.0
3574,870,2012-07-29,2012,11,Hungarian Grand Prix,131,3,30,10,24,Finished,+11 Laps,1.0,0.0
3575,870,2012-07-29,2012,11,Hungarian Grand Prix,206,819,10,20,21,+2 Laps,+3 Laps,1.0,0.0
3576,870,2012-07-29,2012,11,Hungarian Grand Prix,207,5,808,17,19,+1 Lap,+2 Laps,1.0,0.0
3577,870,2012-07-29,2012,11,Hungarian Grand Prix,208,8,154,2,3,Finished,Finished,1.0,0.0
3578,871,2012-09-02,2012,12,Belgian Grand Prix,5,818,817,8,9,Finished,Finished,1.0,0.0
3579,871,2012-09-02,2012,12,Belgian Grand Prix,9,20,17,2,6,Finished,Finished,1.0,0.0
3580,871,2012-09-02,2012,12,Belgian Grand Prix,10,807,814,4,10,Finished,Finished,1.0,0.0
3581,871,2012-09-02,2012,12,Belgian Grand Prix,131,30,3,7,11,Finished,Finished,1.0,0.0
3582,871,2012-09-02,2012,12,Belgian Grand Prix,206,10,819,15,16,+1 Lap,+1 Lap,1.0,0.0
3583,871,2012-09-02,2012,12,Belgian Grand Prix,207,808,5,14,17,+1 Lap,+1 Lap,1.0,0.0
3584,872,2012-09-09,2012,13,Italian Grand Prix,3,811,813,10,11,Finished,Finished,1.0,0.0
3585,872,2012-09-09,2012,13,Italian Grand Prix,6,4,13,3,4,Finished,Finished,1.0,0.0
3586,872,2012-09-09,2012,13,Italian Grand Prix,15,815,155,2,9,Finished,Finished,1.0,0.0
3587,872,2012-09-09,2012,13,Italian Grand Prix,131,30,3,6,7,Finished,Finished,1.0,0.0
3588,872,2012-09-09,2012,13,Italian Grand Prix,164,37,39,18,19,+1 Lap,+1 Lap,1.0,0.0
3589,872,2012-09-09,2012,13,Italian Grand Prix,206,819,10,16,17,+1 Lap,+1 Lap,1.0,0.0
3590,872,2012-09-09,2012,13,Italian Grand Prix,207,5,808,14,15,+1 Lap,+1 Lap,1.0,0.0
3591,872,2012-09-09,2012,13,Italian Grand Prix,208,8,816,5,13,Finished,Finished,1.0,0.0
3592,873,2012-09-23,2012,14,Singapore Grand Prix,6,4,13,3,8,Finished,Finished,1.0,0.0
3593,873,2012-09-23,2012,14,Singapore Grand Prix,9,20,17,1,11,Finished,Finished,1.0,0.0
3594,873,2012-09-23,2012,14,Singapore Grand Prix,10,814,807,4,14,Finished,Finished,1.0,0.0
3595,873,2012-09-23,2012,14,Singapore Grand Prix,15,815,155,10,13,Finished,Finished,1.0,0.0
3596,873,2012-09-23,2012,14,Singapore Grand Prix,206,10,819,12,16,Finished,Finished,1.0,0.0
3597,873,2012-09-23,2012,14,Singapore Grand Prix,207,5,808,15,19,Finished,+2 Laps,1.0,0.0
3598,873,2012-09-23,2012,14,Singapore Grand Prix,208,8,154,6,7,Finished,Finished,1.0,0.0
3599,874,2012-10-07,2012,15,Japanese Grand Prix,1,18,1,4,5,Finished,Finished,1.0,0.0
3600,874,2012-10-07,2012,15,Japanese Grand Prix,3,813,811,8,14,Finished,Finished,1.0,0.0
3601,874,2012-10-07,2012,15,Japanese Grand Prix,5,817,818,10,13,Finished,Finished,1.0,0.0
3602,874,2012-10-07,2012,15,Japanese Grand Prix,9,20,17,1,9,Finished,Finished,1.0,0.0
3603,874,2012-10-07,2012,15,Japanese Grand Prix,10,807,814,7,12,Finished,Finished,1.0,0.0
3604,874,2012-10-07,2012,15,Japanese Grand Prix,207,5,808,15,17,+1 Lap,+1 Lap,1.0,0.0
3605,874,2012-10-07,2012,15,Japanese Grand Prix,208,8,154,6,19,Finished,+2 Laps,1.0,0.0
3606,875,2012-10-14,2012,16,Korean Grand Prix,3,813,811,14,15,Finished,Finished,1.0,0.0
3607,875,2012-10-14,2012,16,Korean Grand Prix,5,818,817,8,9,Finished,Finished,1.0,0.0
3608,875,2012-10-14,2012,16,Korean Grand Prix,6,4,13,3,4,Finished,Finished,1.0,0.0
3609,875,2012-10-14,2012,16,Korean Grand Prix,9,20,17,1,2,Finished,Finished,1.0,0.0
3610,875,2012-10-14,2012,16,Korean Grand Prix,10,807,814,6,12,Finished,Finished,1.0,0.0
3611,875,2012-10-14,2012,16,Korean Grand Prix,206,10,819,18,19,+1 Lap,+2 Laps,1.0,0.0
3612,875,2012-10-14,2012,16,Korean Grand Prix,207,808,5,16,17,+1 Lap,+1 Lap,1.0,0.0
3613,875,2012-10-14,2012,16,Korean Grand Prix,208,8,154,5,7,Finished,Finished,1.0,0.0
3614,876,2012-10-28,2012,17,Indian Grand Prix,1,1,18,4,5,Finished,Finished,1.0,0.0
3615,876,2012-10-28,2012,17,Indian Grand Prix,3,811,813,10,16,Finished,+1 Lap,1.0,0.0
3616,876,2012-10-28,2012,17,Indian Grand Prix,5,817,818,13,15,Finished,+1 Lap,1.0,0.0
3617,876,2012-10-28,2012,17,Indian Grand Prix,6,4,13,2,6,Finished,Finished,1.0,0.0
3618,876,2012-10-28,2012,17,Indian Grand Prix,9,20,17,1,3,Finished,Finished,1.0,0.0
3619,876,2012-10-28,2012,17,Indian Grand Prix,10,807,814,8,12,Finished,Finished,1.0,0.0
3620,876,2012-10-28,2012,17,Indian Grand Prix,206,819,10,19,20,+1 Lap,+2 Laps,1.0,0.0
3621,876,2012-10-28,2012,17,Indian Grand Prix,207,808,5,17,18,+1 Lap,+1 Lap,1.0,0.0
3622,876,2012-10-28,2012,17,Indian Grand Prix,208,8,154,7,9,Finished,Finished,1.0,0.0
3623,877,2012-11-04,2012,18,Abu Dhabi Grand Prix,3,813,811,5,8,Finished,Finished,1.0,0.0
3624,877,2012-11-04,2012,18,Abu Dhabi Grand Prix,5,817,818,10,12,Finished,Finished,1.0,0.0
3625,877,2012-11-04,2012,18,Abu Dhabi Grand Prix,6,4,13,2,7,Finished,Finished,1.0,0.0
3626,877,2012-11-04,2012,18,Abu Dhabi Grand Prix,15,155,815,6,15,Finished,Finished,1.0,0.0
3627,877,2012-11-04,2012,18,Abu Dhabi Grand Prix,207,5,808,13,16,Finished,Finished,1.0,0.0
3628,878,2012-11-18,2012,19,United States Grand Prix,1,1,18,1,5,Finished,Finished,1.0,0.0
3629,878,2012-11-18,2012,19,United States Grand Prix,3,813,811,9,10,Finished,Finished,1.0,0.0
3630,878,2012-11-18,2012,19,United States Grand Prix,6,4,13,3,4,Finished,Finished,1.0,0.0
3631,878,2012-11-18,2012,19,United States Grand Prix,10,807,814,8,15,Finished,+1 Lap,1.0,0.0
3632,878,2012-11-18,2012,19,United States Grand Prix,15,815,155,11,14,Finished,+1 Lap,1.0,0.0
3633,878,2012-11-18,2012,19,United States Grand Prix,131,3,30,13,16,Finished,+1 Lap,1.0,0.0
3634,878,2012-11-18,2012,19,United States Grand Prix,164,37,39,21,22,+2 Laps,+2 Laps,1.0,0.0
3635,878,2012-11-18,2012,19,United States Grand Prix,206,10,819,19,20,+1 Lap,+2 Laps,1.0,0.0
3636,878,2012-11-18,2012,19,United States Grand Prix,207,808,5,17,18,+1 Lap,+1 Lap,1.0,0.0
3637,878,2012-11-18,2012,19,United States Grand Prix,208,8,154,6,7,Finished,Finished,1.0,0.0
3638,879,2012-11-25,2012,20,Brazilian Grand Prix,5,818,817,8,13,Finished,+1 Lap,1.0,0.0
3639,879,2012-11-25,2012,20,Brazilian Grand Prix,6,4,13,2,3,Finished,Finished,1.0,0.0
3640,879,2012-11-25,2012,20,Brazilian Grand Prix,9,17,20,4,6,Finished,Finished,1.0,0.0
3641,879,2012-11-25,2012,20,Brazilian Grand Prix,131,30,3,7,15,Finished,+1 Lap,1.0,0.0
3642,879,2012-11-25,2012,20,Brazilian Grand Prix,164,37,39,17,18,+2 Laps,+2 Laps,1.0,0.0
3643,879,2012-11-25,2012,20,Brazilian Grand Prix,206,819,10,12,16,+1 Lap,+1 Lap,1.0,0.0
3644,879,2012-11-25,2012,20,Brazilian Grand Prix,207,808,5,11,14,+1 Lap,+1 Lap,1.0,0.0
3645,880,2013-03-17,2013,1,Australian Grand Prix,1,18,815,9,11,Finished,Finished,1.0,0.0
3646,880,2013-03-17,2013,1,Australian Grand Prix,6,4,13,2,4,Finished,Finished,1.0,0.0
3647,880,2013-03-17,2013,1,Australian Grand Prix,9,20,17,3,6,Finished,Finished,1.0,0.0
3648,880,2013-03-17,2013,1,Australian Grand Prix,10,16,814,7,8,Finished,Finished,1.0,0.0
3649,880,2013-03-17,2013,1,Australian Grand Prix,206,824,820,15,17,+1 Lap,+2 Laps,1.0,0.0
3650,880,2013-03-17,2013,1,Australian Grand Prix,207,819,823,16,18,+2 Laps,+2 Laps,1.0,0.0
3651,880,2013-03-17,2013,1,Australian Grand Prix,208,8,154,1,10,Finished,Finished,1.0,0.0
3652,881,2013-03-24,2013,2,Malaysian Grand Prix,9,20,17,1,2,Finished,Finished,1.0,0.0
3653,881,2013-03-24,2013,2,Malaysian Grand Prix,15,807,821,8,12,Finished,+1 Lap,1.0,0.0
3654,881,2013-03-24,2013,2,Malaysian Grand Prix,131,1,3,3,4,Finished,Finished,1.0,0.0
3655,881,2013-03-24,2013,2,Malaysian Grand Prix,206,824,820,13,16,+1 Lap,+2 Laps,1.0,0.0
3656,881,2013-03-24,2013,2,Malaysian Grand Prix,207,819,823,14,15,+1 Lap,+1 Lap,1.0,0.0
3657,881,2013-03-24,2013,2,Malaysian Grand Prix,208,154,8,6,7,Finished,Finished,1.0,0.0
3658,882,2013-04-14,2013,3,Chinese Grand Prix,1,18,815,5,11,Finished,Finished,1.0,0.0
3659,882,2013-04-14,2013,3,Chinese Grand Prix,3,822,813,13,14,Finished,Finished,1.0,0.0
3660,882,2013-04-14,2013,3,Chinese Grand Prix,5,817,818,7,12,Finished,Finished,1.0,0.0
3661,882,2013-04-14,2013,3,Chinese Grand Prix,6,4,13,1,6,Finished,Finished,1.0,0.0
3662,882,2013-04-14,2013,3,Chinese Grand Prix,206,824,820,15,17,+1 Lap,+1 Lap,1.0,0.0
3663,882,2013-04-14,2013,3,Chinese Grand Prix,207,819,823,16,18,+1 Lap,+1 Lap,1.0,0.0
3664,882,2013-04-14,2013,3,Chinese Grand Prix,208,8,154,2,9,Finished,Finished,1.0,0.0
3665,883,2013-04-21,2013,4,Bahrain Grand Prix,1,815,18,6,10,Finished,Finished,1.0,0.0
3666,883,2013-04-21,2013,4,Bahrain Grand Prix,3,813,822,11,14,Finished,Finished,1.0,0.0
3667,883,2013-04-21,2013,4,Bahrain Grand Prix,6,4,13,8,15,Finished,Finished,1.0,0.0
3668,883,2013-04-21,2013,4,Bahrain Grand Prix,9,20,17,1,7,Finished,Finished,1.0,0.0
3669,883,2013-04-21,2013,4,Bahrain Grand Prix,10,814,16,4,13,Finished,Finished,1.0,0.0
3670,883,2013-04-21,2013,4,Bahrain Grand Prix,15,807,821,12,18,Finished,+1 Lap,1.0,0.0
3671,883,2013-04-21,2013,4,Bahrain Grand Prix,131,1,3,5,9,Finished,Finished,1.0,0.0
3672,883,2013-04-21,2013,4,Bahrain Grand Prix,206,824,820,19,20,+1 Lap,+1 Lap,1.0,0.0
3673,883,2013-04-21,2013,4,Bahrain Grand Prix,207,819,823,17,21,+1 Lap,+2 Laps,1.0,0.0
3674,883,2013-04-21,2013,4,Bahrain Grand Prix,208,8,154,2,3,Finished,Finished,1.0,0.0
3675,884,2013-05-12,2013,5,Spanish Grand Prix,1,18,815,8,9,Finished,Finished,1.0,0.0
3676,884,2013-05-12,2013,5,Spanish Grand Prix,3,813,822,14,16,+1 Lap,+1 Lap,1.0,0.0
3677,884,2013-05-12,2013,5,Spanish Grand Prix,6,4,13,1,3,Finished,Finished,1.0,0.0
3678,884,2013-05-12,2013,5,Spanish Grand Prix,9,20,17,4,5,Finished,Finished,1.0,0.0
3679,884,2013-05-12,2013,5,Spanish Grand Prix,10,814,16,7,13,Finished,+1 Lap,1.0,0.0
3680,884,2013-05-12,2013,5,Spanish Grand Prix,15,821,807,11,15,+1 Lap,+1 Lap,1.0,0.0
3681,884,2013-05-12,2013,5,Spanish Grand Prix,131,3,1,6,12,Finished,+1 Lap,1.0,0.0
3682,884,2013-05-12,2013,5,Spanish Grand Prix,206,824,820,18,19,+2 Laps,+2 Laps,1.0,0.0
3683,885,2013-05-26,2013,6,Monaco Grand Prix,9,20,17,2,3,Finished,Finished,1.0,0.0
3684,885,2013-05-26,2013,6,Monaco Grand Prix,10,16,814,5,9,Finished,Finished,1.0,0.0
3685,885,2013-05-26,2013,6,Monaco Grand Prix,15,807,821,11,13,Finished,Finished,1.0,0.0
3686,885,2013-05-26,2013,6,Monaco Grand Prix,131,3,1,1,4,Finished,Finished,1.0,0.0
3687,886,2013-06-09,2013,7,Canadian Grand Prix,1,815,18,11,12,+1 Lap,+1 Lap,1.0,0.0
3688,886,2013-06-09,2013,7,Canadian Grand Prix,3,822,813,14,16,+1 Lap,+2 Laps,1.0,0.0
3689,886,2013-06-09,2013,7,Canadian Grand Prix,5,818,817,6,15,+1 Lap,+2 Laps,1.0,0.0
3690,886,2013-06-09,2013,7,Canadian Grand Prix,6,4,13,2,8,Finished,+1 Lap,1.0,0.0
3691,886,2013-06-09,2013,7,Canadian Grand Prix,9,20,17,1,4,Finished,Finished,1.0,0.0
3692,886,2013-06-09,2013,7,Canadian Grand Prix,10,814,16,7,10,+1 Lap,+1 Lap,1.0,0.0
3693,886,2013-06-09,2013,7,Canadian Grand Prix,131,1,3,3,5,Finished,Finished,1.0,0.0
3694,886,2013-06-09,2013,7,Canadian Grand Prix,206,824,820,17,19,+2 Laps,+3 Laps,1.0,0.0
3695,886,2013-06-09,2013,7,Canadian Grand Prix,208,8,154,9,13,+1 Lap,+1 Lap,1.0,0.0
3696,887,2013-06-30,2013,8,British Grand Prix,3,813,822,11,12,Finished,Finished,1.0,0.0
3697,887,2013-06-30,2013,8,British Grand Prix,6,4,13,3,6,Finished,Finished,1.0,0.0
3698,887,2013-06-30,2013,8,British Grand Prix,10,16,814,7,9,Finished,Finished,1.0,0.0
3699,887,2013-06-30,2013,8,British Grand Prix,15,807,821,10,14,Finished,Finished,1.0,0.0
3700,887,2013-06-30,2013,8,British Grand Prix,131,3,1,1,4,Finished,Finished,1.0,0.0
3701,887,2013-06-30,2013,8,British Grand Prix,206,824,820,16,17,Finished,Finished,1.0,0.0
3702,887,2013-06-30,2013,8,British Grand Prix,207,819,823,15,18,Finished,Finished,1.0,0.0
3703,888,2013-07-07,2013,9,German Grand Prix,1,18,815,6,8,Finished,Finished,1.0,0.0
3704,888,2013-07-07,2013,9,German Grand Prix,3,813,822,15,16,Finished,+1 Lap,1.0,0.0
3705,888,2013-07-07,2013,9,German Grand Prix,9,20,17,1,7,Finished,Finished,1.0,0.0
3706,888,2013-07-07,2013,9,German Grand Prix,10,814,16,11,13,Finished,Finished,1.0,0.0
3707,888,2013-07-07,2013,9,German Grand Prix,15,807,821,10,14,Finished,Finished,1.0,0.0
3708,888,2013-07-07,2013,9,German Grand Prix,131,1,3,5,9,Finished,Finished,1.0,0.0
3709,888,2013-07-07,2013,9,German Grand Prix,207,819,823,17,18,+1 Lap,+1 Lap,1.0,0.0
3710,888,2013-07-07,2013,9,German Grand Prix,208,8,154,2,3,Finished,Finished,1.0,0.0
3711,890,2013-07-28,2013,10,Hungarian Grand Prix,1,18,815,7,9,Finished,+1 Lap,1.0,0.0
3712,890,2013-07-28,2013,10,Hungarian Grand Prix,5,818,817,12,13,+1 Lap,+1 Lap,1.0,0.0
3713,890,2013-07-28,2013,10,Hungarian Grand Prix,6,4,13,5,8,Finished,Finished,1.0,0.0
3714,890,2013-07-28,2013,10,Hungarian Grand Prix,9,20,17,3,4,Finished,Finished,1.0,0.0
3715,890,2013-07-28,2013,10,Hungarian Grand Prix,206,824,820,16,17,+3 Laps,+3 Laps,1.0,0.0
3716,890,2013-07-28,2013,10,Hungarian Grand Prix,207,823,819,14,15,+2 Laps,+2 Laps,1.0,0.0
3717,890,2013-07-28,2013,10,Hungarian Grand Prix,208,8,154,2,6,Finished,Finished,1.0,0.0
3718,891,2013-08-25,2013,11,Belgian Grand Prix,1,18,815,6,11,Finished,Finished,1.0,0.0
3719,891,2013-08-25,2013,11,Belgian Grand Prix,3,822,813,15,17,Finished,+1 Lap,1.0,0.0
3720,891,2013-08-25,2013,11,Belgian Grand Prix,5,817,818,10,12,Finished,Finished,1.0,0.0
3721,891,2013-08-25,2013,11,Belgian Grand Prix,6,4,13,2,7,Finished,Finished,1.0,0.0
3722,891,2013-08-25,2013,11,Belgian Grand Prix,9,20,17,1,5,Finished,Finished,1.0,0.0
3723,891,2013-08-25,2013,11,Belgian Grand Prix,15,807,821,13,14,Finished,Finished,1.0,0.0
3724,891,2013-08-25,2013,11,Belgian Grand Prix,131,1,3,3,4,Finished,Finished,1.0,0.0
3725,891,2013-08-25,2013,11,Belgian Grand Prix,206,824,820,18,19,+1 Lap,+2 Laps,1.0,0.0
3726,892,2013-09-08,2013,12,Italian Grand Prix,1,18,815,10,12,Finished,Finished,1.0,0.0
3727,892,2013-09-08,2013,12,Italian Grand Prix,3,813,822,14,15,Finished,Finished,1.0,0.0
3728,892,2013-09-08,2013,12,Italian Grand Prix,6,4,13,2,4,Finished,Finished,1.0,0.0
3729,892,2013-09-08,2013,12,Italian Grand Prix,9,20,17,1,3,Finished,Finished,1.0,0.0
3730,892,2013-09-08,2013,12,Italian Grand Prix,15,807,821,5,13,Finished,Finished,1.0,0.0
3731,892,2013-09-08,2013,12,Italian Grand Prix,131,3,1,6,9,Finished,Finished,1.0,0.0
3732,892,2013-09-08,2013,12,Italian Grand Prix,206,824,820,19,20,+1 Lap,+1 Lap,1.0,0.0
3733,892,2013-09-08,2013,12,Italian Grand Prix,207,819,823,17,18,+1 Lap,+1 Lap,1.0,0.0
3734,892,2013-09-08,2013,12,Italian Grand Prix,208,154,8,8,11,Finished,Finished,1.0,0.0
3735,893,2013-09-22,2013,13,Singapore Grand Prix,1,18,815,7,8,Finished,Finished,1.0,0.0
3736,893,2013-09-22,2013,13,Singapore Grand Prix,3,813,822,11,13,Finished,Finished,1.0,0.0
3737,893,2013-09-22,2013,13,Singapore Grand Prix,6,4,13,2,6,Finished,Finished,1.0,0.0
3738,893,2013-09-22,2013,13,Singapore Grand Prix,15,807,821,9,12,Finished,Finished,1.0,0.0
3739,893,2013-09-22,2013,13,Singapore Grand Prix,131,3,1,4,5,Finished,Finished,1.0,0.0
3740,893,2013-09-22,2013,13,Singapore Grand Prix,206,820,824,17,18,+1 Lap,+1 Lap,1.0,0.0
3741,893,2013-09-22,2013,13,Singapore Grand Prix,207,823,819,16,19,+1 Lap,+1 Lap,1.0,0.0
3742,894,2013-10-06,2013,14,Korean Grand Prix,1,18,815,8,10,Finished,Finished,1.0,0.0
3743,894,2013-10-06,2013,14,Korean Grand Prix,3,822,813,12,13,Finished,Finished,1.0,0.0
3744,894,2013-10-06,2013,14,Korean Grand Prix,5,818,817,18,19,+2 Laps,+3 Laps,1.0,0.0
3745,894,2013-10-06,2013,14,Korean Grand Prix,6,4,13,6,9,Finished,Finished,1.0,0.0
3746,894,2013-10-06,2013,14,Korean Grand Prix,15,807,821,4,11,Finished,Finished,1.0,0.0
3747,894,2013-10-06,2013,14,Korean Grand Prix,131,1,3,5,7,Finished,Finished,1.0,0.0
3748,894,2013-10-06,2013,14,Korean Grand Prix,206,824,820,16,17,Finished,Finished,1.0,0.0
3749,894,2013-10-06,2013,14,Korean Grand Prix,207,819,823,14,15,Finished,Finished,1.0,0.0
3750,894,2013-10-06,2013,14,Korean Grand Prix,208,8,154,2,3,Finished,Finished,1.0,0.0
3751,895,2013-10-13,2013,15,Japanese Grand Prix,1,18,815,9,15,Finished,+1 Lap,1.0,0.0
3752,895,2013-10-13,2013,15,Japanese Grand Prix,3,813,822,16,17,+1 Lap,+1 Lap,1.0,0.0
3753,895,2013-10-13,2013,15,Japanese Grand Prix,5,818,817,12,13,+1 Lap,+1 Lap,1.0,0.0
3754,895,2013-10-13,2013,15,Japanese Grand Prix,6,4,13,4,10,Finished,Finished,1.0,0.0
3755,895,2013-10-13,2013,15,Japanese Grand Prix,9,20,17,1,2,Finished,Finished,1.0,0.0
3756,895,2013-10-13,2013,15,Japanese Grand Prix,10,814,16,11,14,Finished,+1 Lap,1.0,0.0
3757,895,2013-10-13,2013,15,Japanese Grand Prix,15,807,821,6,7,Finished,Finished,1.0,0.0
3758,895,2013-10-13,2013,15,Japanese Grand Prix,208,154,8,3,5,Finished,Finished,1.0,0.0
3759,896,2013-10-27,2013,16,Indian Grand Prix,1,815,18,5,14,Finished,+1 Lap,1.0,0.0
3760,896,2013-10-27,2013,16,Indian Grand Prix,3,813,822,12,16,Finished,+1 Lap,1.0,0.0
3761,896,2013-10-27,2013,16,Indian Grand Prix,5,817,818,10,13,Finished,+1 Lap,1.0,0.0
3762,896,2013-10-27,2013,16,Indian Grand Prix,6,13,4,4,11,Finished,Finished,1.0,0.0
3763,896,2013-10-27,2013,16,Indian Grand Prix,10,814,16,8,9,Finished,Finished,1.0,0.0
3764,896,2013-10-27,2013,16,Indian Grand Prix,131,3,1,2,6,Finished,Finished,1.0,0.0
3765,896,2013-10-27,2013,16,Indian Grand Prix,206,820,824,17,18,+2 Laps,+2 Laps,1.0,0.0
3766,896,2013-10-27,2013,16,Indian Grand Prix,208,154,8,3,7,Finished,Finished,1.0,0.0
3767,897,2013-11-03,2013,17,Abu Dhabi Grand Prix,1,815,18,9,12,Finished,Finished,1.0,0.0
3768,897,2013-11-03,2013,17,Abu Dhabi Grand Prix,3,813,822,11,15,Finished,+1 Lap,1.0,0.0
3769,897,2013-11-03,2013,17,Abu Dhabi Grand Prix,5,817,818,16,17,+1 Lap,+1 Lap,1.0,0.0
3770,897,2013-11-03,2013,17,Abu Dhabi Grand Prix,6,4,13,5,8,Finished,Finished,1.0,0.0
3771,897,2013-11-03,2013,17,Abu Dhabi Grand Prix,9,20,17,1,2,Finished,Finished,1.0,0.0
3772,897,2013-11-03,2013,17,Abu Dhabi Grand Prix,10,814,16,6,10,Finished,Finished,1.0,0.0
3773,897,2013-11-03,2013,17,Abu Dhabi Grand Prix,15,821,807,13,14,Finished,+1 Lap,1.0,0.0
3774,897,2013-11-03,2013,17,Abu Dhabi Grand Prix,131,3,1,3,7,Finished,Finished,1.0,0.0
3775,897,2013-11-03,2013,17,Abu Dhabi Grand Prix,206,824,820,20,21,+2 Laps,+2 Laps,1.0,0.0
3776,897,2013-11-03,2013,17,Abu Dhabi Grand Prix,207,823,819,18,19,+1 Lap,+1 Lap,1.0,0.0
3777,898,2013-11-17,2013,18,United States Grand Prix,1,815,18,7,10,Finished,Finished,1.0,0.0
3778,898,2013-11-17,2013,18,United States Grand Prix,3,822,813,8,17,Finished,+1 Lap,1.0,0.0
3779,898,2013-11-17,2013,18,United States Grand Prix,5,817,818,11,12,Finished,Finished,1.0,0.0
3780,898,2013-11-17,2013,18,United States Grand Prix,6,4,13,5,13,Finished,Finished,1.0,0.0
3781,898,2013-11-17,2013,18,United States Grand Prix,9,20,17,1,3,Finished,Finished,1.0,0.0
3782,898,2013-11-17,2013,18,United States Grand Prix,15,807,821,6,14,Finished,Finished,1.0,0.0
3783,898,2013-11-17,2013,18,United States Grand Prix,131,1,3,4,9,Finished,Finished,1.0,0.0
3784,898,2013-11-17,2013,18,United States Grand Prix,206,824,820,18,21,+1 Lap,+2 Laps,1.0,0.0
3785,898,2013-11-17,2013,18,United States Grand Prix,207,823,819,19,20,+1 Lap,+1 Lap,1.0,0.0
3786,898,2013-11-17,2013,18,United States Grand Prix,208,154,5,2,15,Finished,Finished,1.0,0.0
3787,899,2013-11-24,2013,19,Brazilian Grand Prix,1,18,815,4,6,Finished,Finished,1.0,0.0
3788,899,2013-11-24,2013,19,Brazilian Grand Prix,5,817,818,10,15,+1 Lap,+1 Lap,1.0,0.0
3789,899,2013-11-24,2013,19,Brazilian Grand Prix,6,4,13,3,7,Finished,Finished,1.0,0.0
3790,899,2013-11-24,2013,19,Brazilian Grand Prix,9,20,17,1,2,Finished,Finished,1.0,0.0
3791,899,2013-11-24,2013,19,Brazilian Grand Prix,10,814,16,11,13,+1 Lap,+1 Lap,1.0,0.0
3792,899,2013-11-24,2013,19,Brazilian Grand Prix,15,807,821,8,12,Finished,+1 Lap,1.0,0.0
3793,899,2013-11-24,2013,19,Brazilian Grand Prix,131,3,1,5,9,Finished,Finished,1.0,0.0
3794,899,2013-11-24,2013,19,Brazilian Grand Prix,206,824,820,17,19,+2 Laps,+2 Laps,1.0,0.0
3795,900,2014-03-16,2014,1,Australian Grand Prix,1,825,18,2,3,Finished,Finished,1.0,0.0
3796,900,2014-03-16,2014,1,Australian Grand Prix,5,818,826,8,9,Finished,Finished,1.0,0.0
3797,900,2014-03-16,2014,1,Australian Grand Prix,6,4,8,4,7,Finished,Finished,1.0,0.0
3798,900,2014-03-16,2014,1,Australian Grand Prix,10,807,815,6,10,Finished,Finished,1.0,0.0
3799,900,2014-03-16,2014,1,Australian Grand Prix,15,16,821,11,12,+1 Lap,+1 Lap,1.0,0.0
3800,900,2014-03-16,2014,1,Australian Grand Prix,206,820,824,13,14,+2 Laps,+8 Laps,1.0,0.0
3801,901,2014-03-30,2014,2,Malaysian Grand Prix,1,18,825,6,9,Finished,+1 Lap,1.0,0.0
3802,901,2014-03-30,2014,2,Malaysian Grand Prix,3,13,822,7,8,Finished,Finished,1.0,0.0
3803,901,2014-03-30,2014,2,Malaysian Grand Prix,6,4,8,4,12,Finished,+1 Lap,1.0,0.0
3804,901,2014-03-30,2014,2,Malaysian Grand Prix,131,1,3,1,2,Finished,Finished,1.0,0.0
3805,901,2014-03-30,2014,2,Malaysian Grand Prix,207,155,828,13,14,+1 Lap,+2 Laps,1.0,0.0
3806,902,2014-04-06,2014,3,Bahrain Grand Prix,3,13,822,7,8,Finished,Finished,1.0,0.0
3807,902,2014-04-06,2014,3,Bahrain Grand Prix,6,4,8,9,10,Finished,Finished,1.0,0.0
3808,902,2014-04-06,2014,3,Bahrain Grand Prix,9,817,20,4,6,Finished,Finished,1.0,0.0
3809,902,2014-04-06,2014,3,Bahrain Grand Prix,10,815,807,3,5,Finished,Finished,1.0,0.0
3810,902,2014-04-06,2014,3,Bahrain Grand Prix,131,1,3,1,2,Finished,Finished,1.0,0.0
3811,902,2014-04-06,2014,3,Bahrain Grand Prix,206,820,824,13,16,Finished,+1 Lap,1.0,0.0
3812,902,2014-04-06,2014,3,Bahrain Grand Prix,208,154,813,12,14,Finished,Finished,1.0,0.0
3813,903,2014-04-20,2014,4,Chinese Grand Prix,1,18,825,11,13,+1 Lap,+1 Lap,1.0,0.0
3814,903,2014-04-20,2014,4,Chinese Grand Prix,3,822,13,7,15,Finished,+1 Lap,1.0,0.0
3815,903,2014-04-20,2014,4,Chinese Grand Prix,5,826,818,10,12,+1 Lap,+1 Lap,1.0,0.0
3816,903,2014-04-20,2014,4,Chinese Grand Prix,6,4,8,3,8,Finished,Finished,1.0,0.0
3817,903,2014-04-20,2014,4,Chinese Grand Prix,9,817,20,4,5,Finished,Finished,1.0,0.0
3818,903,2014-04-20,2014,4,Chinese Grand Prix,10,807,815,6,9,Finished,Finished,1.0,0.0
3819,903,2014-04-20,2014,4,Chinese Grand Prix,131,1,3,1,2,Finished,Finished,1.0,0.0
3820,903,2014-04-20,2014,4,Chinese Grand Prix,206,824,820,17,19,+1 Lap,+2 Laps,1.0,0.0
3821,903,2014-04-20,2014,4,Chinese Grand Prix,207,155,828,18,20,+1 Lap,+2 Laps,1.0,0.0
3822,904,2014-05-11,2014,5,Spanish Grand Prix,1,18,825,11,12,+1 Lap,+1 Lap,1.0,0.0
3823,904,2014-05-11,2014,5,Spanish Grand Prix,3,822,13,5,13,Finished,+1 Lap,1.0,0.0
3824,904,2014-05-11,2014,5,Spanish Grand Prix,6,4,8,6,7,Finished,+1 Lap,1.0,0.0
3825,904,2014-05-11,2014,5,Spanish Grand Prix,9,817,20,3,4,Finished,Finished,1.0,0.0
3826,904,2014-05-11,2014,5,Spanish Grand Prix,10,815,807,9,10,+1 Lap,+1 Lap,1.0,0.0
3827,904,2014-05-11,2014,5,Spanish Grand Prix,15,821,16,16,17,+1 Lap,+1 Lap,1.0,0.0
3828,904,2014-05-11,2014,5,Spanish Grand Prix,131,1,3,1,2,Finished,Finished,1.0,0.0
3829,904,2014-05-11,2014,5,Spanish Grand Prix,206,824,820,18,19,+2 Laps,+2 Laps,1.0,0.0
3830,904,2014-05-11,2014,5,Spanish Grand Prix,208,154,813,8,15,+1 Lap,+1 Lap,1.0,0.0
3831,905,2014-05-25,2014,6,Monaco Grand Prix,1,18,825,6,10,+1 Lap,+1 Lap,1.0,0.0
3832,905,2014-05-25,2014,6,Monaco Grand Prix,6,4,8,4,12,Finished,+1 Lap,1.0,0.0
3833,905,2014-05-25,2014,6,Monaco Grand Prix,131,3,1,1,2,Finished,Finished,1.0,0.0
3834,905,2014-05-25,2014,6,Monaco Grand Prix,206,824,820,9,14,+1 Lap,+3 Laps,1.0,0.0
3835,905,2014-05-25,2014,6,Monaco Grand Prix,207,828,155,11,13,+1 Lap,+2 Laps,1.0,0.0
3836,906,2014-06-08,2014,7,Canadian Grand Prix,1,18,825,4,9,Finished,Finished,1.0,0.0
3837,906,2014-06-08,2014,7,Canadian Grand Prix,6,4,8,6,10,Finished,Finished,1.0,0.0
3838,906,2014-06-08,2014,7,Canadian Grand Prix,9,817,20,1,3,Finished,Finished,1.0,0.0
3839,907,2014-06-22,2014,8,Austrian Grand Prix,1,825,18,7,11,Finished,Finished,1.0,0.0
3840,907,2014-06-22,2014,8,Austrian Grand Prix,3,822,13,3,4,Finished,Finished,1.0,0.0
3841,907,2014-06-22,2014,8,Austrian Grand Prix,6,4,8,5,10,Finished,Finished,1.0,0.0
3842,907,2014-06-22,2014,8,Austrian Grand Prix,10,815,807,6,9,Finished,Finished,1.0,0.0
3843,907,2014-06-22,2014,8,Austrian Grand Prix,15,16,821,13,19,+1 Lap,+2 Laps,1.0,0.0
3844,907,2014-06-22,2014,8,Austrian Grand Prix,131,3,1,1,2,Finished,Finished,1.0,0.0
3845,907,2014-06-22,2014,8,Austrian Grand Prix,206,824,820,15,17,+2 Laps,+2 Laps,1.0,0.0
3846,907,2014-06-22,2014,8,Austrian Grand Prix,207,155,828,16,18,+2 Laps,+2 Laps,1.0,0.0
3847,907,2014-06-22,2014,8,Austrian Grand Prix,208,813,154,12,14,+1 Lap,+1 Lap,1.0,0.0
3848,908,2014-07-06,2014,9,British Grand Prix,1,18,825,4,7,Finished,Finished,1.0,0.0
3849,908,2014-07-06,2014,9,British Grand Prix,5,826,818,9,10,Finished,+1 Lap,1.0,0.0
3850,908,2014-07-06,2014,9,British Grand Prix,9,817,20,3,5,Finished,Finished,1.0,0.0
3851,908,2014-07-06,2014,9,British Grand Prix,10,807,815,8,11,Finished,+1 Lap,1.0,0.0
3852,908,2014-07-06,2014,9,British Grand Prix,206,824,820,14,16,+1 Lap,+2 Laps,1.0,0.0
3853,908,2014-07-06,2014,9,British Grand Prix,208,154,813,12,17,+1 Lap,+3 Laps,1.0,0.0
3854,909,2014-07-20,2014,10,German Grand Prix,1,18,825,8,9,Finished,+1 Lap,1.0,0.0
3855,909,2014-07-20,2014,10,German Grand Prix,6,4,8,5,11,Finished,+1 Lap,1.0,0.0
3856,909,2014-07-20,2014,10,German Grand Prix,9,20,817,4,6,Finished,Finished,1.0,0.0
3857,909,2014-07-20,2014,10,German Grand Prix,10,807,815,7,10,Finished,+1 Lap,1.0,0.0
3858,909,2014-07-20,2014,10,German Grand Prix,131,3,1,1,3,Finished,Finished,1.0,0.0
3859,909,2014-07-20,2014,10,German Grand Prix,206,824,820,15,17,+1 Lap,+2 Laps,1.0,0.0
3860,909,2014-07-20,2014,10,German Grand Prix,207,155,828,16,18,+2 Laps,+2 Laps,1.0,0.0
3861,910,2014-07-27,2014,11,Hungarian Grand Prix,1,18,825,10,12,Finished,Finished,1.0,0.0
3862,910,2014-07-27,2014,11,Hungarian Grand Prix,3,13,822,5,8,Finished,Finished,1.0,0.0
3863,910,2014-07-27,2014,11,Hungarian Grand Prix,5,818,826,9,14,Finished,+1 Lap,1.0,0.0
3864,910,2014-07-27,2014,11,Hungarian Grand Prix,6,4,8,2,6,Finished,Finished,1.0,0.0
3865,910,2014-07-27,2014,11,Hungarian Grand Prix,9,817,20,1,7,Finished,Finished,1.0,0.0
3866,910,2014-07-27,2014,11,Hungarian Grand Prix,131,1,3,3,4,Finished,Finished,1.0,0.0
3867,910,2014-07-27,2014,11,Hungarian Grand Prix,206,824,820,15,16,+1 Lap,+1 Lap,1.0,0.0
3868,911,2014-08-24,2014,12,Belgian Grand Prix,1,18,825,6,12,Finished,Finished,1.0,0.0
3869,911,2014-08-24,2014,12,Belgian Grand Prix,3,822,13,3,13,Finished,Finished,1.0,0.0
3870,911,2014-08-24,2014,12,Belgian Grand Prix,5,826,818,9,11,Finished,Finished,1.0,0.0
3871,911,2014-08-24,2014,12,Belgian Grand Prix,6,8,4,4,7,Finished,Finished,1.0,0.0
3872,911,2014-08-24,2014,12,Belgian Grand Prix,9,817,20,1,5,Finished,Finished,1.0,0.0
3873,911,2014-08-24,2014,12,Belgian Grand Prix,10,815,807,8,10,Finished,Finished,1.0,0.0
3874,911,2014-08-24,2014,12,Belgian Grand Prix,15,16,821,14,15,Finished,Finished,1.0,0.0
3875,912,2014-09-07,2014,13,Italian Grand Prix,1,18,825,8,10,Finished,Finished,1.0,0.0
3876,912,2014-09-07,2014,13,Italian Grand Prix,3,13,822,3,4,Finished,Finished,1.0,0.0
3877,912,2014-09-07,2014,13,Italian Grand Prix,5,826,818,11,13,Finished,Finished,1.0,0.0
3878,912,2014-09-07,2014,13,Italian Grand Prix,9,817,20,5,6,Finished,Finished,1.0,0.0
3879,912,2014-09-07,2014,13,Italian Grand Prix,10,815,807,7,12,Finished,Finished,1.0,0.0
3880,912,2014-09-07,2014,13,Italian Grand Prix,15,16,821,15,19,+1 Lap,+2 Laps,1.0,0.0
3881,912,2014-09-07,2014,13,Italian Grand Prix,131,1,3,1,2,Finished,Finished,1.0,0.0
3882,912,2014-09-07,2014,13,Italian Grand Prix,207,155,828,17,20,+1 Lap,+2 Laps,1.0,0.0
3883,912,2014-09-07,2014,13,Italian Grand Prix,208,813,154,14,16,+1 Lap,+1 Lap,1.0,0.0
3884,913,2014-09-21,2014,14,Singapore Grand Prix,3,13,822,5,11,Finished,Finished,1.0,0.0
3885,913,2014-09-21,2014,14,Singapore Grand Prix,5,818,826,6,14,Finished,Finished,1.0,0.0
3886,913,2014-09-21,2014,14,Singapore Grand Prix,6,4,8,4,8,Finished,Finished,1.0,0.0
3887,913,2014-09-21,2014,14,Singapore Grand Prix,9,20,817,2,3,Finished,Finished,1.0,0.0
3888,913,2014-09-21,2014,14,Singapore Grand Prix,10,815,807,7,9,Finished,Finished,1.0,0.0
3889,913,2014-09-21,2014,14,Singapore Grand Prix,206,824,820,16,17,Finished,+1 Lap,1.0,0.0
3890,913,2014-09-21,2014,14,Singapore Grand Prix,208,813,154,12,13,Finished,Finished,1.0,0.0
3891,914,2014-10-05,2014,15,Japanese Grand Prix,1,18,825,5,14,Finished,+1 Lap,1.0,0.0
3892,914,2014-10-05,2014,15,Japanese Grand Prix,3,822,13,6,7,Finished,Finished,1.0,0.0
3893,914,2014-10-05,2014,15,Japanese Grand Prix,5,818,826,9,11,Finished,+1 Lap,1.0,0.0
3894,914,2014-10-05,2014,15,Japanese Grand Prix,9,20,817,3,4,Finished,Finished,1.0,0.0
3895,914,2014-10-05,2014,15,Japanese Grand Prix,10,807,815,8,10,Finished,+1 Lap,1.0,0.0
3896,914,2014-10-05,2014,15,Japanese Grand Prix,131,1,3,1,2,Finished,Finished,1.0,0.0
3897,914,2014-10-05,2014,15,Japanese Grand Prix,207,828,155,17,19,+1 Lap,+1 Lap,1.0,0.0
3898,914,2014-10-05,2014,15,Japanese Grand Prix,208,154,813,15,16,+1 Lap,+1 Lap,1.0,0.0
3899,915,2014-10-12,2014,16,Russian Grand Prix,1,18,825,4,5,Finished,Finished,1.0,0.0
3900,915,2014-10-12,2014,16,Russian Grand Prix,3,822,13,3,11,Finished,Finished,1.0,0.0
3901,915,2014-10-12,2014,16,Russian Grand Prix,5,818,826,13,14,Finished,+1 Lap,1.0,0.0
3902,915,2014-10-12,2014,16,Russian Grand Prix,6,4,8,6,9,Finished,Finished,1.0,0.0
3903,915,2014-10-12,2014,16,Russian Grand Prix,9,817,20,7,8,Finished,Finished,1.0,0.0
3904,915,2014-10-12,2014,16,Russian Grand Prix,10,815,807,10,12,Finished,Finished,1.0,0.0
3905,915,2014-10-12,2014,16,Russian Grand Prix,15,821,16,15,16,+1 Lap,+1 Lap,1.0,0.0
3906,915,2014-10-12,2014,16,Russian Grand Prix,131,1,3,1,2,Finished,Finished,1.0,0.0
3907,915,2014-10-12,2014,16,Russian Grand Prix,208,154,813,17,18,+1 Lap,+1 Lap,1.0,0.0
3908,916,2014-11-02,2014,17,United States Grand Prix,1,825,18,8,12,Finished,+1 Lap,1.0,0.0
3909,916,2014-11-02,2014,17,United States Grand Prix,3,13,822,4,5,Finished,Finished,1.0,0.0
3910,916,2014-11-02,2014,17,United States Grand Prix,5,818,826,10,15,Finished,+1 Lap,1.0,0.0
3911,916,2014-11-02,2014,17,United States Grand Prix,6,4,8,6,13,Finished,+1 Lap,1.0,0.0
3912,916,2014-11-02,2014,17,United States Grand Prix,9,817,20,3,7,Finished,Finished,1.0,0.0
3913,916,2014-11-02,2014,17,United States Grand Prix,131,1,3,1,2,Finished,Finished,1.0,0.0
3914,916,2014-11-02,2014,17,United States Grand Prix,208,813,154,9,11,Finished,+1 Lap,1.0,0.0
3915,917,2014-11-09,2014,18,Brazilian Grand Prix,1,18,825,4,9,Finished,Finished,1.0,0.0
3916,917,2014-11-09,2014,18,Brazilian Grand Prix,3,13,822,3,10,Finished,+1 Lap,1.0,0.0
3917,917,2014-11-09,2014,18,Brazilian Grand Prix,5,826,818,11,13,+1 Lap,+1 Lap,1.0,0.0
3918,917,2014-11-09,2014,18,Brazilian Grand Prix,6,4,8,6,7,Finished,Finished,1.0,0.0
3919,917,2014-11-09,2014,18,Brazilian Grand Prix,10,807,815,8,15,Finished,+1 Lap,1.0,0.0
3920,917,2014-11-09,2014,18,Brazilian Grand Prix,15,821,16,14,16,+1 Lap,+1 Lap,1.0,0.0
3921,917,2014-11-09,2014,18,Brazilian Grand Prix,131,3,1,1,2,Finished,Finished,1.0,0.0
3922,917,2014-11-09,2014,18,Brazilian Grand Prix,208,813,154,12,17,+1 Lap,+8 Laps,1.0,0.0
3923,918,2014-11-23,2014,19,Abu Dhabi Grand Prix,1,18,825,5,11,Finished,Finished,1.0,0.0
3924,918,2014-11-23,2014,19,Abu Dhabi Grand Prix,3,13,822,2,3,Finished,Finished,1.0,0.0
3925,918,2014-11-23,2014,19,Abu Dhabi Grand Prix,6,4,8,9,10,Finished,Finished,1.0,0.0
3926,918,2014-11-23,2014,19,Abu Dhabi Grand Prix,9,817,20,4,8,Finished,Finished,1.0,0.0
3927,918,2014-11-23,2014,19,Abu Dhabi Grand Prix,10,807,815,6,7,Finished,Finished,1.0,0.0
3928,918,2014-11-23,2014,19,Abu Dhabi Grand Prix,15,821,16,15,16,+1 Lap,+1 Lap,1.0,0.0
3929,918,2014-11-23,2014,19,Abu Dhabi Grand Prix,131,1,3,1,14,Finished,+1 Lap,1.0,0.0
3930,926,2015-03-15,2015,1,Australian Grand Prix,10,807,815,7,10,+1 Lap,+1 Lap,1.0,0.0
3931,926,2015-03-15,2015,1,Australian Grand Prix,15,831,828,5,8,Finished,+1 Lap,1.0,0.0
3932,926,2015-03-15,2015,1,Australian Grand Prix,131,1,3,1,2,Finished,Finished,1.0,0.0
3933,927,2015-03-29,2015,2,Malaysian Grand Prix,3,822,13,5,6,Finished,Finished,1.0,0.0
3934,927,2015-03-29,2015,2,Malaysian Grand Prix,5,830,832,7,8,Finished,+1 Lap,1.0,0.0
3935,927,2015-03-29,2015,2,Malaysian Grand Prix,6,20,8,1,4,Finished,Finished,1.0,0.0
3936,927,2015-03-29,2015,2,Malaysian Grand Prix,9,826,817,9,10,+1 Lap,+1 Lap,1.0,0.0
3937,927,2015-03-29,2015,2,Malaysian Grand Prix,10,815,807,13,14,+1 Lap,+1 Lap,1.0,0.0
3938,927,2015-03-29,2015,2,Malaysian Grand Prix,131,1,3,2,3,Finished,Finished,1.0,0.0
3939,928,2015-04-12,2015,3,Chinese Grand Prix,1,4,18,12,14,+1 Lap,+1 Lap,1.0,0.0
3940,928,2015-04-12,2015,3,Chinese Grand Prix,3,13,822,5,6,Finished,Finished,1.0,0.0
3941,928,2015-04-12,2015,3,Chinese Grand Prix,6,20,8,3,4,Finished,Finished,1.0,0.0
3942,928,2015-04-12,2015,3,Chinese Grand Prix,15,831,828,8,10,Finished,+1 Lap,1.0,0.0
3943,928,2015-04-12,2015,3,Chinese Grand Prix,131,1,3,1,2,Finished,Finished,1.0,0.0
3944,928,2015-04-12,2015,3,Chinese Grand Prix,209,829,833,15,16,+2 Laps,+2 Laps,1.0,0.0
3945,929,2015-04-19,2015,4,Bahrain Grand Prix,3,822,13,4,10,Finished,+1 Lap,1.0,0.0
3946,929,2015-04-19,2015,4,Bahrain Grand Prix,6,8,20,2,5,Finished,Finished,1.0,0.0
3947,929,2015-04-19,2015,4,Bahrain Grand Prix,9,817,826,6,9,Finished,+1 Lap,1.0,0.0
3948,929,2015-04-19,2015,4,Bahrain Grand Prix,10,815,807,8,13,+1 Lap,+1 Lap,1.0,0.0
3949,929,2015-04-19,2015,4,Bahrain Grand Prix,15,831,828,12,14,+1 Lap,+1 Lap,1.0,0.0
3950,929,2015-04-19,2015,4,Bahrain Grand Prix,131,1,3,1,3,Finished,Finished,1.0,0.0
3951,929,2015-04-19,2015,4,Bahrain Grand Prix,208,154,813,7,15,Finished,+1 Lap,1.0,0.0
3952,929,2015-04-19,2015,4,Bahrain Grand Prix,209,829,833,16,17,+2 Laps,+3 Laps,1.0,0.0
3953,930,2015-05-10,2015,5,Spanish Grand Prix,3,822,13,4,6,Finished,Finished,1.0,0.0
3954,930,2015-05-10,2015,5,Spanish Grand Prix,5,832,830,9,11,+1 Lap,+1 Lap,1.0,0.0
3955,930,2015-05-10,2015,5,Spanish Grand Prix,6,20,8,3,5,Finished,Finished,1.0,0.0
3956,930,2015-05-10,2015,5,Spanish Grand Prix,9,817,826,7,10,+1 Lap,+1 Lap,1.0,0.0
3957,930,2015-05-10,2015,5,Spanish Grand Prix,10,815,807,13,15,+1 Lap,+1 Lap,1.0,0.0
3958,930,2015-05-10,2015,5,Spanish Grand Prix,15,831,828,12,14,+1 Lap,+1 Lap,1.0,0.0
3959,930,2015-05-10,2015,5,Spanish Grand Prix,131,3,1,1,2,Finished,Finished,1.0,0.0
3960,930,2015-05-10,2015,5,Spanish Grand Prix,209,829,833,17,18,+3 Laps,+4 Laps,1.0,0.0
3961,931,2015-05-24,2015,6,Monaco Grand Prix,3,822,13,14,15,Finished,+1 Lap,1.0,0.0
3962,931,2015-05-24,2015,6,Monaco Grand Prix,6,20,8,2,6,Finished,Finished,1.0,0.0
3963,931,2015-05-24,2015,6,Monaco Grand Prix,9,826,817,4,5,Finished,Finished,1.0,0.0
3964,931,2015-05-24,2015,6,Monaco Grand Prix,10,815,807,7,11,Finished,Finished,1.0,0.0
3965,931,2015-05-24,2015,6,Monaco Grand Prix,15,831,828,9,13,Finished,Finished,1.0,0.0
3966,931,2015-05-24,2015,6,Monaco Grand Prix,131,3,1,1,3,Finished,Finished,1.0,0.0
3967,931,2015-05-24,2015,6,Monaco Grand Prix,209,833,829,16,17,+2 Laps,+2 Laps,1.0,0.0
3968,932,2015-06-07,2015,7,Canadian Grand Prix,3,822,13,3,6,Finished,Finished,1.0,0.0
3969,932,2015-06-07,2015,7,Canadian Grand Prix,5,832,830,12,15,+1 Lap,+1 Lap,1.0,0.0
3970,932,2015-06-07,2015,7,Canadian Grand Prix,6,8,20,4,5,Finished,Finished,1.0,0.0
3971,932,2015-06-07,2015,7,Canadian Grand Prix,9,826,817,9,13,+1 Lap,+1 Lap,1.0,0.0
3972,932,2015-06-07,2015,7,Canadian Grand Prix,10,807,815,8,11,+1 Lap,+1 Lap,1.0,0.0
3973,932,2015-06-07,2015,7,Canadian Grand Prix,15,828,831,14,16,+1 Lap,+2 Laps,1.0,0.0
3974,932,2015-06-07,2015,7,Canadian Grand Prix,131,1,3,1,2,Finished,Finished,1.0,0.0
3975,932,2015-06-07,2015,7,Canadian Grand Prix,208,813,154,7,10,Finished,+1 Lap,1.0,0.0
3976,933,2015-06-21,2015,8,Austrian Grand Prix,3,13,822,3,5,Finished,Finished,1.0,0.0
3977,933,2015-06-21,2015,8,Austrian Grand Prix,9,817,826,10,12,+1 Lap,+1 Lap,1.0,0.0
3978,933,2015-06-21,2015,8,Austrian Grand Prix,10,807,815,6,9,Finished,+1 Lap,1.0,0.0
3979,933,2015-06-21,2015,8,Austrian Grand Prix,15,831,828,11,13,+1 Lap,+2 Laps,1.0,0.0
3980,933,2015-06-21,2015,8,Austrian Grand Prix,131,3,1,1,2,Finished,Finished,1.0,0.0
3981,934,2015-07-05,2015,9,British Grand Prix,3,13,822,4,5,Finished,Finished,1.0,0.0
3982,934,2015-07-05,2015,9,British Grand Prix,6,20,8,3,8,Finished,+1 Lap,1.0,0.0
3983,934,2015-07-05,2015,9,British Grand Prix,10,807,815,7,9,Finished,+1 Lap,1.0,0.0
3984,934,2015-07-05,2015,9,British Grand Prix,131,1,3,1,2,Finished,Finished,1.0,0.0
3985,934,2015-07-05,2015,9,British Grand Prix,209,833,829,12,13,+3 Laps,+3 Laps,1.0,0.0
3986,936,2015-07-26,2015,10,Hungarian Grand Prix,1,4,18,5,9,Finished,Finished,1.0,0.0
3987,936,2015-07-26,2015,10,Hungarian Grand Prix,3,13,822,12,13,Finished,Finished,1.0,0.0
3988,936,2015-07-26,2015,10,Hungarian Grand Prix,9,826,817,2,3,Finished,Finished,1.0,0.0
3989,936,2015-07-26,2015,10,Hungarian Grand Prix,15,828,831,10,11,Finished,Finished,1.0,0.0
3990,936,2015-07-26,2015,10,Hungarian Grand Prix,131,1,3,6,8,Finished,Finished,1.0,0.0
3991,936,2015-07-26,2015,10,Hungarian Grand Prix,208,154,813,7,14,Finished,Finished,1.0,0.0
3992,936,2015-07-26,2015,10,Hungarian Grand Prix,209,833,829,15,16,+2 Laps,+4 Laps,1.0,0.0
3993,937,2015-08-23,2015,11,Belgian Grand Prix,1,4,18,13,14,+1 Lap,+1 Lap,1.0,0.0
3994,937,2015-08-23,2015,11,Belgian Grand Prix,15,828,831,10,11,Finished,Finished,1.0,0.0
3995,937,2015-08-23,2015,11,Belgian Grand Prix,131,1,3,1,2,Finished,Finished,1.0,0.0
3996,937,2015-08-23,2015,11,Belgian Grand Prix,209,833,829,15,16,+1 Lap,+1 Lap,1.0,0.0
3997,938,2015-09-06,2015,12,Italian Grand Prix,1,18,4,14,18,+1 Lap,+6 Laps,1.0,0.0
3998,938,2015-09-06,2015,12,Italian Grand Prix,3,13,822,3,4,Finished,Finished,1.0,0.0
3999,938,2015-09-06,2015,12,Italian Grand Prix,5,832,830,11,12,+1 Lap,+1 Lap,1.0,0.0
4000,938,2015-09-06,2015,12,Italian Grand Prix,6,20,8,2,5,Finished,Finished,1.0,0.0
4001,938,2015-09-06,2015,12,Italian Grand Prix,9,817,826,8,10,+1 Lap,+1 Lap,1.0,0.0
4002,938,2015-09-06,2015,12,Italian Grand Prix,10,815,807,6,7,Finished,+1 Lap,1.0,0.0
4003,938,2015-09-06,2015,12,Italian Grand Prix,15,828,831,9,13,+1 Lap,+1 Lap,1.0,0.0
4004,938,2015-09-06,2015,12,Italian Grand Prix,131,1,3,1,17,Finished,+3 Laps,1.0,0.0
4005,938,2015-09-06,2015,12,Italian Grand Prix,209,829,833,15,16,+2 Laps,+2 Laps,1.0,0.0
4006,939,2015-09-20,2015,13,Singapore Grand Prix,5,830,832,8,9,Finished,Finished,1.0,0.0
4007,939,2015-09-20,2015,13,Singapore Grand Prix,6,20,8,1,3,Finished,Finished,1.0,0.0
4008,939,2015-09-20,2015,13,Singapore Grand Prix,9,817,826,2,6,Finished,Finished,1.0,0.0
4009,939,2015-09-20,2015,13,Singapore Grand Prix,15,831,828,10,11,Finished,Finished,1.0,0.0
4010,939,2015-09-20,2015,13,Singapore Grand Prix,209,834,829,14,15,+2 Laps,+2 Laps,1.0,0.0
4011,940,2015-09-27,2015,14,Japanese Grand Prix,1,4,18,11,16,+1 Lap,+1 Lap,1.0,0.0
4012,940,2015-09-27,2015,14,Japanese Grand Prix,3,822,13,5,17,Finished,+2 Laps,1.0,0.0
4013,940,2015-09-27,2015,14,Japanese Grand Prix,5,830,832,9,10,Finished,+1 Lap,1.0,0.0
4014,940,2015-09-27,2015,14,Japanese Grand Prix,6,20,8,3,4,Finished,Finished,1.0,0.0
4015,940,2015-09-27,2015,14,Japanese Grand Prix,9,826,817,13,15,+1 Lap,+1 Lap,1.0,0.0
4016,940,2015-09-27,2015,14,Japanese Grand Prix,10,807,815,6,12,Finished,+1 Lap,1.0,0.0
4017,940,2015-09-27,2015,14,Japanese Grand Prix,131,1,3,1,2,Finished,Finished,1.0,0.0
4018,940,2015-09-27,2015,14,Japanese Grand Prix,208,154,813,7,8,Finished,Finished,1.0,0.0
4019,940,2015-09-27,2015,14,Japanese Grand Prix,209,834,829,18,19,+2 Laps,+3 Laps,1.0,0.0
4020,941,2015-10-11,2015,15,Russian Grand Prix,1,18,4,9,11,Finished,Finished,1.0,0.0
4021,941,2015-10-11,2015,15,Russian Grand Prix,6,20,8,2,8,Finished,Finished,1.0,0.0
4022,941,2015-10-11,2015,15,Russian Grand Prix,209,833,829,13,14,+1 Lap,+2 Laps,1.0,0.0
4023,942,2015-10-25,2015,16,United States Grand Prix,1,18,4,6,11,Finished,Finished,1.0,0.0
4024,942,2015-10-25,2015,16,United States Grand Prix,5,830,832,4,7,Finished,Finished,1.0,0.0
4025,942,2015-10-25,2015,16,United States Grand Prix,131,1,3,1,2,Finished,Finished,1.0,0.0
4026,943,2015-11-01,2015,17,Mexican Grand Prix,3,822,13,3,6,Finished,Finished,1.0,0.0
4027,943,2015-11-01,2015,17,Mexican Grand Prix,5,830,832,9,13,Finished,Finished,1.0,0.0
4028,943,2015-11-01,2015,17,Mexican Grand Prix,9,826,817,4,5,Finished,Finished,1.0,0.0
4029,943,2015-11-01,2015,17,Mexican Grand Prix,10,807,815,7,8,Finished,Finished,1.0,0.0
4030,943,2015-11-01,2015,17,Mexican Grand Prix,131,3,1,1,2,Finished,Finished,1.0,0.0
4031,943,2015-11-01,2015,17,Mexican Grand Prix,208,154,813,10,11,Finished,Finished,1.0,0.0
4032,943,2015-11-01,2015,17,Mexican Grand Prix,209,834,829,15,16,+2 Laps,+2 Laps,1.0,0.0
4033,944,2015-11-15,2015,18,Brazilian Grand Prix,1,18,4,14,15,+1 Lap,+1 Lap,1.0,0.0
4034,944,2015-11-15,2015,18,Brazilian Grand Prix,6,20,8,3,4,Finished,Finished,1.0,0.0
4035,944,2015-11-15,2015,18,Brazilian Grand Prix,9,826,817,7,11,+1 Lap,+1 Lap,1.0,0.0
4036,944,2015-11-15,2015,18,Brazilian Grand Prix,10,807,815,6,12,+1 Lap,+1 Lap,1.0,0.0
4037,944,2015-11-15,2015,18,Brazilian Grand Prix,15,831,828,13,16,+1 Lap,+2 Laps,1.0,0.0
4038,944,2015-11-15,2015,18,Brazilian Grand Prix,131,3,1,1,2,Finished,Finished,1.0,0.0
4039,944,2015-11-15,2015,18,Brazilian Grand Prix,208,154,813,8,10,+1 Lap,+1 Lap,1.0,0.0
4040,944,2015-11-15,2015,18,Brazilian Grand Prix,209,829,834,17,18,+4 Laps,+4 Laps,1.0,0.0
4041,945,2015-11-29,2015,19,Abu Dhabi Grand Prix,1,18,4,12,17,+1 Lap,+2 Laps,1.0,0.0
4042,945,2015-11-29,2015,19,Abu Dhabi Grand Prix,3,13,822,8,13,Finished,+1 Lap,1.0,0.0
4043,945,2015-11-29,2015,19,Abu Dhabi Grand Prix,5,832,830,11,16,Finished,+1 Lap,1.0,0.0
4044,945,2015-11-29,2015,19,Abu Dhabi Grand Prix,6,8,20,3,4,Finished,Finished,1.0,0.0
4045,945,2015-11-29,2015,19,Abu Dhabi Grand Prix,9,817,826,6,10,Finished,Finished,1.0,0.0
4046,945,2015-11-29,2015,19,Abu Dhabi Grand Prix,10,815,807,5,7,Finished,Finished,1.0,0.0
4047,945,2015-11-29,2015,19,Abu Dhabi Grand Prix,15,828,831,14,15,+1 Lap,+1 Lap,1.0,0.0
4048,945,2015-11-29,2015,19,Abu Dhabi Grand Prix,131,3,1,1,2,Finished,Finished,1.0,0.0
4049,945,2015-11-29,2015,19,Abu Dhabi Grand Prix,209,829,833,18,19,+2 Laps,+3 Laps,1.0,0.0
4050,948,2016-03-20,2016,1,Australian Grand Prix,3,13,822,5,8,Finished,Finished,1.0,0.0
4051,948,2016-03-20,2016,1,Australian Grand Prix,4,835,825,11,12,Finished,Finished,1.0,0.0
4052,948,2016-03-20,2016,1,Australian Grand Prix,5,832,830,9,10,Finished,Finished,1.0,0.0
4053,948,2016-03-20,2016,1,Australian Grand Prix,10,807,815,7,13,Finished,Finished,1.0,0.0
4054,948,2016-03-20,2016,1,Australian Grand Prix,131,3,1,1,2,Finished,Finished,1.0,0.0
4055,949,2016-04-03,2016,2,Bahrain Grand Prix,3,13,822,8,9,+1 Lap,+1 Lap,1.0,0.0
4056,949,2016-04-03,2016,2,Bahrain Grand Prix,9,817,826,4,7,Finished,+1 Lap,1.0,0.0
4057,949,2016-04-03,2016,2,Bahrain Grand Prix,10,807,815,15,16,+1 Lap,+1 Lap,1.0,0.0
4058,949,2016-04-03,2016,2,Bahrain Grand Prix,15,828,831,12,14,+1 Lap,+1 Lap,1.0,0.0
4059,949,2016-04-03,2016,2,Bahrain Grand Prix,131,3,1,1,3,Finished,Finished,1.0,0.0
4060,949,2016-04-03,2016,2,Bahrain Grand Prix,209,836,837,13,17,+1 Lap,+1 Lap,1.0,0.0
4061,950,2016-04-17,2016,3,Chinese Grand Prix,1,4,18,12,13,Finished,Finished,1.0,0.0
4062,950,2016-04-17,2016,3,Chinese Grand Prix,3,13,822,6,10,Finished,Finished,1.0,0.0
4063,950,2016-04-17,2016,3,Chinese Grand Prix,4,825,835,17,22,+1 Lap,+1 Lap,1.0,0.0
4064,950,2016-04-17,2016,3,Chinese Grand Prix,5,830,832,8,9,Finished,Finished,1.0,0.0
4065,950,2016-04-17,2016,3,Chinese Grand Prix,6,20,8,2,5,Finished,Finished,1.0,0.0
4066,950,2016-04-17,2016,3,Chinese Grand Prix,9,826,817,3,4,Finished,Finished,1.0,0.0
4067,950,2016-04-17,2016,3,Chinese Grand Prix,10,815,807,11,15,Finished,+1 Lap,1.0,0.0
4068,950,2016-04-17,2016,3,Chinese Grand Prix,15,828,831,16,20,+1 Lap,+1 Lap,1.0,0.0
4069,950,2016-04-17,2016,3,Chinese Grand Prix,131,3,1,1,7,Finished,Finished,1.0,0.0
4070,950,2016-04-17,2016,3,Chinese Grand Prix,209,836,837,18,21,+1 Lap,+1 Lap,1.0,0.0
4071,950,2016-04-17,2016,3,Chinese Grand Prix,210,821,154,14,19,+1 Lap,+1 Lap,1.0,0.0
4072,951,2016-05-01,2016,4,Russian Grand Prix,1,4,18,6,10,+1 Lap,+1 Lap,1.0,0.0
4073,951,2016-05-01,2016,4,Russian Grand Prix,3,822,13,4,5,Finished,Finished,1.0,0.0
4074,951,2016-05-01,2016,4,Russian Grand Prix,4,825,835,7,13,+1 Lap,+1 Lap,1.0,0.0
4075,951,2016-05-01,2016,4,Russian Grand Prix,9,817,826,11,15,+1 Lap,+1 Lap,1.0,0.0
4076,951,2016-05-01,2016,4,Russian Grand Prix,15,828,831,14,16,+1 Lap,+1 Lap,1.0,0.0
4077,951,2016-05-01,2016,4,Russian Grand Prix,131,3,1,1,2,Finished,Finished,1.0,0.0
4078,951,2016-05-01,2016,4,Russian Grand Prix,210,154,821,8,17,+1 Lap,+1 Lap,1.0,0.0
4079,952,2016-05-15,2016,5,Spanish Grand Prix,3,822,13,5,8,Finished,Finished,1.0,0.0
4080,952,2016-05-15,2016,5,Spanish Grand Prix,4,835,825,13,14,+1 Lap,+1 Lap,1.0,0.0
4081,952,2016-05-15,2016,5,Spanish Grand Prix,5,832,826,6,10,Finished,+1 Lap,1.0,0.0
4082,952,2016-05-15,2016,5,Spanish Grand Prix,6,8,20,2,3,Finished,Finished,1.0,0.0
4083,952,2016-05-15,2016,5,Spanish Grand Prix,9,830,817,1,4,Finished,Finished,1.0,0.0
4084,952,2016-05-15,2016,5,Spanish Grand Prix,15,828,831,12,15,+1 Lap,+1 Lap,1.0,0.0
4085,952,2016-05-15,2016,5,Spanish Grand Prix,209,836,837,16,17,+1 Lap,+1 Lap,1.0,0.0
4086,953,2016-05-29,2016,6,Monaco Grand Prix,1,4,18,5,9,Finished,+1 Lap,1.0,0.0
4087,953,2016-05-29,2016,6,Monaco Grand Prix,3,13,822,10,12,+1 Lap,+1 Lap,1.0,0.0
4088,953,2016-05-29,2016,6,Monaco Grand Prix,10,815,807,3,6,Finished,Finished,1.0,0.0
4089,953,2016-05-29,2016,6,Monaco Grand Prix,131,1,3,1,7,Finished,Finished,1.0,0.0
4090,953,2016-05-29,2016,6,Monaco Grand Prix,209,836,837,14,15,+2 Laps,+4 Laps,1.0,0.0
4091,953,2016-05-29,2016,6,Monaco Grand Prix,210,821,154,11,13,+1 Lap,+2 Laps,1.0,0.0
4092,954,2016-06-12,2016,7,Canadian Grand Prix,5,832,826,9,12,+1 Lap,+1 Lap,1.0,0.0
4093,954,2016-06-12,2016,7,Canadian Grand Prix,6,20,8,2,6,Finished,Finished,1.0,0.0
4094,954,2016-06-12,2016,7,Canadian Grand Prix,9,830,817,4,7,Finished,Finished,1.0,0.0
4095,954,2016-06-12,2016,7,Canadian Grand Prix,10,807,815,8,10,+1 Lap,+1 Lap,1.0,0.0
4096,954,2016-06-12,2016,7,Canadian Grand Prix,15,828,831,15,18,+2 Laps,+2 Laps,1.0,0.0
4097,954,2016-06-12,2016,7,Canadian Grand Prix,131,1,3,1,5,Finished,Finished,1.0,0.0
4098,954,2016-06-12,2016,7,Canadian Grand Prix,209,836,837,17,19,+2 Laps,+2 Laps,1.0,0.0
4099,954,2016-06-12,2016,7,Canadian Grand Prix,210,821,154,13,14,+2 Laps,+2 Laps,1.0,0.0
4100,955,2016-06-19,2016,8,European Grand Prix,3,822,13,6,10,Finished,Finished,1.0,0.0
4101,955,2016-06-19,2016,8,European Grand Prix,4,825,835,14,15,+1 Lap,+1 Lap,1.0,0.0
4102,955,2016-06-19,2016,8,European Grand Prix,6,20,8,2,4,Finished,Finished,1.0,0.0
4103,955,2016-06-19,2016,8,European Grand Prix,9,817,830,7,8,Finished,Finished,1.0,0.0
4104,955,2016-06-19,2016,8,European Grand Prix,10,815,807,3,9,Finished,Finished,1.0,0.0
4105,955,2016-06-19,2016,8,European Grand Prix,15,831,828,12,17,+1 Lap,+1 Lap,1.0,0.0
4106,955,2016-06-19,2016,8,European Grand Prix,131,3,1,1,5,Finished,Finished,1.0,0.0
4107,955,2016-06-19,2016,8,European Grand Prix,210,154,821,13,16,+1 Lap,+1 Lap,1.0,0.0
4108,956,2016-07-03,2016,9,Austrian Grand Prix,4,835,825,12,14,+1 Lap,+1 Lap,1.0,0.0
4109,956,2016-07-03,2016,9,Austrian Grand Prix,9,830,817,2,5,Finished,Finished,1.0,0.0
4110,956,2016-07-03,2016,9,Austrian Grand Prix,15,831,828,13,15,+1 Lap,+1 Lap,1.0,0.0
4111,956,2016-07-03,2016,9,Austrian Grand Prix,131,1,3,1,4,Finished,Finished,1.0,0.0
4112,956,2016-07-03,2016,9,Austrian Grand Prix,209,836,837,10,16,+1 Lap,+1 Lap,1.0,0.0
4113,956,2016-07-03,2016,9,Austrian Grand Prix,210,154,821,7,11,Finished,+1 Lap,1.0,0.0
4114,957,2016-07-10,2016,10,British Grand Prix,1,18,4,12,13,+1 Lap,+1 Lap,1.0,0.0
4115,957,2016-07-10,2016,10,British Grand Prix,3,13,822,11,14,+1 Lap,+1 Lap,1.0,0.0
4116,957,2016-07-10,2016,10,British Grand Prix,5,832,826,8,10,Finished,Finished,1.0,0.0
4117,957,2016-07-10,2016,10,British Grand Prix,6,8,20,5,9,Finished,Finished,1.0,0.0
4118,957,2016-07-10,2016,10,British Grand Prix,9,830,817,2,4,Finished,Finished,1.0,0.0
4119,957,2016-07-10,2016,10,British Grand Prix,10,815,807,6,7,Finished,Finished,1.0,0.0
4120,957,2016-07-10,2016,10,British Grand Prix,131,1,3,1,3,Finished,Finished,1.0,0.0
4121,958,2016-07-24,2016,11,Hungarian Grand Prix,3,822,13,9,18,+1 Lap,+2 Laps,1.0,0.0
4122,958,2016-07-24,2016,11,Hungarian Grand Prix,4,835,825,12,15,+1 Lap,+1 Lap,1.0,0.0
4123,958,2016-07-24,2016,11,Hungarian Grand Prix,5,832,826,8,16,+1 Lap,+1 Lap,1.0,0.0
4124,958,2016-07-24,2016,11,Hungarian Grand Prix,6,20,8,4,6,Finished,Finished,1.0,0.0
4125,958,2016-07-24,2016,11,Hungarian Grand Prix,9,817,830,3,5,Finished,Finished,1.0,0.0
4126,958,2016-07-24,2016,11,Hungarian Grand Prix,10,807,815,10,11,+1 Lap,+1 Lap,1.0,0.0
4127,958,2016-07-24,2016,11,Hungarian Grand Prix,15,831,828,17,20,+1 Lap,+2 Laps,1.0,0.0
4128,958,2016-07-24,2016,11,Hungarian Grand Prix,131,1,3,1,2,Finished,Finished,1.0,0.0
4129,958,2016-07-24,2016,11,Hungarian Grand Prix,209,836,837,19,21,+2 Laps,+2 Laps,1.0,0.0
4130,958,2016-07-24,2016,11,Hungarian Grand Prix,210,821,154,13,14,+1 Lap,+1 Lap,1.0,0.0
4131,959,2016-07-31,2016,12,German Grand Prix,1,18,4,8,12,+1 Lap,+1 Lap,1.0,0.0
4132,959,2016-07-31,2016,12,German Grand Prix,4,825,835,16,19,+1 Lap,+2 Laps,1.0,0.0
4133,959,2016-07-31,2016,12,German Grand Prix,5,832,826,14,15,+1 Lap,+1 Lap,1.0,0.0
4134,959,2016-07-31,2016,12,German Grand Prix,6,20,8,5,6,Finished,Finished,1.0,0.0
4135,959,2016-07-31,2016,12,German Grand Prix,9,817,830,2,3,Finished,Finished,1.0,0.0
4136,959,2016-07-31,2016,12,German Grand Prix,10,807,815,7,10,Finished,+1 Lap,1.0,0.0
4137,959,2016-07-31,2016,12,German Grand Prix,131,1,3,1,4,Finished,Finished,1.0,0.0
4138,959,2016-07-31,2016,12,German Grand Prix,209,836,837,17,20,+2 Laps,+2 Laps,1.0,0.0
4139,959,2016-07-31,2016,12,German Grand Prix,210,821,154,11,13,+1 Lap,+1 Lap,1.0,0.0
4140,960,2016-08-28,2016,13,Belgian Grand Prix,3,822,13,8,10,Finished,Finished,1.0,0.0
4141,960,2016-08-28,2016,13,Belgian Grand Prix,6,20,8,6,9,Finished,Finished,1.0,0.0
4142,960,2016-08-28,2016,13,Belgian Grand Prix,9,817,830,2,11,Finished,Finished,1.0,0.0
4143,960,2016-08-28,2016,13,Belgian Grand Prix,10,807,815,4,5,Finished,Finished,1.0,0.0
4144,960,2016-08-28,2016,13,Belgian Grand Prix,131,3,1,1,3,Finished,Finished,1.0,0.0
4145,960,2016-08-28,2016,13,Belgian Grand Prix,210,821,154,12,13,Finished,Finished,1.0,0.0
4146,961,2016-09-04,2016,14,Italian Grand Prix,1,18,4,12,14,+1 Lap,+1 Lap,1.0,0.0
4147,961,2016-09-04,2016,14,Italian Grand Prix,3,822,13,6,9,Finished,Finished,1.0,0.0
4148,961,2016-09-04,2016,14,Italian Grand Prix,6,20,8,3,4,Finished,Finished,1.0,0.0
4149,961,2016-09-04,2016,14,Italian Grand Prix,9,817,830,5,7,Finished,Finished,1.0,0.0
4150,961,2016-09-04,2016,14,Italian Grand Prix,10,815,807,8,10,Finished,Finished,1.0,0.0
4151,961,2016-09-04,2016,14,Italian Grand Prix,131,3,1,1,2,Finished,Finished,1.0,0.0
4152,961,2016-09-04,2016,14,Italian Grand Prix,210,154,821,11,13,+1 Lap,+1 Lap,1.0,0.0
4153,962,2016-09-18,2016,15,Singapore Grand Prix,4,825,835,10,15,Finished,+1 Lap,1.0,0.0
4154,962,2016-09-18,2016,15,Singapore Grand Prix,5,826,832,9,14,Finished,+1 Lap,1.0,0.0
4155,962,2016-09-18,2016,15,Singapore Grand Prix,6,8,20,4,5,Finished,Finished,1.0,0.0
4156,962,2016-09-18,2016,15,Singapore Grand Prix,9,817,830,2,6,Finished,Finished,1.0,0.0
4157,962,2016-09-18,2016,15,Singapore Grand Prix,15,831,828,13,17,+1 Lap,+1 Lap,1.0,0.0
4158,962,2016-09-18,2016,15,Singapore Grand Prix,131,3,1,1,3,Finished,Finished,1.0,0.0
4159,962,2016-09-18,2016,15,Singapore Grand Prix,209,836,839,16,18,+1 Lap,+2 Laps,1.0,0.0
4160,963,2016-10-02,2016,16,Malaysian Grand Prix,1,4,18,7,9,Finished,Finished,1.0,0.0
4161,963,2016-10-02,2016,16,Malaysian Grand Prix,3,822,13,5,13,Finished,+1 Lap,1.0,0.0
4162,963,2016-10-02,2016,16,Malaysian Grand Prix,5,832,826,11,14,Finished,+1 Lap,1.0,0.0
4163,963,2016-10-02,2016,16,Malaysian Grand Prix,9,817,830,1,2,Finished,Finished,1.0,0.0
4164,963,2016-10-02,2016,16,Malaysian Grand Prix,10,815,807,6,8,Finished,Finished,1.0,0.0
4165,963,2016-10-02,2016,16,Malaysian Grand Prix,209,836,839,15,16,+1 Lap,+1 Lap,1.0,0.0
4166,964,2016-10-09,2016,17,Japanese Grand Prix,1,4,18,16,18,+1 Lap,+1 Lap,1.0,0.0
4167,964,2016-10-09,2016,17,Japanese Grand Prix,3,13,822,9,10,Finished,Finished,1.0,0.0
4168,964,2016-10-09,2016,17,Japanese Grand Prix,4,835,825,12,14,+1 Lap,+1 Lap,1.0,0.0
4169,964,2016-10-09,2016,17,Japanese Grand Prix,5,826,832,13,17,+1 Lap,+1 Lap,1.0,0.0
4170,964,2016-10-09,2016,17,Japanese Grand Prix,6,20,8,4,5,Finished,Finished,1.0,0.0
4171,964,2016-10-09,2016,17,Japanese Grand Prix,9,830,817,2,6,Finished,Finished,1.0,0.0
4172,964,2016-10-09,2016,17,Japanese Grand Prix,10,815,807,7,8,Finished,Finished,1.0,0.0
4173,964,2016-10-09,2016,17,Japanese Grand Prix,15,828,831,15,19,+1 Lap,+1 Lap,1.0,0.0
4174,964,2016-10-09,2016,17,Japanese Grand Prix,131,3,1,1,3,Finished,Finished,1.0,0.0
4175,964,2016-10-09,2016,17,Japanese Grand Prix,209,839,836,21,22,+1 Lap,+1 Lap,1.0,0.0
4176,964,2016-10-09,2016,17,Japanese Grand Prix,210,154,821,11,20,Finished,+1 Lap,1.0,0.0
4177,965,2016-10-23,2016,18,United States Grand Prix,1,4,18,5,9,Finished,+1 Lap,1.0,0.0
4178,965,2016-10-23,2016,18,United States Grand Prix,3,13,822,7,16,+1 Lap,+1 Lap,1.0,0.0
4179,965,2016-10-23,2016,18,United States Grand Prix,4,825,835,12,13,+1 Lap,+1 Lap,1.0,0.0
4180,965,2016-10-23,2016,18,United States Grand Prix,5,832,826,6,11,Finished,+1 Lap,1.0,0.0
4181,965,2016-10-23,2016,18,United States Grand Prix,15,828,831,14,15,+1 Lap,+1 Lap,1.0,0.0
4182,965,2016-10-23,2016,18,United States Grand Prix,131,1,3,1,2,Finished,Finished,1.0,0.0
4183,965,2016-10-23,2016,18,United States Grand Prix,209,836,839,17,18,+1 Lap,+2 Laps,1.0,0.0
4184,966,2016-10-30,2016,19,Mexican Grand Prix,1,18,4,12,13,+1 Lap,+1 Lap,1.0,0.0
4185,966,2016-10-30,2016,19,Mexican Grand Prix,3,822,13,8,9,Finished,Finished,1.0,0.0
4186,966,2016-10-30,2016,19,Mexican Grand Prix,4,835,825,14,17,+1 Lap,+1 Lap,1.0,0.0
4187,966,2016-10-30,2016,19,Mexican Grand Prix,5,832,826,16,18,+1 Lap,+1 Lap,1.0,0.0
4188,966,2016-10-30,2016,19,Mexican Grand Prix,6,20,8,5,6,Finished,Finished,1.0,0.0
4189,966,2016-10-30,2016,19,Mexican Grand Prix,9,817,830,3,4,Finished,Finished,1.0,0.0
4190,966,2016-10-30,2016,19,Mexican Grand Prix,10,807,815,7,10,Finished,Finished,1.0,0.0
4191,966,2016-10-30,2016,19,Mexican Grand Prix,15,828,831,11,15,+1 Lap,+1 Lap,1.0,0.0
4192,966,2016-10-30,2016,19,Mexican Grand Prix,131,1,3,1,2,Finished,Finished,1.0,0.0
4193,966,2016-10-30,2016,19,Mexican Grand Prix,210,821,154,19,20,+1 Lap,+1 Lap,1.0,0.0
4194,967,2016-11-13,2016,20,Brazilian Grand Prix,1,4,18,10,16,Finished,Finished,1.0,0.0
4195,967,2016-11-13,2016,20,Brazilian Grand Prix,5,832,826,6,13,Finished,Finished,1.0,0.0
4196,967,2016-11-13,2016,20,Brazilian Grand Prix,9,830,817,3,8,Finished,Finished,1.0,0.0
4197,967,2016-11-13,2016,20,Brazilian Grand Prix,10,815,807,4,7,Finished,Finished,1.0,0.0
4198,967,2016-11-13,2016,20,Brazilian Grand Prix,131,1,3,1,2,Finished,Finished,1.0,0.0
4199,967,2016-11-13,2016,20,Brazilian Grand Prix,209,839,836,12,15,Finished,Finished,1.0,0.0
4200,968,2016-11-27,2016,21,Abu Dhabi Grand Prix,6,20,8,3,6,Finished,Finished,1.0,0.0
4201,968,2016-11-27,2016,21,Abu Dhabi Grand Prix,9,830,817,4,5,Finished,Finished,1.0,0.0
4202,968,2016-11-27,2016,21,Abu Dhabi Grand Prix,10,807,815,7,8,Finished,Finished,1.0,0.0
4203,968,2016-11-27,2016,21,Abu Dhabi Grand Prix,15,828,831,15,16,+1 Lap,+1 Lap,1.0,0.0
4204,968,2016-11-27,2016,21,Abu Dhabi Grand Prix,131,1,3,1,2,Finished,Finished,1.0,0.0
4205,968,2016-11-27,2016,21,Abu Dhabi Grand Prix,209,839,836,13,14,+1 Lap,+1 Lap,1.0,0.0
4206,968,2016-11-27,2016,21,Abu Dhabi Grand Prix,210,154,821,11,12,Finished,Finished,1.0,0.0
4207,969,2017-03-26,2017,1,Australian Grand Prix,5,832,826,8,9,+1 Lap,+1 Lap,1.0,0.0
4208,969,2017-03-26,2017,1,Australian Grand Prix,6,20,8,1,4,Finished,Finished,1.0,0.0
4209,969,2017-03-26,2017,1,Australian Grand Prix,10,815,839,7,10,+1 Lap,+1 Lap,1.0,0.0
4210,969,2017-03-26,2017,1,Australian Grand Prix,131,1,822,2,3,Finished,Finished,1.0,0.0
4211,970,2017-04-09,2017,2,Chinese Grand Prix,4,807,835,12,13,+1 Lap,+1 Lap,1.0,0.0
4212,970,2017-04-09,2017,2,Chinese Grand Prix,6,20,8,2,5,Finished,Finished,1.0,0.0
4213,970,2017-04-09,2017,2,Chinese Grand Prix,9,830,817,3,4,Finished,Finished,1.0,0.0
4214,970,2017-04-09,2017,2,Chinese Grand Prix,10,815,839,9,10,+1 Lap,+1 Lap,1.0,0.0
4215,970,2017-04-09,2017,2,Chinese Grand Prix,131,1,822,1,6,Finished,Finished,1.0,0.0
4216,970,2017-04-09,2017,2,Chinese Grand Prix,210,825,154,8,11,+1 Lap,+1 Lap,1.0,0.0
4217,971,2017-04-16,2017,3,Bahrain Grand Prix,4,807,835,9,13,Finished,+1 Lap,1.0,0.0
4218,971,2017-04-16,2017,3,Bahrain Grand Prix,6,20,8,1,4,Finished,Finished,1.0,0.0
4219,971,2017-04-16,2017,3,Bahrain Grand Prix,10,815,839,7,10,Finished,Finished,1.0,0.0
4220,971,2017-04-16,2017,3,Bahrain Grand Prix,131,1,822,2,3,Finished,Finished,1.0,0.0
4221,972,2017-04-30,2017,4,Russian Grand Prix,3,13,840,9,11,+1 Lap,+1 Lap,1.0,0.0
4222,972,2017-04-30,2017,4,Russian Grand Prix,5,832,826,10,12,+1 Lap,+1 Lap,1.0,0.0
4223,972,2017-04-30,2017,4,Russian Grand Prix,6,20,8,2,3,Finished,Finished,1.0,0.0
4224,972,2017-04-30,2017,4,Russian Grand Prix,10,815,839,6,7,Finished,Finished,1.0,0.0
4225,972,2017-04-30,2017,4,Russian Grand Prix,15,828,836,15,16,+1 Lap,+2 Laps,1.0,0.0
4226,972,2017-04-30,2017,4,Russian Grand Prix,131,822,1,1,4,Finished,Finished,1.0,0.0
4227,973,2017-05-14,2017,5,Spanish Grand Prix,3,13,840,13,16,+2 Laps,+2 Laps,1.0,0.0
4228,973,2017-05-14,2017,5,Spanish Grand Prix,4,807,835,6,15,+1 Lap,+2 Laps,1.0,0.0
4229,973,2017-05-14,2017,5,Spanish Grand Prix,5,832,826,7,9,+1 Lap,+1 Lap,1.0,0.0
4230,973,2017-05-14,2017,5,Spanish Grand Prix,10,815,839,4,5,+1 Lap,+1 Lap,1.0,0.0
4231,973,2017-05-14,2017,5,Spanish Grand Prix,15,836,828,8,11,+1 Lap,+2 Laps,1.0,0.0
4232,973,2017-05-14,2017,5,Spanish Grand Prix,210,154,825,10,14,+1 Lap,+2 Laps,1.0,0.0
4233,974,2017-05-28,2017,6,Monaco Grand Prix,6,20,8,1,2,Finished,Finished,1.0,0.0
4234,974,2017-05-28,2017,6,Monaco Grand Prix,9,817,830,3,5,Finished,Finished,1.0,0.0
4235,974,2017-05-28,2017,6,Monaco Grand Prix,10,839,815,12,13,Finished,Finished,1.0,0.0
4236,974,2017-05-28,2017,6,Monaco Grand Prix,131,822,1,4,7,Finished,Finished,1.0,0.0
4237,974,2017-05-28,2017,6,Monaco Grand Prix,210,154,825,8,10,Finished,Finished,1.0,0.0
4238,975,2017-06-11,2017,7,Canadian Grand Prix,4,807,835,8,11,Finished,+1 Lap,1.0,0.0
4239,975,2017-06-11,2017,7,Canadian Grand Prix,6,20,8,4,7,Finished,Finished,1.0,0.0
4240,975,2017-06-11,2017,7,Canadian Grand Prix,10,815,839,5,6,Finished,Finished,1.0,0.0
4241,975,2017-06-11,2017,7,Canadian Grand Prix,15,828,836,13,15,+1 Lap,+2 Laps,1.0,0.0
4242,975,2017-06-11,2017,7,Canadian Grand Prix,131,1,822,1,2,Finished,Finished,1.0,0.0
4243,975,2017-06-11,2017,7,Canadian Grand Prix,210,154,825,10,12,+1 Lap,+1 Lap,1.0,0.0
4244,976,2017-06-25,2017,8,Azerbaijan Grand Prix,1,4,838,9,12,Finished,Finished,1.0,0.0
4245,976,2017-06-25,2017,8,Azerbaijan Grand Prix,15,836,828,10,11,Finished,Finished,1.0,0.0
4246,976,2017-06-25,2017,8,Azerbaijan Grand Prix,131,822,1,2,5,Finished,Finished,1.0,0.0
4247,976,2017-06-25,2017,8,Azerbaijan Grand Prix,210,825,154,7,13,Finished,+1 Lap,1.0,0.0
4248,977,2017-07-09,2017,9,Austrian Grand Prix,3,13,840,9,10,+1 Lap,+1 Lap,1.0,0.0
4249,977,2017-07-09,2017,9,Austrian Grand Prix,4,835,807,11,13,+1 Lap,+1 Lap,1.0,0.0
4250,977,2017-07-09,2017,9,Austrian Grand Prix,6,20,8,2,5,Finished,Finished,1.0,0.0
4251,977,2017-07-09,2017,9,Austrian Grand Prix,10,815,839,7,8,+1 Lap,+1 Lap,1.0,0.0
4252,977,2017-07-09,2017,9,Austrian Grand Prix,15,836,828,14,15,+1 Lap,+2 Laps,1.0,0.0
4253,977,2017-07-09,2017,9,Austrian Grand Prix,131,822,1,1,4,Finished,Finished,1.0,0.0
4254,978,2017-07-16,2017,10,British Grand Prix,3,13,840,10,16,+1 Lap,+1 Lap,1.0,0.0
4255,978,2017-07-16,2017,10,British Grand Prix,6,8,20,3,7,Finished,Finished,1.0,0.0
4256,978,2017-07-16,2017,10,British Grand Prix,9,830,817,4,5,Finished,Finished,1.0,0.0
4257,978,2017-07-16,2017,10,British Grand Prix,10,839,815,8,9,+1 Lap,+1 Lap,1.0,0.0
4258,978,2017-07-16,2017,10,British Grand Prix,15,828,836,14,17,+1 Lap,+1 Lap,1.0,0.0
4259,978,2017-07-16,2017,10,British Grand Prix,131,1,822,1,2,Finished,Finished,1.0,0.0
4260,978,2017-07-16,2017,10,British Grand Prix,210,825,154,12,13,+1 Lap,+1 Lap,1.0,0.0
4261,979,2017-07-30,2017,11,Hungarian Grand Prix,1,4,838,6,10,Finished,+1 Lap,1.0,0.0
4262,979,2017-07-30,2017,11,Hungarian Grand Prix,5,832,826,7,11,+1 Lap,+1 Lap,1.0,0.0
4263,979,2017-07-30,2017,11,Hungarian Grand Prix,6,20,8,1,2,Finished,Finished,1.0,0.0
4264,979,2017-07-30,2017,11,Hungarian Grand Prix,10,815,839,8,9,+1 Lap,+1 Lap,1.0,0.0
4265,979,2017-07-30,2017,11,Hungarian Grand Prix,15,836,828,15,16,+2 Laps,+2 Laps,1.0,0.0
4266,979,2017-07-30,2017,11,Hungarian Grand Prix,131,822,1,3,4,Finished,Finished,1.0,0.0
4267,980,2017-08-27,2017,12,Belgian Grand Prix,3,13,840,8,11,Finished,Finished,1.0,0.0
4268,980,2017-08-27,2017,12,Belgian Grand Prix,4,807,835,6,13,Finished,Finished,1.0,0.0
4269,980,2017-08-27,2017,12,Belgian Grand Prix,5,832,826,10,12,Finished,Finished,1.0,0.0
4270,980,2017-08-27,2017,12,Belgian Grand Prix,6,20,8,2,4,Finished,Finished,1.0,0.0
4271,980,2017-08-27,2017,12,Belgian Grand Prix,131,1,822,1,5,Finished,Finished,1.0,0.0
4272,980,2017-08-27,2017,12,Belgian Grand Prix,210,154,825,7,15,Finished,Finished,1.0,0.0
4273,981,2017-09-03,2017,13,Italian Grand Prix,3,840,13,7,8,Finished,Finished,1.0,0.0
4274,981,2017-09-03,2017,13,Italian Grand Prix,5,826,832,12,14,+1 Lap,+1 Lap,1.0,0.0
4275,981,2017-09-03,2017,13,Italian Grand Prix,6,20,8,3,5,Finished,Finished,1.0,0.0
4276,981,2017-09-03,2017,13,Italian Grand Prix,9,817,830,4,10,Finished,+1 Lap,1.0,0.0
4277,981,2017-09-03,2017,13,Italian Grand Prix,10,839,815,6,9,Finished,Finished,1.0,0.0
4278,981,2017-09-03,2017,13,Italian Grand Prix,131,1,822,1,2,Finished,Finished,1.0,0.0
4279,981,2017-09-03,2017,13,Italian Grand Prix,210,825,154,11,15,+1 Lap,+1 Lap,1.0,0.0
4280,982,2017-09-17,2017,14,Singapore Grand Prix,3,840,13,8,11,Finished,Finished,1.0,0.0
4281,982,2017-09-17,2017,14,Singapore Grand Prix,10,815,839,5,10,Finished,Finished,1.0,0.0
4282,982,2017-09-17,2017,14,Singapore Grand Prix,131,1,822,1,3,Finished,Finished,1.0,0.0
4283,983,2017-10-01,2017,15,Malaysian Grand Prix,1,838,4,7,11,+1 Lap,+1 Lap,1.0,0.0
4284,983,2017-10-01,2017,15,Malaysian Grand Prix,3,840,13,8,9,+1 Lap,+1 Lap,1.0,0.0
4285,983,2017-10-01,2017,15,Malaysian Grand Prix,4,835,807,15,16,+1 Lap,+1 Lap,1.0,0.0
4286,983,2017-10-01,2017,15,Malaysian Grand Prix,9,830,817,1,3,Finished,Finished,1.0,0.0
4287,983,2017-10-01,2017,15,Malaysian Grand Prix,10,815,839,6,10,Finished,+1 Lap,1.0,0.0
4288,983,2017-10-01,2017,15,Malaysian Grand Prix,15,836,828,17,18,+1 Lap,+2 Laps,1.0,0.0
4289,983,2017-10-01,2017,15,Malaysian Grand Prix,131,1,822,2,5,Finished,Finished,1.0,0.0
4290,983,2017-10-01,2017,15,Malaysian Grand Prix,210,825,154,12,13,+1 Lap,+1 Lap,1.0,0.0
4291,984,2017-10-08,2017,16,Japanese Grand Prix,1,4,838,11,14,+1 Lap,+1 Lap,1.0,0.0
4292,984,2017-10-08,2017,16,Japanese Grand Prix,9,830,817,2,3,Finished,Finished,1.0,0.0
4293,984,2017-10-08,2017,16,Japanese Grand Prix,10,839,815,6,7,Finished,Finished,1.0,0.0
4294,984,2017-10-08,2017,16,Japanese Grand Prix,131,1,822,1,4,Finished,Finished,1.0,0.0
4295,984,2017-10-08,2017,16,Japanese Grand Prix,210,825,154,8,9,Finished,Finished,1.0,0.0
4296,985,2017-10-22,2017,17,United States Grand Prix,3,13,840,9,11,+1 Lap,+1 Lap,1.0,0.0
4297,985,2017-10-22,2017,17,United States Grand Prix,5,826,843,10,13,+1 Lap,+1 Lap,1.0,0.0
4298,985,2017-10-22,2017,17,United States Grand Prix,6,20,8,2,3,Finished,Finished,1.0,0.0
4299,985,2017-10-22,2017,17,United States Grand Prix,10,839,815,6,8,Finished,+1 Lap,1.0,0.0
4300,985,2017-10-22,2017,17,United States Grand Prix,131,1,822,1,5,Finished,Finished,1.0,0.0
4301,985,2017-10-22,2017,17,United States Grand Prix,210,154,825,14,16,+1 Lap,+1 Lap,1.0,0.0
4302,986,2017-10-29,2017,18,Mexican Grand Prix,1,4,838,10,12,+1 Lap,+1 Lap,1.0,0.0
4303,986,2017-10-29,2017,18,Mexican Grand Prix,3,840,13,6,11,+1 Lap,+1 Lap,1.0,0.0
4304,986,2017-10-29,2017,18,Mexican Grand Prix,6,8,20,3,4,Finished,Finished,1.0,0.0
4305,986,2017-10-29,2017,18,Mexican Grand Prix,10,839,815,5,7,+1 Lap,+1 Lap,1.0,0.0
4306,986,2017-10-29,2017,18,Mexican Grand Prix,131,822,1,2,9,Finished,+1 Lap,1.0,0.0
4307,986,2017-10-29,2017,18,Mexican Grand Prix,210,825,154,8,15,+1 Lap,+2 Laps,1.0,0.0
4308,987,2017-11-12,2017,19,Brazilian Grand Prix,3,13,840,7,16,Finished,+2 Laps,1.0,0.0
4309,987,2017-11-12,2017,19,Brazilian Grand Prix,4,807,832,10,11,+1 Lap,+1 Lap,1.0,0.0
4310,987,2017-11-12,2017,19,Brazilian Grand Prix,6,20,8,1,3,Finished,Finished,1.0,0.0
4311,987,2017-11-12,2017,19,Brazilian Grand Prix,9,830,817,5,6,Finished,Finished,1.0,0.0
4312,987,2017-11-12,2017,19,Brazilian Grand Prix,15,828,836,13,14,+1 Lap,+1 Lap,1.0,0.0
4313,987,2017-11-12,2017,19,Brazilian Grand Prix,131,822,1,2,4,Finished,Finished,1.0,0.0
4314,988,2017-11-26,2017,20,Abu Dhabi Grand Prix,1,4,838,9,12,+1 Lap,+1 Lap,1.0,0.0
4315,988,2017-11-26,2017,20,Abu Dhabi Grand Prix,3,13,840,10,18,+1 Lap,+1 Lap,1.0,0.0
4316,988,2017-11-26,2017,20,Abu Dhabi Grand Prix,5,843,842,15,16,+1 Lap,+1 Lap,1.0,0.0
4317,988,2017-11-26,2017,20,Abu Dhabi Grand Prix,6,20,8,3,4,Finished,Finished,1.0,0.0
4318,988,2017-11-26,2017,20,Abu Dhabi Grand Prix,10,815,839,7,8,Finished,Finished,1.0,0.0
4319,988,2017-11-26,2017,20,Abu Dhabi Grand Prix,15,836,828,14,17,+1 Lap,+1 Lap,1.0,0.0
4320,988,2017-11-26,2017,20,Abu Dhabi Grand Prix,131,822,1,1,2,Finished,Finished,1.0,0.0
4321,988,2017-11-26,2017,20,Abu Dhabi Grand Prix,210,154,825,11,13,+1 Lap,+1 Lap,1.0,0.0
4322,989,2018-03-25,2018,1,Australian Grand Prix,1,4,838,5,9,Finished,Finished,1.0,0.0
4323,989,2018-03-25,2018,1,Australian Grand Prix,4,807,832,7,10,Finished,Finished,1.0,0.0
4324,989,2018-03-25,2018,1,Australian Grand Prix,6,20,8,1,3,Finished,Finished,1.0,0.0
4325,989,2018-03-25,2018,1,Australian Grand Prix,9,817,830,4,6,Finished,Finished,1.0,0.0
4326,989,2018-03-25,2018,1,Australian Grand Prix,10,815,839,11,12,Finished,Finished,1.0,0.0
4327,989,2018-03-25,2018,1,Australian Grand Prix,131,1,822,2,8,Finished,Finished,1.0,0.0
4328,990,2018-04-08,2018,2,Bahrain Grand Prix,1,4,838,7,8,+1 Lap,+1 Lap,1.0,0.0
4329,990,2018-04-08,2018,2,Bahrain Grand Prix,3,840,845,14,15,+1 Lap,+1 Lap,1.0,0.0
4330,990,2018-04-08,2018,2,Bahrain Grand Prix,4,807,832,6,11,Finished,+1 Lap,1.0,0.0
4331,990,2018-04-08,2018,2,Bahrain Grand Prix,5,842,843,4,17,Finished,+1 Lap,1.0,0.0
4332,990,2018-04-08,2018,2,Bahrain Grand Prix,10,839,815,10,16,+1 Lap,+1 Lap,1.0,0.0
4333,990,2018-04-08,2018,2,Bahrain Grand Prix,15,828,844,9,12,+1 Lap,+1 Lap,1.0,0.0
4334,990,2018-04-08,2018,2,Bahrain Grand Prix,131,822,1,2,3,Finished,Finished,1.0,0.0
4335,990,2018-04-08,2018,2,Bahrain Grand Prix,210,825,154,5,13,Finished,+1 Lap,1.0,0.0
4336,991,2018-04-15,2018,3,Chinese Grand Prix,1,4,838,7,13,Finished,Finished,1.0,0.0
4337,991,2018-04-15,2018,3,Chinese Grand Prix,3,840,845,14,15,Finished,Finished,1.0,0.0
4338,991,2018-04-15,2018,3,Chinese Grand Prix,4,807,832,6,9,Finished,Finished,1.0,0.0
4339,991,2018-04-15,2018,3,Chinese Grand Prix,6,8,20,3,8,Finished,Finished,1.0,0.0
4340,991,2018-04-15,2018,3,Chinese Grand Prix,9,817,830,1,5,Finished,Finished,1.0,0.0
4341,991,2018-04-15,2018,3,Chinese Grand Prix,10,839,815,11,12,Finished,Finished,1.0,0.0
4342,991,2018-04-15,2018,3,Chinese Grand Prix,15,828,844,16,19,Finished,Finished,1.0,0.0
4343,991,2018-04-15,2018,3,Chinese Grand Prix,131,822,1,2,4,Finished,Finished,1.0,0.0
4344,991,2018-04-15,2018,3,Chinese Grand Prix,210,825,154,10,17,Finished,Finished,1.0,0.0
4345,992,2018-04-29,2018,4,Azerbaijan Grand Prix,1,4,838,7,9,Finished,Finished,1.0,0.0
4346,992,2018-04-29,2018,4,Azerbaijan Grand Prix,5,843,842,10,12,Finished,Finished,1.0,0.0
4347,992,2018-04-29,2018,4,Azerbaijan Grand Prix,6,8,20,2,4,Finished,Finished,1.0,0.0
4348,992,2018-04-29,2018,4,Azerbaijan Grand Prix,15,844,828,6,11,Finished,Finished,1.0,0.0
4349,993,2018-05-13,2018,5,Spanish Grand Prix,3,840,845,11,14,+2 Laps,+3 Laps,1.0,0.0
4350,993,2018-05-13,2018,5,Spanish Grand Prix,9,830,817,3,5,Finished,Finished,1.0,0.0
4351,993,2018-05-13,2018,5,Spanish Grand Prix,15,844,828,10,13,+2 Laps,+2 Laps,1.0,0.0
4352,993,2018-05-13,2018,5,Spanish Grand Prix,131,1,822,1,2,Finished,Finished,1.0,0.0
4353,994,2018-05-27,2018,6,Monaco Grand Prix,3,845,840,16,17,+1 Lap,+2 Laps,1.0,0.0
4354,994,2018-05-27,2018,6,Monaco Grand Prix,4,807,832,8,10,Finished,Finished,1.0,0.0
4355,994,2018-05-27,2018,6,Monaco Grand Prix,6,20,8,2,4,Finished,Finished,1.0,0.0
4356,994,2018-05-27,2018,6,Monaco Grand Prix,9,817,830,1,9,Finished,Finished,1.0,0.0
4357,994,2018-05-27,2018,6,Monaco Grand Prix,10,839,815,6,12,Finished,Finished,1.0,0.0
4358,994,2018-05-27,2018,6,Monaco Grand Prix,131,1,822,3,5,Finished,Finished,1.0,0.0
4359,994,2018-05-27,2018,6,Monaco Grand Prix,210,825,154,13,15,Finished,+1 Lap,1.0,0.0
4360,995,2018-06-10,2018,7,Canadian Grand Prix,4,807,832,7,8,+1 Lap,+1 Lap,1.0,0.0
4361,995,2018-06-10,2018,7,Canadian Grand Prix,6,20,8,1,6,Finished,Finished,1.0,0.0
4362,995,2018-06-10,2018,7,Canadian Grand Prix,9,830,817,3,4,Finished,Finished,1.0,0.0
4363,995,2018-06-10,2018,7,Canadian Grand Prix,10,839,815,9,14,+1 Lap,+1 Lap,1.0,0.0
4364,995,2018-06-10,2018,7,Canadian Grand Prix,15,844,828,10,15,+1 Lap,+2 Laps,1.0,0.0
4365,995,2018-06-10,2018,7,Canadian Grand Prix,131,822,1,2,5,Finished,Finished,1.0,0.0
4366,995,2018-06-10,2018,7,Canadian Grand Prix,210,154,825,12,13,+1 Lap,+1 Lap,1.0,0.0
4367,996,2018-06-24,2018,8,French Grand Prix,4,832,807,8,9,Finished,Finished,1.0,0.0
4368,996,2018-06-24,2018,8,French Grand Prix,6,8,20,3,5,Finished,Finished,1.0,0.0
4369,996,2018-06-24,2018,8,French Grand Prix,9,830,817,2,4,Finished,Finished,1.0,0.0
4370,996,2018-06-24,2018,8,French Grand Prix,15,844,828,10,13,Finished,+1 Lap,1.0,0.0
4371,996,2018-06-24,2018,8,French Grand Prix,131,1,822,1,7,Finished,Finished,1.0,0.0
4372,996,2018-06-24,2018,8,French Grand Prix,210,825,154,6,11,Finished,+1 Lap,1.0,0.0
4373,997,2018-07-01,2018,9,Austrian Grand Prix,3,845,840,13,14,+2 Laps,+2 Laps,1.0,0.0
4374,997,2018-07-01,2018,9,Austrian Grand Prix,6,8,20,2,3,Finished,Finished,1.0,0.0
4375,997,2018-07-01,2018,9,Austrian Grand Prix,10,839,815,6,7,+1 Lap,+1 Lap,1.0,0.0
4376,997,2018-07-01,2018,9,Austrian Grand Prix,15,844,828,9,10,+1 Lap,+1 Lap,1.0,0.0
4377,997,2018-07-01,2018,9,Austrian Grand Prix,210,154,825,4,5,+1 Lap,+1 Lap,1.0,0.0
4378,998,2018-07-08,2018,10,British Grand Prix,1,4,838,8,11,Finished,Finished,1.0,0.0
4379,998,2018-07-08,2018,10,British Grand Prix,3,840,845,12,14,Finished,Finished,1.0,0.0
4380,998,2018-07-08,2018,10,British Grand Prix,6,20,8,1,3,Finished,Finished,1.0,0.0
4381,998,2018-07-08,2018,10,British Grand Prix,10,839,815,7,10,Finished,Finished,1.0,0.0
4382,998,2018-07-08,2018,10,British Grand Prix,131,1,822,2,4,Finished,Finished,1.0,0.0
4383,999,2018-07-22,2018,11,German Grand Prix,4,807,832,5,12,Finished,Finished,1.0,0.0
4384,999,2018-07-22,2018,11,German Grand Prix,5,843,842,10,14,Finished,+1 Lap,1.0,0.0
4385,999,2018-07-22,2018,11,German Grand Prix,10,815,839,7,8,Finished,Finished,1.0,0.0
4386,999,2018-07-22,2018,11,German Grand Prix,15,828,844,9,15,Finished,+1 Lap,1.0,0.0
4387,999,2018-07-22,2018,11,German Grand Prix,131,1,822,1,2,Finished,Finished,1.0,0.0
4388,999,2018-07-22,2018,11,German Grand Prix,210,154,825,6,11,Finished,Finished,1.0,0.0
4389,1000,2018-07-29,2018,12,Hungarian Grand Prix,3,845,840,16,17,+2 Laps,+2 Laps,1.0,0.0
4390,1000,2018-07-29,2018,12,Hungarian Grand Prix,4,832,807,9,12,+1 Lap,+1 Lap,1.0,0.0
4391,1000,2018-07-29,2018,12,Hungarian Grand Prix,5,842,843,6,11,Finished,+1 Lap,1.0,0.0
4392,1000,2018-07-29,2018,12,Hungarian Grand Prix,6,20,8,2,3,Finished,Finished,1.0,0.0
4393,1000,2018-07-29,2018,12,Hungarian Grand Prix,10,839,815,13,14,+1 Lap,+1 Lap,1.0,0.0
4394,1000,2018-07-29,2018,12,Hungarian Grand Prix,131,1,822,1,5,Finished,Finished,1.0,0.0
4395,1000,2018-07-29,2018,12,Hungarian Grand Prix,210,825,154,7,10,+1 Lap,+1 Lap,1.0,0.0
4396,1001,2018-08-26,2018,13,Belgian Grand Prix,3,845,840,12,13,+1 Lap,+1 Lap,1.0,0.0
4397,1001,2018-08-26,2018,13,Belgian Grand Prix,5,842,843,9,14,Finished,+1 Lap,1.0,0.0
4398,1001,2018-08-26,2018,13,Belgian Grand Prix,10,815,839,5,6,Finished,Finished,1.0,0.0
4399,1001,2018-08-26,2018,13,Belgian Grand Prix,131,1,822,2,4,Finished,Finished,1.0,0.0
4400,1001,2018-08-26,2018,13,Belgian Grand Prix,210,154,825,7,8,Finished,Finished,1.0,0.0
4401,1002,2018-09-02,2018,14,Italian Grand Prix,3,840,845,9,10,+1 Lap,+1 Lap,1.0,0.0
4402,1002,2018-09-02,2018,14,Italian Grand Prix,4,832,807,8,13,Finished,+1 Lap,1.0,0.0
4403,1002,2018-09-02,2018,14,Italian Grand Prix,6,8,20,2,4,Finished,Finished,1.0,0.0
4404,1002,2018-09-02,2018,14,Italian Grand Prix,10,839,815,6,7,Finished,Finished,1.0,0.0
4405,1002,2018-09-02,2018,14,Italian Grand Prix,15,844,828,11,15,+1 Lap,+1 Lap,1.0,0.0
4406,1002,2018-09-02,2018,14,Italian Grand Prix,131,1,822,1,3,Finished,Finished,1.0,0.0
4407,1003,2018-09-16,2018,15,Singapore Grand Prix,1,4,838,7,12,Finished,+1 Lap,1.0,0.0
4408,1003,2018-09-16,2018,15,Singapore Grand Prix,3,840,845,14,19,+1 Lap,+2 Laps,1.0,0.0
4409,1003,2018-09-16,2018,15,Singapore Grand Prix,4,832,807,8,10,+1 Lap,+1 Lap,1.0,0.0
4410,1003,2018-09-16,2018,15,Singapore Grand Prix,5,842,843,13,17,+1 Lap,+1 Lap,1.0,0.0
4411,1003,2018-09-16,2018,15,Singapore Grand Prix,6,20,8,3,5,Finished,Finished,1.0,0.0
4412,1003,2018-09-16,2018,15,Singapore Grand Prix,9,830,817,2,6,Finished,Finished,1.0,0.0
4413,1003,2018-09-16,2018,15,Singapore Grand Prix,15,844,828,9,11,+1 Lap,+1 Lap,1.0,0.0
4414,1003,2018-09-16,2018,15,Singapore Grand Prix,131,1,822,1,4,Finished,Finished,1.0,0.0
4415,1003,2018-09-16,2018,15,Singapore Grand Prix,210,154,825,15,18,+1 Lap,+2 Laps,1.0,0.0
4416,1004,2018-09-30,2018,16,Russian Grand Prix,1,4,838,14,16,+1 Lap,+2 Laps,1.0,0.0
4417,1004,2018-09-30,2018,16,Russian Grand Prix,3,840,845,15,18,+1 Lap,+2 Laps,1.0,0.0
4418,1004,2018-09-30,2018,16,Russian Grand Prix,4,807,832,12,17,+1 Lap,+2 Laps,1.0,0.0
4419,1004,2018-09-30,2018,16,Russian Grand Prix,6,20,8,3,4,Finished,Finished,1.0,0.0
4420,1004,2018-09-30,2018,16,Russian Grand Prix,9,830,817,5,6,Finished,Finished,1.0,0.0
4421,1004,2018-09-30,2018,16,Russian Grand Prix,10,839,815,9,10,+1 Lap,+1 Lap,1.0,0.0
4422,1004,2018-09-30,2018,16,Russian Grand Prix,15,844,828,7,13,Finished,+1 Lap,1.0,0.0
4423,1004,2018-09-30,2018,16,Russian Grand Prix,131,1,822,1,2,Finished,Finished,1.0,0.0
4424,1004,2018-09-30,2018,16,Russian Grand Prix,210,825,154,8,11,+1 Lap,+1 Lap,1.0,0.0
4425,1005,2018-10-07,2018,17,Japanese Grand Prix,1,4,838,14,15,+1 Lap,+1 Lap,1.0,0.0
4426,1005,2018-10-07,2018,17,Japanese Grand Prix,3,845,840,16,17,+1 Lap,+1 Lap,1.0,0.0
4427,1005,2018-10-07,2018,17,Japanese Grand Prix,5,842,843,11,13,+1 Lap,+1 Lap,1.0,0.0
4428,1005,2018-10-07,2018,17,Japanese Grand Prix,6,8,20,5,6,Finished,Finished,1.0,0.0
4429,1005,2018-10-07,2018,17,Japanese Grand Prix,9,830,817,3,4,Finished,Finished,1.0,0.0
4430,1005,2018-10-07,2018,17,Japanese Grand Prix,10,815,839,7,9,Finished,Finished,1.0,0.0
4431,1005,2018-10-07,2018,17,Japanese Grand Prix,131,1,822,1,2,Finished,Finished,1.0,0.0
4432,1006,2018-10-21,2018,18,United States Grand Prix,3,845,840,13,14,+1 Lap,+2 Laps,1.0,0.0
4433,1006,2018-10-21,2018,18,United States Grand Prix,4,807,832,6,7,Finished,Finished,1.0,0.0
4434,1006,2018-10-21,2018,18,United States Grand Prix,5,843,842,9,12,+1 Lap,+1 Lap,1.0,0.0
4435,1006,2018-10-21,2018,18,United States Grand Prix,6,8,20,1,4,Finished,Finished,1.0,0.0
4436,1006,2018-10-21,2018,18,United States Grand Prix,131,1,822,3,5,Finished,Finished,1.0,0.0
4437,1007,2018-10-28,2018,19,Mexican Grand Prix,3,840,845,12,13,+2 Laps,+2 Laps,1.0,0.0
4438,1007,2018-10-28,2018,19,Mexican Grand Prix,5,842,843,10,14,+2 Laps,+2 Laps,1.0,0.0
4439,1007,2018-10-28,2018,19,Mexican Grand Prix,6,20,8,2,3,Finished,Finished,1.0,0.0
4440,1007,2018-10-28,2018,19,Mexican Grand Prix,15,844,828,7,9,+2 Laps,+2 Laps,1.0,0.0
4441,1007,2018-10-28,2018,19,Mexican Grand Prix,131,1,822,4,5,Finished,+1 Lap,1.0,0.0
4442,1007,2018-10-28,2018,19,Mexican Grand Prix,210,825,154,15,16,+2 Laps,+3 Laps,1.0,0.0
4443,1008,2018-11-11,2018,20,Brazilian Grand Prix,1,838,4,14,17,+1 Lap,+2 Laps,1.0,0.0
4444,1008,2018-11-11,2018,20,Brazilian Grand Prix,3,845,840,16,18,+2 Laps,+2 Laps,1.0,0.0
4445,1008,2018-11-11,2018,20,Brazilian Grand Prix,5,843,842,11,13,+1 Lap,+1 Lap,1.0,0.0
4446,1008,2018-11-11,2018,20,Brazilian Grand Prix,6,8,20,3,6,Finished,Finished,1.0,0.0
4447,1008,2018-11-11,2018,20,Brazilian Grand Prix,9,830,817,2,4,Finished,Finished,1.0,0.0
4448,1008,2018-11-11,2018,20,Brazilian Grand Prix,10,815,839,10,15,+1 Lap,+1 Lap,1.0,0.0
4449,1008,2018-11-11,2018,20,Brazilian Grand Prix,131,1,822,1,5,Finished,Finished,1.0,0.0
4450,1008,2018-11-11,2018,20,Brazilian Grand Prix,210,154,825,8,9,Finished,Finished,1.0,0.0
4451,1009,2018-11-25,2018,21,Abu Dhabi Grand Prix,1,4,838,11,14,+1 Lap,+1 Lap,1.0,0.0
4452,1009,2018-11-25,2018,21,Abu Dhabi Grand Prix,3,840,845,13,15,+1 Lap,+1 Lap,1.0,0.0
4453,1009,2018-11-25,2018,21,Abu Dhabi Grand Prix,9,830,817,3,4,Finished,Finished,1.0,0.0
4454,1009,2018-11-25,2018,21,Abu Dhabi Grand Prix,131,1,822,1,5,Finished,Finished,1.0,0.0
4455,1009,2018-11-25,2018,21,Abu Dhabi Grand Prix,210,154,825,9,10,+1 Lap,+1 Lap,1.0,0.0
4456,1010,2019-03-17,2019,1,Australian Grand Prix,3,847,9,16,17,+2 Laps,+3 Laps,1.0,0.0
4457,1010,2019-03-17,2019,1,Australian Grand Prix,5,826,848,10,14,+1 Lap,+1 Lap,1.0,0.0
4458,1010,2019-03-17,2019,1,Australian Grand Prix,6,20,844,4,5,Finished,Finished,1.0,0.0
4459,1010,2019-03-17,2019,1,Australian Grand Prix,9,830,842,3,11,Finished,+1 Lap,1.0,0.0
4460,1010,2019-03-17,2019,1,Australian Grand Prix,51,8,841,8,15,+1 Lap,+1 Lap,1.0,0.0
4461,1010,2019-03-17,2019,1,Australian Grand Prix,131,822,1,1,2,Finished,Finished,1.0,0.0
4462,1010,2019-03-17,2019,1,Australian Grand Prix,211,840,815,9,13,+1 Lap,+1 Lap,1.0,0.0
4463,1011,2019-03-31,2019,2,Bahrain Grand Prix,3,847,9,15,16,+1 Lap,+2 Laps,1.0,0.0
4464,1011,2019-03-31,2019,2,Bahrain Grand Prix,5,848,826,9,12,Finished,+1 Lap,1.0,0.0
4465,1011,2019-03-31,2019,2,Bahrain Grand Prix,6,844,20,3,5,Finished,Finished,1.0,0.0
4466,1011,2019-03-31,2019,2,Bahrain Grand Prix,9,830,842,4,8,Finished,Finished,1.0,0.0
4467,1011,2019-03-31,2019,2,Bahrain Grand Prix,51,8,841,7,11,Finished,Finished,1.0,0.0
4468,1011,2019-03-31,2019,2,Bahrain Grand Prix,131,1,822,1,2,Finished,Finished,1.0,0.0
4469,1011,2019-03-31,2019,2,Bahrain Grand Prix,211,815,840,10,14,Finished,+1 Lap,1.0,0.0
4470,1012,2019-04-14,2019,3,Chinese Grand Prix,3,847,9,16,17,+2 Laps,+2 Laps,1.0,0.0
4471,1012,2019-04-14,2019,3,Chinese Grand Prix,6,20,844,3,5,Finished,Finished,1.0,0.0
4472,1012,2019-04-14,2019,3,Chinese Grand Prix,9,830,842,4,6,Finished,Finished,1.0,0.0
4473,1012,2019-04-14,2019,3,Chinese Grand Prix,51,8,841,9,15,+1 Lap,+1 Lap,1.0,0.0
4474,1012,2019-04-14,2019,3,Chinese Grand Prix,131,1,822,1,2,Finished,Finished,1.0,0.0
4475,1012,2019-04-14,2019,3,Chinese Grand Prix,210,154,825,11,13,+1 Lap,+1 Lap,1.0,0.0
4476,1012,2019-04-14,2019,3,Chinese Grand Prix,211,815,840,8,12,+1 Lap,+1 Lap,1.0,0.0
4477,1013,2019-04-28,2019,4,Azerbaijan Grand Prix,1,832,846,7,8,Finished,Finished,1.0,0.0
4478,1013,2019-04-28,2019,4,Azerbaijan Grand Prix,3,847,9,15,16,+2 Laps,+2 Laps,1.0,0.0
4479,1013,2019-04-28,2019,4,Azerbaijan Grand Prix,6,20,844,3,5,Finished,Finished,1.0,0.0
4480,1013,2019-04-28,2019,4,Azerbaijan Grand Prix,51,8,841,10,12,+1 Lap,+1 Lap,1.0,0.0
4481,1013,2019-04-28,2019,4,Azerbaijan Grand Prix,131,822,1,1,2,Finished,Finished,1.0,0.0
4482,1013,2019-04-28,2019,4,Azerbaijan Grand Prix,211,815,840,6,9,Finished,Finished,1.0,0.0
4483,1014,2019-05-12,2019,5,Spanish Grand Prix,3,847,9,17,18,+1 Lap,+1 Lap,1.0,0.0
4484,1014,2019-05-12,2019,5,Spanish Grand Prix,4,817,807,12,13,Finished,Finished,1.0,0.0
4485,1014,2019-05-12,2019,5,Spanish Grand Prix,5,826,848,9,11,Finished,Finished,1.0,0.0
4486,1014,2019-05-12,2019,5,Spanish Grand Prix,6,20,844,4,5,Finished,Finished,1.0,0.0
4487,1014,2019-05-12,2019,5,Spanish Grand Prix,9,830,842,3,6,Finished,Finished,1.0,0.0
4488,1014,2019-05-12,2019,5,Spanish Grand Prix,51,8,841,14,16,Finished,Finished,1.0,0.0
4489,1014,2019-05-12,2019,5,Spanish Grand Prix,131,1,822,1,2,Finished,Finished,1.0,0.0
4490,1014,2019-05-12,2019,5,Spanish Grand Prix,210,825,154,7,10,Finished,Finished,1.0,0.0
4491,1015,2019-05-26,2019,6,Monaco Grand Prix,1,832,846,6,11,Finished,Finished,1.0,0.0
4492,1015,2019-05-26,2019,6,Monaco Grand Prix,3,847,9,15,18,+1 Lap,+1 Lap,1.0,0.0
4493,1015,2019-05-26,2019,6,Monaco Grand Prix,4,817,807,9,13,Finished,+1 Lap,1.0,0.0
4494,1015,2019-05-26,2019,6,Monaco Grand Prix,5,826,848,7,8,Finished,Finished,1.0,0.0
4495,1015,2019-05-26,2019,6,Monaco Grand Prix,9,830,842,4,5,Finished,Finished,1.0,0.0
4496,1015,2019-05-26,2019,6,Monaco Grand Prix,51,8,841,17,19,+1 Lap,+2 Laps,1.0,0.0
4497,1015,2019-05-26,2019,6,Monaco Grand Prix,131,1,822,1,3,Finished,Finished,1.0,0.0
4498,1015,2019-05-26,2019,6,Monaco Grand Prix,210,154,825,10,14,Finished,+1 Lap,1.0,0.0
4499,1015,2019-05-26,2019,6,Monaco Grand Prix,211,815,840,12,16,+1 Lap,+1 Lap,1.0,0.0
4500,1016,2019-06-09,2019,7,Canadian Grand Prix,3,847,9,16,18,+2 Laps,+3 Laps,1.0,0.0
4501,1016,2019-06-09,2019,7,Canadian Grand Prix,4,817,807,6,7,+1 Lap,+1 Lap,1.0,0.0
4502,1016,2019-06-09,2019,7,Canadian Grand Prix,6,20,844,2,3,Finished,Finished,1.0,0.0
4503,1016,2019-06-09,2019,7,Canadian Grand Prix,9,830,842,5,8,Finished,+1 Lap,1.0,0.0
4504,1016,2019-06-09,2019,7,Canadian Grand Prix,51,841,8,13,15,+1 Lap,+1 Lap,1.0,0.0
4505,1016,2019-06-09,2019,7,Canadian Grand Prix,131,1,822,1,4,Finished,Finished,1.0,0.0
4506,1016,2019-06-09,2019,7,Canadian Grand Prix,210,154,825,14,17,+1 Lap,+2 Laps,1.0,0.0
4507,1016,2019-06-09,2019,7,Canadian Grand Prix,211,840,815,9,12,+1 Lap,+1 Lap,1.0,0.0
4508,1017,2019-06-23,2019,8,French Grand Prix,1,832,846,6,9,Finished,+1 Lap,1.0,0.0
4509,1017,2019-06-23,2019,8,French Grand Prix,3,9,847,18,19,+2 Laps,+2 Laps,1.0,0.0
4510,1017,2019-06-23,2019,8,French Grand Prix,4,807,817,8,11,+1 Lap,+1 Lap,1.0,0.0
4511,1017,2019-06-23,2019,8,French Grand Prix,5,826,848,14,15,+1 Lap,+1 Lap,1.0,0.0
4512,1017,2019-06-23,2019,8,French Grand Prix,6,844,20,3,5,Finished,Finished,1.0,0.0
4513,1017,2019-06-23,2019,8,French Grand Prix,9,830,842,4,10,Finished,+1 Lap,1.0,0.0
4514,1017,2019-06-23,2019,8,French Grand Prix,51,8,841,7,16,+1 Lap,+1 Lap,1.0,0.0
4515,1017,2019-06-23,2019,8,French Grand Prix,131,1,822,1,2,Finished,Finished,1.0,0.0
4516,1017,2019-06-23,2019,8,French Grand Prix,211,815,840,12,13,+1 Lap,+1 Lap,1.0,0.0
4517,1018,2019-06-30,2019,9,Austrian Grand Prix,1,846,832,6,8,+1 Lap,+1 Lap,1.0,0.0
4518,1018,2019-06-30,2019,9,Austrian Grand Prix,3,847,9,18,20,+2 Laps,+3 Laps,1.0,0.0
4519,1018,2019-06-30,2019,9,Austrian Grand Prix,4,817,807,12,13,+1 Lap,+1 Lap,1.0,0.0
4520,1018,2019-06-30,2019,9,Austrian Grand Prix,5,848,826,15,17,+1 Lap,+1 Lap,1.0,0.0
4521,1018,2019-06-30,2019,9,Austrian Grand Prix,6,844,20,2,4,Finished,Finished,1.0,0.0
4522,1018,2019-06-30,2019,9,Austrian Grand Prix,9,830,842,1,7,Finished,+1 Lap,1.0,0.0
4523,1018,2019-06-30,2019,9,Austrian Grand Prix,51,8,841,9,10,+1 Lap,+1 Lap,1.0,0.0
4524,1018,2019-06-30,2019,9,Austrian Grand Prix,131,822,1,3,5,Finished,Finished,1.0,0.0
4525,1018,2019-06-30,2019,9,Austrian Grand Prix,210,154,825,16,19,+1 Lap,+2 Laps,1.0,0.0
4526,1018,2019-06-30,2019,9,Austrian Grand Prix,211,815,840,11,14,+1 Lap,+1 Lap,1.0,0.0
4527,1019,2019-07-14,2019,10,British Grand Prix,1,832,846,6,11,Finished,Finished,1.0,0.0
4528,1019,2019-07-14,2019,10,British Grand Prix,3,847,9,14,15,+1 Lap,+1 Lap,1.0,0.0
4529,1019,2019-07-14,2019,10,British Grand Prix,4,817,807,7,10,Finished,Finished,1.0,0.0
4530,1019,2019-07-14,2019,10,British Grand Prix,5,826,848,9,12,Finished,Finished,1.0,0.0
4531,1019,2019-07-14,2019,10,British Grand Prix,6,844,20,3,16,Finished,+1 Lap,1.0,0.0
4532,1019,2019-07-14,2019,10,British Grand Prix,9,842,830,4,5,Finished,Finished,1.0,0.0
4533,1019,2019-07-14,2019,10,British Grand Prix,131,1,822,1,2,Finished,Finished,1.0,0.0
4534,1019,2019-07-14,2019,10,British Grand Prix,211,840,815,13,17,Finished,+1 Lap,1.0,0.0
4535,1020,2019-07-28,2019,11,German Grand Prix,3,9,847,10,11,Finished,Finished,1.0,0.0
4536,1020,2019-07-28,2019,11,German Grand Prix,5,826,848,3,6,Finished,Finished,1.0,0.0
4537,1020,2019-07-28,2019,11,German Grand Prix,51,8,841,12,13,Finished,Finished,1.0,0.0
4538,1020,2019-07-28,2019,11,German Grand Prix,210,154,825,7,8,Finished,Finished,1.0,0.0
4539,1021,2019-08-04,2019,12,Hungarian Grand Prix,1,832,846,5,9,+1 Lap,+1 Lap,1.0,0.0
4540,1021,2019-08-04,2019,12,Hungarian Grand Prix,3,847,9,16,19,+2 Laps,+3 Laps,1.0,0.0
4541,1021,2019-08-04,2019,12,Hungarian Grand Prix,4,807,817,12,14,+1 Lap,+1 Lap,1.0,0.0
4542,1021,2019-08-04,2019,12,Hungarian Grand Prix,5,848,826,10,15,+1 Lap,+2 Laps,1.0,0.0
4543,1021,2019-08-04,2019,12,Hungarian Grand Prix,6,20,844,3,4,Finished,Finished,1.0,0.0
4544,1021,2019-08-04,2019,12,Hungarian Grand Prix,9,830,842,2,6,Finished,+1 Lap,1.0,0.0
4545,1021,2019-08-04,2019,12,Hungarian Grand Prix,51,8,841,7,18,+1 Lap,+2 Laps,1.0,0.0
4546,1021,2019-08-04,2019,12,Hungarian Grand Prix,131,1,822,1,8,Finished,+1 Lap,1.0,0.0
4547,1021,2019-08-04,2019,12,Hungarian Grand Prix,211,815,840,11,17,+1 Lap,+2 Laps,1.0,0.0
4548,1022,2019-09-01,2019,13,Belgian Grand Prix,3,847,9,15,17,+1 Lap,+1 Lap,1.0,0.0
4549,1022,2019-09-01,2019,13,Belgian Grand Prix,4,807,817,8,14,Finished,+1 Lap,1.0,0.0
4550,1022,2019-09-01,2019,13,Belgian Grand Prix,5,826,842,7,9,Finished,Finished,1.0,0.0
4551,1022,2019-09-01,2019,13,Belgian Grand Prix,6,844,20,1,4,Finished,Finished,1.0,0.0
4552,1022,2019-09-01,2019,13,Belgian Grand Prix,131,1,822,2,3,Finished,Finished,1.0,0.0
4553,1022,2019-09-01,2019,13,Belgian Grand Prix,210,825,154,12,13,+1 Lap,+1 Lap,1.0,0.0
4554,1022,2019-09-01,2019,13,Belgian Grand Prix,211,815,840,6,10,Finished,Finished,1.0,0.0
4555,1023,2019-09-08,2019,14,Italian Grand Prix,3,847,9,14,17,+1 Lap,+2 Laps,1.0,0.0
4556,1023,2019-09-08,2019,14,Italian Grand Prix,4,817,807,4,5,Finished,Finished,1.0,0.0
4557,1023,2019-09-08,2019,14,Italian Grand Prix,6,844,20,1,13,Finished,+1 Lap,1.0,0.0
4558,1023,2019-09-08,2019,14,Italian Grand Prix,9,848,830,6,8,Finished,Finished,1.0,0.0
4559,1023,2019-09-08,2019,14,Italian Grand Prix,51,841,8,9,15,+1 Lap,+1 Lap,1.0,0.0
4560,1023,2019-09-08,2019,14,Italian Grand Prix,131,822,1,2,3,Finished,Finished,1.0,0.0
4561,1023,2019-09-08,2019,14,Italian Grand Prix,211,815,840,7,12,Finished,+1 Lap,1.0,0.0
4562,1024,2019-09-22,2019,15,Singapore Grand Prix,1,846,832,7,12,Finished,Finished,1.0,0.0
4563,1024,2019-09-22,2019,15,Singapore Grand Prix,4,807,817,9,14,Finished,Finished,1.0,0.0
4564,1024,2019-09-22,2019,15,Singapore Grand Prix,5,842,826,8,15,Finished,Finished,1.0,0.0
4565,1024,2019-09-22,2019,15,Singapore Grand Prix,6,20,844,1,2,Finished,Finished,1.0,0.0
4566,1024,2019-09-22,2019,15,Singapore Grand Prix,9,830,848,3,6,Finished,Finished,1.0,0.0
4567,1024,2019-09-22,2019,15,Singapore Grand Prix,131,1,822,4,5,Finished,Finished,1.0,0.0
4568,1024,2019-09-22,2019,15,Singapore Grand Prix,210,154,825,11,17,Finished,Finished,1.0,0.0
4569,1025,2019-09-29,2019,16,Russian Grand Prix,1,832,846,6,8,Finished,Finished,1.0,0.0
4570,1025,2019-09-29,2019,16,Russian Grand Prix,5,826,842,12,14,Finished,Finished,1.0,0.0
4571,1025,2019-09-29,2019,16,Russian Grand Prix,9,830,848,4,5,Finished,Finished,1.0,0.0
4572,1025,2019-09-29,2019,16,Russian Grand Prix,51,8,841,13,15,Finished,Finished,1.0,0.0
4573,1025,2019-09-29,2019,16,Russian Grand Prix,131,1,822,1,2,Finished,Finished,1.0,0.0
4574,1025,2019-09-29,2019,16,Russian Grand Prix,211,815,840,7,11,Finished,Finished,1.0,0.0
4575,1026,2019-10-13,2019,17,Japanese Grand Prix,1,832,846,5,11,Finished,+1 Lap,1.0,0.0
4576,1026,2019-10-13,2019,17,Japanese Grand Prix,3,847,9,16,17,+2 Laps,+2 Laps,1.0,0.0
4577,1026,2019-10-13,2019,17,Japanese Grand Prix,5,842,826,7,10,+1 Lap,+1 Lap,1.0,0.0
4578,1026,2019-10-13,2019,17,Japanese Grand Prix,6,20,844,2,6,Finished,+1 Lap,1.0,0.0
4579,1026,2019-10-13,2019,17,Japanese Grand Prix,51,8,841,12,14,+1 Lap,+1 Lap,1.0,0.0
4580,1026,2019-10-13,2019,17,Japanese Grand Prix,131,822,1,1,3,Finished,Finished,1.0,0.0
4581,1026,2019-10-13,2019,17,Japanese Grand Prix,210,154,825,13,15,+1 Lap,+1 Lap,1.0,0.0
4582,1026,2019-10-13,2019,17,Japanese Grand Prix,211,815,840,8,9,+1 Lap,+1 Lap,1.0,0.0
4583,1027,2019-10-27,2019,18,Mexican Grand Prix,3,847,9,16,18,+2 Laps,+2 Laps,1.0,0.0
4584,1027,2019-10-27,2019,18,Mexican Grand Prix,4,817,807,8,10,Finished,+1 Lap,1.0,0.0
4585,1027,2019-10-27,2019,18,Mexican Grand Prix,5,842,826,9,11,+1 Lap,+1 Lap,1.0,0.0
4586,1027,2019-10-27,2019,18,Mexican Grand Prix,6,20,844,2,4,Finished,Finished,1.0,0.0
4587,1027,2019-10-27,2019,18,Mexican Grand Prix,9,848,830,5,6,Finished,Finished,1.0,0.0
4588,1027,2019-10-27,2019,18,Mexican Grand Prix,131,1,822,1,3,Finished,Finished,1.0,0.0
4589,1027,2019-10-27,2019,18,Mexican Grand Prix,210,825,154,15,17,+2 Laps,+2 Laps,1.0,0.0
4590,1027,2019-10-27,2019,18,Mexican Grand Prix,211,815,840,7,12,Finished,+1 Lap,1.0,0.0
4591,1028,2019-11-03,2019,19,United States Grand Prix,1,846,832,7,8,Finished,+1 Lap,1.0,0.0
4592,1028,2019-11-03,2019,19,United States Grand Prix,4,817,807,6,9,Finished,+1 Lap,1.0,0.0
4593,1028,2019-11-03,2019,19,United States Grand Prix,9,830,848,3,5,Finished,Finished,1.0,0.0
4594,1028,2019-11-03,2019,19,United States Grand Prix,51,8,841,11,14,+1 Lap,+1 Lap,1.0,0.0
4595,1028,2019-11-03,2019,19,United States Grand Prix,131,822,1,1,2,Finished,Finished,1.0,0.0
4596,1028,2019-11-03,2019,19,United States Grand Prix,211,815,840,10,13,+1 Lap,+1 Lap,1.0,0.0
4597,1029,2019-11-17,2019,20,Brazilian Grand Prix,1,832,846,3,8,Finished,Finished,1.0,0.0
4598,1029,2019-11-17,2019,20,Brazilian Grand Prix,3,847,9,12,16,Finished,+1 Lap,1.0,0.0
4599,1029,2019-11-17,2019,20,Brazilian Grand Prix,4,817,807,6,15,Finished,Finished,1.0,0.0
4600,1029,2019-11-17,2019,20,Brazilian Grand Prix,5,842,826,2,10,Finished,Finished,1.0,0.0
4601,1029,2019-11-17,2019,20,Brazilian Grand Prix,9,830,848,1,14,Finished,Finished,1.0,0.0
4602,1029,2019-11-17,2019,20,Brazilian Grand Prix,51,8,841,4,5,Finished,Finished,1.0,0.0
4603,1029,2019-11-17,2019,20,Brazilian Grand Prix,210,825,154,11,13,Finished,Finished,1.0,0.0
4604,1030,2019-12-01,2019,21,Abu Dhabi Grand Prix,1,846,832,8,10,+1 Lap,+1 Lap,1.0,0.0
4605,1030,2019-12-01,2019,21,Abu Dhabi Grand Prix,3,847,9,17,19,+1 Lap,+2 Laps,1.0,0.0
4606,1030,2019-12-01,2019,21,Abu Dhabi Grand Prix,4,817,807,11,12,+1 Lap,+1 Lap,1.0,0.0
4607,1030,2019-12-01,2019,21,Abu Dhabi Grand Prix,5,826,842,9,18,+1 Lap,+2 Laps,1.0,0.0
4608,1030,2019-12-01,2019,21,Abu Dhabi Grand Prix,6,844,20,3,5,Finished,Finished,1.0,0.0
4609,1030,2019-12-01,2019,21,Abu Dhabi Grand Prix,9,830,848,2,6,Finished,Finished,1.0,0.0
4610,1030,2019-12-01,2019,21,Abu Dhabi Grand Prix,51,8,841,13,16,+1 Lap,+1 Lap,1.0,0.0
4611,1030,2019-12-01,2019,21,Abu Dhabi Grand Prix,131,1,822,1,4,Finished,Finished,1.0,0.0
4612,1030,2019-12-01,2019,21,Abu Dhabi Grand Prix,210,825,154,14,15,+1 Lap,+1 Lap,1.0,0.0
4613,1031,2020-07-05,2020,1,Austrian Grand Prix,1,846,832,3,5,Finished,Finished,1.0,0.0
4614,1031,2020-07-05,2020,1,Austrian Grand Prix,6,844,20,2,10,Finished,Finished,1.0,0.0
4615,1031,2020-07-05,2020,1,Austrian Grand Prix,131,822,1,1,4,Finished,Finished,1.0,0.0
4616,1032,2020-07-12,2020,2,Styrian Grand Prix,1,846,832,5,9,Finished,+1 Lap,1.0,0.0
4617,1032,2020-07-12,2020,2,Styrian Grand Prix,3,847,849,16,17,+2 Laps,+2 Laps,1.0,0.0
4618,1032,2020-07-12,2020,2,Styrian Grand Prix,9,830,848,3,4,Finished,Finished,1.0,0.0
4619,1032,2020-07-12,2020,2,Styrian Grand Prix,51,8,841,11,14,+1 Lap,+1 Lap,1.0,0.0
4620,1032,2020-07-12,2020,2,Styrian Grand Prix,131,1,822,1,2,Finished,Finished,1.0,0.0
4621,1032,2020-07-12,2020,2,Styrian Grand Prix,210,825,154,12,13,+1 Lap,+1 Lap,1.0,0.0
4622,1032,2020-07-12,2020,2,Styrian Grand Prix,211,815,840,6,7,Finished,Finished,1.0,0.0
4623,1032,2020-07-12,2020,2,Styrian Grand Prix,213,826,842,10,15,+1 Lap,+1 Lap,1.0,0.0
4624,1033,2020-07-19,2020,3,Hungarian Grand Prix,1,832,846,9,13,+1 Lap,+1 Lap,1.0,0.0
4625,1033,2020-07-19,2020,3,Hungarian Grand Prix,3,847,849,18,19,+1 Lap,+5 Laps,1.0,0.0
4626,1033,2020-07-19,2020,3,Hungarian Grand Prix,4,817,839,8,14,+1 Lap,+1 Lap,1.0,0.0
4627,1033,2020-07-19,2020,3,Hungarian Grand Prix,6,20,844,6,11,+1 Lap,+1 Lap,1.0,0.0
4628,1033,2020-07-19,2020,3,Hungarian Grand Prix,9,830,848,2,5,Finished,Finished,1.0,0.0
4629,1033,2020-07-19,2020,3,Hungarian Grand Prix,51,8,841,15,17,+1 Lap,+1 Lap,1.0,0.0
4630,1033,2020-07-19,2020,3,Hungarian Grand Prix,131,1,822,1,3,Finished,Finished,1.0,0.0
4631,1033,2020-07-19,2020,3,Hungarian Grand Prix,210,825,154,10,16,+1 Lap,+1 Lap,1.0,0.0
4632,1033,2020-07-19,2020,3,Hungarian Grand Prix,211,840,815,4,7,Finished,+1 Lap,1.0,0.0
4633,1034,2020-08-02,2020,4,British Grand Prix,1,846,832,5,13,Finished,Finished,1.0,0.0
4634,1034,2020-08-02,2020,4,British Grand Prix,3,847,849,12,15,Finished,Finished,1.0,0.0
4635,1034,2020-08-02,2020,4,British Grand Prix,4,817,839,4,6,Finished,Finished,1.0,0.0
4636,1034,2020-08-02,2020,4,British Grand Prix,6,844,20,3,10,Finished,Finished,1.0,0.0
4637,1034,2020-08-02,2020,4,British Grand Prix,9,830,848,2,8,Finished,Finished,1.0,0.0
4638,1034,2020-08-02,2020,4,British Grand Prix,51,841,8,14,17,Finished,+1 Lap,1.0,0.0
4639,1034,2020-08-02,2020,4,British Grand Prix,131,1,822,1,11,Finished,Finished,1.0,0.0
4640,1035,2020-08-09,2020,5,70th Anniversary Grand Prix,1,846,832,9,13,Finished,Finished,1.0,0.0
4641,1035,2020-08-09,2020,5,70th Anniversary Grand Prix,3,847,849,18,19,+1 Lap,+1 Lap,1.0,0.0
4642,1035,2020-08-09,2020,5,70th Anniversary Grand Prix,4,839,817,8,14,Finished,+1 Lap,1.0,0.0
4643,1035,2020-08-09,2020,5,70th Anniversary Grand Prix,6,844,20,4,12,Finished,Finished,1.0,0.0
4644,1035,2020-08-09,2020,5,70th Anniversary Grand Prix,9,830,848,1,5,Finished,Finished,1.0,0.0
4645,1035,2020-08-09,2020,5,70th Anniversary Grand Prix,51,8,841,15,17,+1 Lap,+1 Lap,1.0,0.0
4646,1035,2020-08-09,2020,5,70th Anniversary Grand Prix,131,1,822,2,3,Finished,Finished,1.0,0.0
4647,1035,2020-08-09,2020,5,70th Anniversary Grand Prix,211,840,807,6,7,Finished,Finished,1.0,0.0
4648,1035,2020-08-09,2020,5,70th Anniversary Grand Prix,213,826,842,10,11,Finished,Finished,1.0,0.0
4649,1036,2020-08-16,2020,6,Spanish Grand Prix,1,832,846,6,10,+1 Lap,+1 Lap,1.0,0.0
4650,1036,2020-08-16,2020,6,Spanish Grand Prix,3,847,849,17,18,+1 Lap,+2 Laps,1.0,0.0
4651,1036,2020-08-16,2020,6,Spanish Grand Prix,4,817,839,11,13,+1 Lap,+1 Lap,1.0,0.0
4652,1036,2020-08-16,2020,6,Spanish Grand Prix,9,830,848,2,8,Finished,+1 Lap,1.0,0.0
4653,1036,2020-08-16,2020,6,Spanish Grand Prix,51,8,841,14,16,+1 Lap,+1 Lap,1.0,0.0
4654,1036,2020-08-16,2020,6,Spanish Grand Prix,131,1,822,1,3,Finished,Finished,1.0,0.0
4655,1036,2020-08-16,2020,6,Spanish Grand Prix,210,825,154,15,19,+1 Lap,+2 Laps,1.0,0.0
4656,1036,2020-08-16,2020,6,Spanish Grand Prix,211,840,815,4,5,+1 Lap,+1 Lap,1.0,0.0
4657,1036,2020-08-16,2020,6,Spanish Grand Prix,213,842,826,9,12,+1 Lap,+1 Lap,1.0,0.0
4658,1037,2020-08-30,2020,7,Belgian Grand Prix,4,817,839,4,5,Finished,Finished,1.0,0.0
4659,1037,2020-08-30,2020,7,Belgian Grand Prix,6,20,844,13,14,Finished,Finished,1.0,0.0
4660,1037,2020-08-30,2020,7,Belgian Grand Prix,9,830,848,3,6,Finished,Finished,1.0,0.0
4661,1037,2020-08-30,2020,7,Belgian Grand Prix,131,1,822,1,2,Finished,Finished,1.0,0.0
4662,1037,2020-08-30,2020,7,Belgian Grand Prix,210,154,825,15,17,Finished,Finished,1.0,0.0
4663,1037,2020-08-30,2020,7,Belgian Grand Prix,211,840,815,9,10,Finished,Finished,1.0,0.0
4664,1037,2020-08-30,2020,7,Belgian Grand Prix,213,842,826,8,11,Finished,Finished,1.0,0.0
4665,1038,2020-09-06,2020,8,Italian Grand Prix,1,832,846,2,4,Finished,Finished,1.0,0.0
4666,1038,2020-09-06,2020,8,Italian Grand Prix,3,849,847,11,14,Finished,Finished,1.0,0.0
4667,1038,2020-09-06,2020,8,Italian Grand Prix,4,817,839,6,8,Finished,Finished,1.0,0.0
4668,1038,2020-09-06,2020,8,Italian Grand Prix,51,8,841,13,16,Finished,Finished,1.0,0.0
4669,1038,2020-09-06,2020,8,Italian Grand Prix,131,822,1,5,7,Finished,Finished,1.0,0.0
4670,1038,2020-09-06,2020,8,Italian Grand Prix,211,840,815,3,10,Finished,Finished,1.0,0.0
4671,1038,2020-09-06,2020,8,Italian Grand Prix,213,842,826,1,9,Finished,Finished,1.0,0.0
4672,1039,2020-09-13,2020,9,Tuscan Grand Prix,6,844,20,8,10,Finished,Finished,1.0,0.0
4673,1039,2020-09-13,2020,9,Tuscan Grand Prix,131,1,822,1,2,Finished,Finished,1.0,0.0
4674,1040,2020-09-27,2020,10,Russian Grand Prix,3,849,847,16,18,+1 Lap,+1 Lap,1.0,0.0
4675,1040,2020-09-27,2020,10,Russian Grand Prix,4,817,839,5,7,Finished,Finished,1.0,0.0
4676,1040,2020-09-27,2020,10,Russian Grand Prix,6,844,20,6,13,Finished,+1 Lap,1.0,0.0
4677,1040,2020-09-27,2020,10,Russian Grand Prix,9,830,848,2,10,Finished,Finished,1.0,0.0
4678,1040,2020-09-27,2020,10,Russian Grand Prix,51,841,8,11,14,+1 Lap,+1 Lap,1.0,0.0
4679,1040,2020-09-27,2020,10,Russian Grand Prix,131,822,1,1,3,Finished,Finished,1.0,0.0
4680,1040,2020-09-27,2020,10,Russian Grand Prix,210,825,154,12,17,+1 Lap,+1 Lap,1.0,0.0
4681,1040,2020-09-27,2020,10,Russian Grand Prix,213,826,842,8,9,Finished,Finished,1.0,0.0
4682,1041,2020-10-11,2020,11,Eifel Grand Prix,6,844,20,7,11,Finished,Finished,1.0,0.0
4683,1041,2020-10-11,2020,11,Eifel Grand Prix,51,841,8,10,12,Finished,Finished,1.0,0.0
4684,1041,2020-10-11,2020,11,Eifel Grand Prix,210,154,825,9,13,Finished,Finished,1.0,0.0
4685,1041,2020-10-11,2020,11,Eifel Grand Prix,211,815,807,4,8,Finished,Finished,1.0,0.0
4686,1041,2020-10-11,2020,11,Eifel Grand Prix,213,842,826,6,15,Finished,Finished,1.0,0.0
4687,1042,2020-10-25,2020,12,Portuguese Grand Prix,1,832,846,6,13,+1 Lap,+1 Lap,1.0,0.0
4688,1042,2020-10-25,2020,12,Portuguese Grand Prix,3,847,849,14,18,+1 Lap,+2 Laps,1.0,0.0
4689,1042,2020-10-25,2020,12,Portuguese Grand Prix,4,839,817,8,9,+1 Lap,+1 Lap,1.0,0.0
4690,1042,2020-10-25,2020,12,Portuguese Grand Prix,6,844,20,4,10,Finished,+1 Lap,1.0,0.0
4691,1042,2020-10-25,2020,12,Portuguese Grand Prix,9,830,848,3,12,Finished,+1 Lap,1.0,0.0
4692,1042,2020-10-25,2020,12,Portuguese Grand Prix,51,8,841,11,15,+1 Lap,+1 Lap,1.0,0.0
4693,1042,2020-10-25,2020,12,Portuguese Grand Prix,131,1,822,1,2,Finished,Finished,1.0,0.0
4694,1042,2020-10-25,2020,12,Portuguese Grand Prix,210,825,154,16,17,+1 Lap,+1 Lap,1.0,0.0
4695,1042,2020-10-25,2020,12,Portuguese Grand Prix,213,842,826,5,19,+1 Lap,+2 Laps,1.0,0.0
4696,1043,2020-11-01,2020,13,Emilia Romagna Grand Prix,1,832,846,7,8,Finished,Finished,1.0,0.0
4697,1043,2020-11-01,2020,13,Emilia Romagna Grand Prix,6,844,20,5,12,Finished,Finished,1.0,0.0
4698,1043,2020-11-01,2020,13,Emilia Romagna Grand Prix,51,8,841,9,10,Finished,Finished,1.0,0.0
4699,1043,2020-11-01,2020,13,Emilia Romagna Grand Prix,131,1,822,1,2,Finished,Finished,1.0,0.0
4700,1043,2020-11-01,2020,13,Emilia Romagna Grand Prix,211,815,840,6,13,Finished,Finished,1.0,0.0
4701,1044,2020-11-15,2020,14,Turkish Grand Prix,1,832,846,5,8,Finished,Finished,1.0,0.0
4702,1044,2020-11-15,2020,14,Turkish Grand Prix,4,817,839,10,11,Finished,+1 Lap,1.0,0.0
4703,1044,2020-11-15,2020,14,Turkish Grand Prix,6,20,844,3,4,Finished,Finished,1.0,0.0
4704,1044,2020-11-15,2020,14,Turkish Grand Prix,9,830,848,6,7,Finished,Finished,1.0,0.0
4705,1044,2020-11-15,2020,14,Turkish Grand Prix,131,1,822,1,14,Finished,+1 Lap,1.0,0.0
4706,1044,2020-11-15,2020,14,Turkish Grand Prix,211,815,840,2,9,Finished,Finished,1.0,0.0
4707,1044,2020-11-15,2020,14,Turkish Grand Prix,213,826,842,12,13,+1 Lap,+1 Lap,1.0,0.0
4708,1045,2020-11-29,2020,15,Bahrain Grand Prix,1,846,832,4,5,Finished,Finished,1.0,0.0
4709,1045,2020-11-29,2020,15,Bahrain Grand Prix,3,847,849,12,14,+1 Lap,+1 Lap,1.0,0.0
4710,1045,2020-11-29,2020,15,Bahrain Grand Prix,4,817,839,7,9,Finished,Finished,1.0,0.0
4711,1045,2020-11-29,2020,15,Bahrain Grand Prix,6,844,20,10,13,+1 Lap,+1 Lap,1.0,0.0
4712,1045,2020-11-29,2020,15,Bahrain Grand Prix,9,830,848,2,3,Finished,Finished,1.0,0.0
4713,1045,2020-11-29,2020,15,Bahrain Grand Prix,51,8,841,15,16,+1 Lap,+1 Lap,1.0,0.0
4714,1045,2020-11-29,2020,15,Bahrain Grand Prix,131,1,822,1,8,Finished,Finished,1.0,0.0
4715,1045,2020-11-29,2020,15,Bahrain Grand Prix,213,842,826,6,11,Finished,+1 Lap,1.0,0.0
4716,1046,2020-12-06,2020,16,Sakhir Grand Prix,1,832,846,4,10,Finished,Finished,1.0,0.0
4717,1046,2020-12-06,2020,16,Sakhir Grand Prix,4,839,817,2,5,Finished,Finished,1.0,0.0
4718,1046,2020-12-06,2020,16,Sakhir Grand Prix,51,841,8,13,14,Finished,Finished,1.0,0.0
4719,1046,2020-12-06,2020,16,Sakhir Grand Prix,131,822,847,8,9,Finished,Finished,1.0,0.0
4720,1046,2020-12-06,2020,16,Sakhir Grand Prix,210,825,850,15,17,Finished,Finished,1.0,0.0
4721,1046,2020-12-06,2020,16,Sakhir Grand Prix,211,815,840,1,3,Finished,Finished,1.0,0.0
4722,1046,2020-12-06,2020,16,Sakhir Grand Prix,213,826,842,7,11,Finished,Finished,1.0,0.0
4723,1047,2020-12-13,2020,17,Abu Dhabi Grand Prix,1,846,832,5,6,Finished,Finished,1.0,0.0
4724,1047,2020-12-13,2020,17,Abu Dhabi Grand Prix,3,847,849,15,17,+1 Lap,+1 Lap,1.0,0.0
4725,1047,2020-12-13,2020,17,Abu Dhabi Grand Prix,4,817,839,7,9,Finished,Finished,1.0,0.0
4726,1047,2020-12-13,2020,17,Abu Dhabi Grand Prix,6,844,20,13,14,+1 Lap,+1 Lap,1.0,0.0
4727,1047,2020-12-13,2020,17,Abu Dhabi Grand Prix,9,830,848,1,4,Finished,Finished,1.0,0.0
4728,1047,2020-12-13,2020,17,Abu Dhabi Grand Prix,51,8,841,12,16,+1 Lap,+1 Lap,1.0,0.0
4729,1047,2020-12-13,2020,17,Abu Dhabi Grand Prix,131,822,1,2,3,Finished,Finished,1.0,0.0
4730,1047,2020-12-13,2020,17,Abu Dhabi Grand Prix,210,825,850,18,19,+1 Lap,+2 Laps,1.0,0.0
4731,1047,2020-12-13,2020,17,Abu Dhabi Grand Prix,213,842,826,8,11,Finished,+1 Lap,1.0,0.0
4732,1052,2021-03-28,2021,1,Bahrain Grand Prix,1,846,817,4,7,Finished,Finished,1.0,0.0
4733,1052,2021-03-28,2021,1,Bahrain Grand Prix,6,844,832,6,8,Finished,Finished,1.0,0.0
4734,1052,2021-03-28,2021,1,Bahrain Grand Prix,9,830,815,2,5,Finished,Finished,1.0,0.0
4735,1052,2021-03-28,2021,1,Bahrain Grand Prix,51,8,841,11,12,Finished,+1 Lap,1.0,0.0
4736,1052,2021-03-28,2021,1,Bahrain Grand Prix,117,840,20,10,15,Finished,+1 Lap,1.0,0.0
4737,1052,2021-03-28,2021,1,Bahrain Grand Prix,131,1,822,1,3,Finished,Finished,1.0,0.0
4738,1053,2021-04-18,2021,2,Emilia Romagna Grand Prix,1,846,817,3,6,Finished,Finished,1.0,0.0
4739,1053,2021-04-18,2021,2,Emilia Romagna Grand Prix,6,844,832,4,5,Finished,Finished,1.0,0.0
4740,1053,2021-04-18,2021,2,Emilia Romagna Grand Prix,9,830,815,1,11,Finished,Finished,1.0,0.0
4741,1053,2021-04-18,2021,2,Emilia Romagna Grand Prix,51,8,841,13,14,Finished,+1 Lap,1.0,0.0
4742,1053,2021-04-18,2021,2,Emilia Romagna Grand Prix,210,854,853,16,17,+2 Laps,+2 Laps,1.0,0.0
4743,1053,2021-04-18,2021,2,Emilia Romagna Grand Prix,213,842,852,7,12,Finished,Finished,1.0,0.0
4744,1053,2021-04-18,2021,2,Emilia Romagna Grand Prix,214,839,4,9,10,Finished,Finished,1.0,0.0
4745,1054,2021-05-02,2021,3,Portuguese Grand Prix,1,846,817,5,9,Finished,Finished,1.0,0.0
4746,1054,2021-05-02,2021,3,Portuguese Grand Prix,3,847,849,16,18,+1 Lap,+2 Laps,1.0,0.0
4747,1054,2021-05-02,2021,3,Portuguese Grand Prix,6,844,832,6,11,Finished,Finished,1.0,0.0
4748,1054,2021-05-02,2021,3,Portuguese Grand Prix,9,830,815,2,4,Finished,Finished,1.0,0.0
4749,1054,2021-05-02,2021,3,Portuguese Grand Prix,117,20,840,13,14,+1 Lap,+1 Lap,1.0,0.0
4750,1054,2021-05-02,2021,3,Portuguese Grand Prix,131,1,822,1,3,Finished,Finished,1.0,0.0
4751,1054,2021-05-02,2021,3,Portuguese Grand Prix,210,854,853,17,19,+2 Laps,+2 Laps,1.0,0.0
4752,1054,2021-05-02,2021,3,Portuguese Grand Prix,213,842,852,10,15,Finished,+1 Lap,1.0,0.0
4753,1054,2021-05-02,2021,3,Portuguese Grand Prix,214,839,4,7,8,Finished,Finished,1.0,0.0
4754,1055,2021-05-09,2021,4,Spanish Grand Prix,1,817,846,6,8,Finished,+1 Lap,1.0,0.0
4755,1055,2021-05-09,2021,4,Spanish Grand Prix,3,847,849,14,16,+1 Lap,+1 Lap,1.0,0.0
4756,1055,2021-05-09,2021,4,Spanish Grand Prix,6,844,832,4,7,Finished,Finished,1.0,0.0
4757,1055,2021-05-09,2021,4,Spanish Grand Prix,9,830,815,2,5,Finished,Finished,1.0,0.0
4758,1055,2021-05-09,2021,4,Spanish Grand Prix,51,8,841,12,15,+1 Lap,+1 Lap,1.0,0.0
4759,1055,2021-05-09,2021,4,Spanish Grand Prix,117,840,20,11,13,+1 Lap,+1 Lap,1.0,0.0
4760,1055,2021-05-09,2021,4,Spanish Grand Prix,131,1,822,1,3,Finished,Finished,1.0,0.0
4761,1055,2021-05-09,2021,4,Spanish Grand Prix,210,854,853,18,19,+2 Laps,+2 Laps,1.0,0.0
4762,1055,2021-05-09,2021,4,Spanish Grand Prix,214,839,4,9,17,+1 Lap,+1 Lap,1.0,0.0
4763,1056,2021-05-23,2021,5,Monaco Grand Prix,1,846,817,3,12,Finished,+1 Lap,1.0,0.0
4764,1056,2021-05-23,2021,5,Monaco Grand Prix,3,847,849,14,15,+1 Lap,+1 Lap,1.0,0.0
4765,1056,2021-05-23,2021,5,Monaco Grand Prix,9,830,815,1,4,Finished,Finished,1.0,0.0
4766,1056,2021-05-23,2021,5,Monaco Grand Prix,51,841,8,10,11,+1 Lap,+1 Lap,1.0,0.0
4767,1056,2021-05-23,2021,5,Monaco Grand Prix,117,20,840,5,8,Finished,+1 Lap,1.0,0.0
4768,1056,2021-05-23,2021,5,Monaco Grand Prix,210,853,854,17,18,+3 Laps,+3 Laps,1.0,0.0
4769,1056,2021-05-23,2021,5,Monaco Grand Prix,213,842,852,6,16,Finished,+1 Lap,1.0,0.0
4770,1056,2021-05-23,2021,5,Monaco Grand Prix,214,839,4,9,13,+1 Lap,+1 Lap,1.0,0.0
4771,1057,2021-06-06,2021,6,Azerbaijan Grand Prix,1,846,817,5,9,Finished,Finished,1.0,0.0
4772,1057,2021-06-06,2021,6,Azerbaijan Grand Prix,6,844,832,4,8,Finished,Finished,1.0,0.0
4773,1057,2021-06-06,2021,6,Azerbaijan Grand Prix,51,8,841,10,11,Finished,Finished,1.0,0.0
4774,1057,2021-06-06,2021,6,Azerbaijan Grand Prix,131,822,1,12,15,Finished,Finished,1.0,0.0
4775,1057,2021-06-06,2021,6,Azerbaijan Grand Prix,210,854,853,13,14,Finished,Finished,1.0,0.0
4776,1057,2021-06-06,2021,6,Azerbaijan Grand Prix,213,842,852,3,7,Finished,Finished,1.0,0.0
4777,1059,2021-06-20,2021,7,French Grand Prix,1,846,817,5,6,Finished,Finished,1.0,0.0
4778,1059,2021-06-20,2021,7,French Grand Prix,3,847,849,12,18,+1 Lap,+1 Lap,1.0,0.0
4779,1059,2021-06-20,2021,7,French Grand Prix,6,832,844,11,16,Finished,+1 Lap,1.0,0.0
4780,1059,2021-06-20,2021,7,French Grand Prix,9,830,815,1,3,Finished,Finished,1.0,0.0
4781,1059,2021-06-20,2021,7,French Grand Prix,51,841,8,15,17,+1 Lap,+1 Lap,1.0,0.0
4782,1059,2021-06-20,2021,7,French Grand Prix,117,20,840,9,10,Finished,Finished,1.0,0.0
4783,1059,2021-06-20,2021,7,French Grand Prix,131,1,822,2,4,Finished,Finished,1.0,0.0
4784,1059,2021-06-20,2021,7,French Grand Prix,210,854,853,19,20,+1 Lap,+1 Lap,1.0,0.0
4785,1059,2021-06-20,2021,7,French Grand Prix,213,842,852,7,13,Finished,+1 Lap,1.0,0.0
4786,1059,2021-06-20,2021,7,French Grand Prix,214,4,839,8,14,Finished,+1 Lap,1.0,0.0
4787,1058,2021-06-27,2021,8,Styrian Grand Prix,1,846,817,5,13,+1 Lap,+1 Lap,1.0,0.0
4788,1058,2021-06-27,2021,8,Styrian Grand Prix,6,832,844,6,7,+1 Lap,+1 Lap,1.0,0.0
4789,1058,2021-06-27,2021,8,Styrian Grand Prix,9,830,815,1,4,Finished,Finished,1.0,0.0
4790,1058,2021-06-27,2021,8,Styrian Grand Prix,51,8,841,11,15,+1 Lap,+1 Lap,1.0,0.0
4791,1058,2021-06-27,2021,8,Styrian Grand Prix,117,840,20,8,12,+1 Lap,+1 Lap,1.0,0.0
4792,1058,2021-06-27,2021,8,Styrian Grand Prix,131,1,822,2,3,Finished,Finished,1.0,0.0
4793,1058,2021-06-27,2021,8,Styrian Grand Prix,210,854,853,16,18,+2 Laps,+3 Laps,1.0,0.0
4794,1058,2021-06-27,2021,8,Styrian Grand Prix,214,4,839,9,14,+1 Lap,+1 Lap,1.0,0.0
4795,1060,2021-07-04,2021,9,Austrian Grand Prix,1,846,817,3,7,Finished,Finished,1.0,0.0
4796,1060,2021-07-04,2021,9,Austrian Grand Prix,3,847,849,11,16,+1 Lap,+1 Lap,1.0,0.0
4797,1060,2021-07-04,2021,9,Austrian Grand Prix,6,832,844,5,8,Finished,Finished,1.0,0.0
4798,1060,2021-07-04,2021,9,Austrian Grand Prix,9,830,815,1,6,Finished,Finished,1.0,0.0
4799,1060,2021-07-04,2021,9,Austrian Grand Prix,51,841,8,14,15,+1 Lap,+1 Lap,1.0,0.0
4800,1060,2021-07-04,2021,9,Austrian Grand Prix,131,822,1,2,4,Finished,Finished,1.0,0.0
4801,1060,2021-07-04,2021,9,Austrian Grand Prix,210,854,853,18,19,+2 Laps,+2 Laps,1.0,0.0
4802,1060,2021-07-04,2021,9,Austrian Grand Prix,213,842,852,9,12,Finished,+1 Lap,1.0,0.0
4803,1061,2021-07-18,2021,10,British Grand Prix,1,846,817,4,5,Finished,Finished,1.0,0.0
4804,1061,2021-07-18,2021,10,British Grand Prix,3,847,849,12,14,+1 Lap,+1 Lap,1.0,0.0
4805,1061,2021-07-18,2021,10,British Grand Prix,6,844,832,2,6,Finished,Finished,1.0,0.0
4806,1061,2021-07-18,2021,10,British Grand Prix,51,841,8,13,15,+1 Lap,+1 Lap,1.0,0.0
4807,1061,2021-07-18,2021,10,British Grand Prix,131,1,822,1,3,Finished,Finished,1.0,0.0
4808,1061,2021-07-18,2021,10,British Grand Prix,210,853,854,17,18,+1 Lap,+1 Lap,1.0,0.0
4809,1061,2021-07-18,2021,10,British Grand Prix,213,852,842,10,11,Finished,Finished,1.0,0.0
4810,1061,2021-07-18,2021,10,British Grand Prix,214,4,839,7,9,Finished,Finished,1.0,0.0
4811,1062,2021-08-01,2021,11,Hungarian Grand Prix,3,849,847,7,8,Finished,Finished,1.0,0.0
4812,1062,2021-08-01,2021,11,Hungarian Grand Prix,51,8,841,10,13,+1 Lap,+1 Lap,1.0,0.0
4813,1062,2021-08-01,2021,11,Hungarian Grand Prix,213,842,852,5,6,Finished,Finished,1.0,0.0
4814,1062,2021-08-01,2021,11,Hungarian Grand Prix,214,839,4,1,4,Finished,Finished,1.0,0.0
4815,1063,2021-08-29,2021,12,Belgian Grand Prix,1,817,846,4,14,Finished,Finished,1.0,0.0
4816,1063,2021-08-29,2021,12,Belgian Grand Prix,3,847,849,2,9,Finished,Finished,1.0,0.0
4817,1063,2021-08-29,2021,12,Belgian Grand Prix,6,844,832,8,10,Finished,Finished,1.0,0.0
4818,1063,2021-08-29,2021,12,Belgian Grand Prix,9,830,815,1,19,Finished,Finished,1.0,0.0
4819,1063,2021-08-29,2021,12,Belgian Grand Prix,51,841,8,13,18,Finished,Finished,1.0,0.0
4820,1063,2021-08-29,2021,12,Belgian Grand Prix,117,20,840,5,20,Finished,Finished,1.0,0.0
4821,1063,2021-08-29,2021,12,Belgian Grand Prix,131,1,822,3,12,Finished,Finished,1.0,0.0
4822,1063,2021-08-29,2021,12,Belgian Grand Prix,210,854,853,16,17,Finished,Finished,1.0,0.0
4823,1063,2021-08-29,2021,12,Belgian Grand Prix,213,842,852,6,15,Finished,Finished,1.0,0.0
4824,1063,2021-08-29,2021,12,Belgian Grand Prix,214,839,4,7,11,Finished,Finished,1.0,0.0
4825,1064,2021-09-05,2021,13,Dutch Grand Prix,1,846,817,10,11,+1 Lap,+1 Lap,1.0,0.0
4826,1064,2021-09-05,2021,13,Dutch Grand Prix,6,844,832,5,7,+1 Lap,+1 Lap,1.0,0.0
4827,1064,2021-09-05,2021,13,Dutch Grand Prix,9,830,815,1,8,Finished,+1 Lap,1.0,0.0
4828,1064,2021-09-05,2021,13,Dutch Grand Prix,51,841,9,14,15,+2 Laps,+2 Laps,1.0,0.0
4829,1064,2021-09-05,2021,13,Dutch Grand Prix,117,840,20,12,13,+2 Laps,+2 Laps,1.0,0.0
4830,1064,2021-09-05,2021,13,Dutch Grand Prix,131,1,822,2,3,Finished,Finished,1.0,0.0
4831,1064,2021-09-05,2021,13,Dutch Grand Prix,214,4,839,6,9,+1 Lap,+1 Lap,1.0,0.0
4832,1065,2021-09-12,2021,14,Italian Grand Prix,1,817,846,1,2,Finished,Finished,1.0,0.0
4833,1065,2021-09-12,2021,14,Italian Grand Prix,3,847,849,9,11,Finished,Finished,1.0,0.0
4834,1065,2021-09-12,2021,14,Italian Grand Prix,6,844,832,4,6,Finished,Finished,1.0,0.0
4835,1065,2021-09-12,2021,14,Italian Grand Prix,51,841,9,13,14,Finished,Finished,1.0,0.0
4836,1065,2021-09-12,2021,14,Italian Grand Prix,117,840,20,7,12,Finished,Finished,1.0,0.0
4837,1065,2021-09-12,2021,14,Italian Grand Prix,214,4,839,8,10,Finished,Finished,1.0,0.0
4838,1066,2021-09-26,2021,15,Russian Grand Prix,1,817,846,4,7,Finished,Finished,1.0,0.0
4839,1066,2021-09-26,2021,15,Russian Grand Prix,6,832,844,3,15,Finished,+1 Lap,1.0,0.0
4840,1066,2021-09-26,2021,15,Russian Grand Prix,9,830,815,2,9,Finished,Finished,1.0,0.0
4841,1066,2021-09-26,2021,15,Russian Grand Prix,51,8,841,8,16,Finished,+1 Lap,1.0,0.0
4842,1066,2021-09-26,2021,15,Russian Grand Prix,117,840,20,11,12,Finished,+1 Lap,1.0,0.0
4843,1066,2021-09-26,2021,15,Russian Grand Prix,131,1,822,1,5,Finished,Finished,1.0,0.0
4844,1066,2021-09-26,2021,15,Russian Grand Prix,213,842,852,13,17,+1 Lap,+1 Lap,1.0,0.0
4845,1066,2021-09-26,2021,15,Russian Grand Prix,214,4,839,6,14,Finished,+1 Lap,1.0,0.0
4846,1067,2021-10-10,2021,16,Turkish Grand Prix,1,846,817,7,13,Finished,+1 Lap,1.0,0.0
4847,1067,2021-10-10,2021,16,Turkish Grand Prix,3,847,849,15,17,+1 Lap,+1 Lap,1.0,0.0
4848,1067,2021-10-10,2021,16,Turkish Grand Prix,6,844,832,4,8,Finished,Finished,1.0,0.0
4849,1067,2021-10-10,2021,16,Turkish Grand Prix,9,830,815,2,3,Finished,Finished,1.0,0.0
4850,1067,2021-10-10,2021,16,Turkish Grand Prix,51,841,8,11,12,+1 Lap,+1 Lap,1.0,0.0
4851,1067,2021-10-10,2021,16,Turkish Grand Prix,117,840,20,9,18,Finished,+1 Lap,1.0,0.0
4852,1067,2021-10-10,2021,16,Turkish Grand Prix,131,822,1,1,5,Finished,Finished,1.0,0.0
4853,1067,2021-10-10,2021,16,Turkish Grand Prix,210,854,853,19,20,+2 Laps,+2 Laps,1.0,0.0
4854,1067,2021-10-10,2021,16,Turkish Grand Prix,213,842,852,6,14,Finished,+1 Lap,1.0,0.0
4855,1067,2021-10-10,2021,16,Turkish Grand Prix,214,839,4,10,16,+1 Lap,+1 Lap,1.0,0.0
4856,1069,2021-10-24,2021,17,United States Grand Prix,1,817,846,5,8,Finished,Finished,1.0,0.0
4857,1069,2021-10-24,2021,17,United States Grand Prix,3,847,849,14,15,+1 Lap,+1 Lap,1.0,0.0
4858,1069,2021-10-24,2021,17,United States Grand Prix,6,844,832,4,7,Finished,Finished,1.0,0.0
4859,1069,2021-10-24,2021,17,United States Grand Prix,9,830,815,1,3,Finished,Finished,1.0,0.0
4860,1069,2021-10-24,2021,17,United States Grand Prix,51,841,8,11,13,+1 Lap,+1 Lap,1.0,0.0
4861,1069,2021-10-24,2021,17,United States Grand Prix,117,20,840,10,12,+1 Lap,+1 Lap,1.0,0.0
4862,1069,2021-10-24,2021,17,United States Grand Prix,131,1,822,2,6,Finished,Finished,1.0,0.0
4863,1069,2021-10-24,2021,17,United States Grand Prix,210,854,853,16,17,+2 Laps,+2 Laps,1.0,0.0
4864,1070,2021-11-07,2021,18,Mexico City Grand Prix,1,846,817,10,12,+1 Lap,+1 Lap,1.0,0.0
4865,1070,2021-11-07,2021,18,Mexico City Grand Prix,3,847,849,16,17,+2 Laps,+2 Laps,1.0,0.0
4866,1070,2021-11-07,2021,18,Mexico City Grand Prix,6,844,832,5,6,Finished,+1 Lap,1.0,0.0
4867,1070,2021-11-07,2021,18,Mexico City Grand Prix,9,830,815,1,3,Finished,Finished,1.0,0.0
4868,1070,2021-11-07,2021,18,Mexico City Grand Prix,51,8,841,8,11,+1 Lap,+1 Lap,1.0,0.0
4869,1070,2021-11-07,2021,18,Mexico City Grand Prix,117,20,840,7,14,+1 Lap,+2 Laps,1.0,0.0
4870,1070,2021-11-07,2021,18,Mexico City Grand Prix,131,1,822,2,15,Finished,+2 Laps,1.0,0.0
4871,1070,2021-11-07,2021,18,Mexico City Grand Prix,214,4,839,9,13,+1 Lap,+1 Lap,1.0,0.0
4872,1071,2021-11-14,2021,19,São Paulo Grand Prix,3,847,849,13,16,+1 Lap,+1 Lap,1.0,0.0
4873,1071,2021-11-14,2021,19,São Paulo Grand Prix,6,844,832,5,6,Finished,Finished,1.0,0.0
4874,1071,2021-11-14,2021,19,São Paulo Grand Prix,9,830,815,2,4,Finished,Finished,1.0,0.0
4875,1071,2021-11-14,2021,19,São Paulo Grand Prix,51,8,841,12,14,+1 Lap,+1 Lap,1.0,0.0
4876,1071,2021-11-14,2021,19,São Paulo Grand Prix,131,1,822,1,3,Finished,Finished,1.0,0.0
4877,1071,2021-11-14,2021,19,São Paulo Grand Prix,210,853,854,17,18,+2 Laps,+2 Laps,1.0,0.0
4878,1071,2021-11-14,2021,19,São Paulo Grand Prix,213,842,852,7,15,+1 Lap,+1 Lap,1.0,0.0
4879,1071,2021-11-14,2021,19,São Paulo Grand Prix,214,839,4,8,9,+1 Lap,+1 Lap,1.0,0.0
4880,1051,2021-11-21,2021,20,Qatar Grand Prix,1,846,817,9,12,+1 Lap,+1 Lap,1.0,0.0
4881,1051,2021-11-21,2021,20,Qatar Grand Prix,6,832,844,7,8,Finished,Finished,1.0,0.0
4882,1051,2021-11-21,2021,20,Qatar Grand Prix,9,830,815,2,4,Finished,Finished,1.0,0.0
4883,1051,2021-11-21,2021,20,Qatar Grand Prix,51,8,841,14,15,+1 Lap,+1 Lap,1.0,0.0
4884,1051,2021-11-21,2021,20,Qatar Grand Prix,117,840,20,6,10,Finished,+1 Lap,1.0,0.0
4885,1051,2021-11-21,2021,20,Qatar Grand Prix,210,854,853,16,18,+1 Lap,+2 Laps,1.0,0.0
4886,1051,2021-11-21,2021,20,Qatar Grand Prix,213,842,852,11,13,+1 Lap,+1 Lap,1.0,0.0
4887,1051,2021-11-21,2021,20,Qatar Grand Prix,214,4,839,3,5,Finished,Finished,1.0,0.0
4888,1072,2021-12-05,2021,21,Saudi Arabian Grand Prix,1,817,846,5,10,Finished,Finished,1.0,0.0
4889,1072,2021-12-05,2021,21,Saudi Arabian Grand Prix,6,844,832,7,8,Finished,Finished,1.0,0.0
4890,1072,2021-12-05,2021,21,Saudi Arabian Grand Prix,51,841,8,9,15,Finished,+1 Lap,1.0,0.0
4891,1072,2021-12-05,2021,21,Saudi Arabian Grand Prix,131,1,822,1,3,Finished,Finished,1.0,0.0
4892,1072,2021-12-05,2021,21,Saudi Arabian Grand Prix,213,842,852,6,14,Finished,+1 Lap,1.0,0.0
4893,1072,2021-12-05,2021,21,Saudi Arabian Grand Prix,214,839,4,4,13,Finished,+1 Lap,1.0,0.0
4894,1073,2021-12-12,2021,22,Abu Dhabi Grand Prix,1,846,817,7,12,Finished,+1 Lap,1.0,0.0
4895,1073,2021-12-12,2021,22,Abu Dhabi Grand Prix,6,832,844,3,10,Finished,Finished,1.0,0.0
4896,1073,2021-12-12,2021,22,Abu Dhabi Grand Prix,117,20,840,11,13,Finished,+1 Lap,1.0,0.0
4897,1073,2021-12-12,2021,22,Abu Dhabi Grand Prix,131,1,822,2,6,Finished,Finished,1.0,0.0
4898,1073,2021-12-12,2021,22,Abu Dhabi Grand Prix,213,852,842,4,5,Finished,Finished,1.0,0.0
4899,1073,2021-12-12,2021,22,Abu Dhabi Grand Prix,214,4,839,8,9,Finished,Finished,1.0,0.0
4900,1074,2022-03-20,2022,1,Bahrain Grand Prix,1,817,846,14,15,Finished,Finished,1.0,0.0
4901,1074,2022-03-20,2022,1,Bahrain Grand Prix,3,848,849,13,16,Finished,Finished,1.0,0.0
4902,1074,2022-03-20,2022,1,Bahrain Grand Prix,6,844,832,1,2,Finished,Finished,1.0,0.0
4903,1074,2022-03-20,2022,1,Bahrain Grand Prix,51,822,855,6,10,Finished,Finished,1.0,0.0
4904,1074,2022-03-20,2022,1,Bahrain Grand Prix,117,840,807,12,17,Finished,Finished,1.0,0.0
4905,1074,2022-03-20,2022,1,Bahrain Grand Prix,131,1,847,3,4,Finished,Finished,1.0,0.0
4906,1074,2022-03-20,2022,1,Bahrain Grand Prix,210,825,854,5,11,Finished,Finished,1.0,0.0
4907,1074,2022-03-20,2022,1,Bahrain Grand Prix,214,839,4,7,9,Finished,Finished,1.0,0.0
4908,1075,2022-03-27,2022,2,Saudi Arabian Grand Prix,6,844,832,2,3,Finished,Finished,1.0,0.0
4909,1075,2022-03-27,2022,2,Saudi Arabian Grand Prix,9,830,815,1,4,Finished,Finished,1.0,0.0
4910,1075,2022-03-27,2022,2,Saudi Arabian Grand Prix,117,807,840,12,13,Finished,+1 Lap,1.0,0.0
4911,1075,2022-03-27,2022,2,Saudi Arabian Grand Prix,131,847,1,5,10,Finished,Finished,1.0,0.0
4912,1076,2022-04-10,2022,3,Australian Grand Prix,1,846,817,5,6,Finished,Finished,1.0,0.0
4913,1076,2022-04-10,2022,3,Australian Grand Prix,3,848,849,10,16,Finished,+1 Lap,1.0,0.0
4914,1076,2022-04-10,2022,3,Australian Grand Prix,51,822,855,8,11,Finished,Finished,1.0,0.0
4915,1076,2022-04-10,2022,3,Australian Grand Prix,131,847,1,3,4,Finished,Finished,1.0,0.0
4916,1076,2022-04-10,2022,3,Australian Grand Prix,210,854,825,13,14,+1 Lap,+1 Lap,1.0,0.0
4917,1076,2022-04-10,2022,3,Australian Grand Prix,213,842,852,9,15,Finished,+1 Lap,1.0,0.0
4918,1076,2022-04-10,2022,3,Australian Grand Prix,214,839,4,7,17,Finished,+1 Lap,1.0,0.0
4919,1077,2022-04-24,2022,4,Emilia Romagna Grand Prix,1,846,817,3,18,Finished,+1 Lap,1.0,0.0
4920,1077,2022-04-24,2022,4,Emilia Romagna Grand Prix,3,848,849,11,16,+1 Lap,+1 Lap,1.0,0.0
4921,1077,2022-04-24,2022,4,Emilia Romagna Grand Prix,9,830,815,1,2,Finished,Finished,1.0,0.0
4922,1077,2022-04-24,2022,4,Emilia Romagna Grand Prix,51,822,855,5,15,Finished,+1 Lap,1.0,0.0
4923,1077,2022-04-24,2022,4,Emilia Romagna Grand Prix,117,20,840,8,10,Finished,+1 Lap,1.0,0.0
4924,1077,2022-04-24,2022,4,Emilia Romagna Grand Prix,131,847,1,4,13,Finished,+1 Lap,1.0,0.0
4925,1077,2022-04-24,2022,4,Emilia Romagna Grand Prix,210,825,854,9,17,Finished,+1 Lap,1.0,0.0
4926,1077,2022-04-24,2022,4,Emilia Romagna Grand Prix,213,852,842,7,12,Finished,+1 Lap,1.0,0.0
4927,1078,2022-05-08,2022,5,Miami Grand Prix,3,848,849,9,14,Finished,Finished,1.0,0.0
4928,1078,2022-05-08,2022,5,Miami Grand Prix,6,844,832,2,3,Finished,Finished,1.0,0.0
4929,1078,2022-05-08,2022,5,Miami Grand Prix,9,830,815,1,4,Finished,Finished,1.0,0.0
4930,1078,2022-05-08,2022,5,Miami Grand Prix,131,847,1,5,6,Finished,Finished,1.0,0.0
4931,1078,2022-05-08,2022,5,Miami Grand Prix,214,839,4,8,11,Finished,Finished,1.0,0.0
4932,1079,2022-05-22,2022,6,Spanish Grand Prix,1,846,817,8,12,Finished,+1 Lap,1.0,0.0
4933,1079,2022-05-22,2022,6,Spanish Grand Prix,3,849,848,16,18,+2 Laps,+2 Laps,1.0,0.0
4934,1079,2022-05-22,2022,6,Spanish Grand Prix,9,830,815,1,2,Finished,Finished,1.0,0.0
4935,1079,2022-05-22,2022,6,Spanish Grand Prix,117,20,840,11,15,+1 Lap,+1 Lap,1.0,0.0
4936,1079,2022-05-22,2022,6,Spanish Grand Prix,131,847,1,3,5,Finished,Finished,1.0,0.0
4937,1079,2022-05-22,2022,6,Spanish Grand Prix,210,854,825,14,17,+1 Lap,+2 Laps,1.0,0.0
4938,1079,2022-05-22,2022,6,Spanish Grand Prix,213,852,842,10,13,+1 Lap,+1 Lap,1.0,0.0
4939,1079,2022-05-22,2022,6,Spanish Grand Prix,214,839,4,7,9,Finished,+1 Lap,1.0,0.0
4940,1080,2022-05-29,2022,7,Monaco Grand Prix,1,846,817,6,13,Finished,Finished,1.0,0.0
4941,1080,2022-05-29,2022,7,Monaco Grand Prix,6,832,844,2,4,Finished,Finished,1.0,0.0
4942,1080,2022-05-29,2022,7,Monaco Grand Prix,9,815,830,1,3,Finished,Finished,1.0,0.0
4943,1080,2022-05-29,2022,7,Monaco Grand Prix,51,822,855,9,16,Finished,+1 Lap,1.0,0.0
4944,1080,2022-05-29,2022,7,Monaco Grand Prix,117,20,840,10,14,Finished,Finished,1.0,0.0
4945,1080,2022-05-29,2022,7,Monaco Grand Prix,131,847,1,5,8,Finished,Finished,1.0,0.0
4946,1080,2022-05-29,2022,7,Monaco Grand Prix,213,842,852,11,17,Finished,+1 Lap,1.0,0.0
4947,1080,2022-05-29,2022,7,Monaco Grand Prix,214,4,839,7,12,Finished,Finished,1.0,0.0
4948,1081,2022-06-12,2022,8,Azerbaijan Grand Prix,1,817,846,8,9,Finished,Finished,1.0,0.0
4949,1081,2022-06-12,2022,8,Azerbaijan Grand Prix,3,848,849,12,15,+1 Lap,+1 Lap,1.0,0.0
4950,1081,2022-06-12,2022,8,Azerbaijan Grand Prix,9,830,815,1,2,Finished,Finished,1.0,0.0
4951,1081,2022-06-12,2022,8,Azerbaijan Grand Prix,131,847,1,3,4,Finished,Finished,1.0,0.0
4952,1081,2022-06-12,2022,8,Azerbaijan Grand Prix,213,842,852,5,13,Finished,+1 Lap,1.0,0.0
4953,1081,2022-06-12,2022,8,Azerbaijan Grand Prix,214,4,839,7,10,Finished,Finished,1.0,0.0
4954,1082,2022-06-19,2022,9,Canadian Grand Prix,1,817,846,11,15,Finished,Finished,1.0,0.0
4955,1082,2022-06-19,2022,9,Canadian Grand Prix,3,848,849,13,16,Finished,Finished,1.0,0.0
4956,1082,2022-06-19,2022,9,Canadian Grand Prix,6,832,844,2,5,Finished,Finished,1.0,0.0
4957,1082,2022-06-19,2022,9,Canadian Grand Prix,51,822,855,7,8,Finished,Finished,1.0,0.0
4958,1082,2022-06-19,2022,9,Canadian Grand Prix,117,840,20,10,12,Finished,Finished,1.0,0.0
4959,1082,2022-06-19,2022,9,Canadian Grand Prix,131,1,847,3,4,Finished,Finished,1.0,0.0
4960,1082,2022-06-19,2022,9,Canadian Grand Prix,214,839,4,6,9,Finished,Finished,1.0,0.0
4961,1083,2022-07-03,2022,10,British Grand Prix,1,846,817,6,13,Finished,Finished,1.0,0.0
4962,1083,2022-07-03,2022,10,British Grand Prix,6,832,844,1,4,Finished,Finished,1.0,0.0
4963,1083,2022-07-03,2022,10,British Grand Prix,9,815,830,2,7,Finished,Finished,1.0,0.0
4964,1083,2022-07-03,2022,10,British Grand Prix,117,20,840,9,11,Finished,Finished,1.0,0.0
4965,1083,2022-07-03,2022,10,British Grand Prix,210,854,825,8,10,Finished,Finished,1.0,0.0
4966,1084,2022-07-10,2022,11,Austrian Grand Prix,1,846,817,7,9,+1 Lap,+1 Lap,1.0,0.0
4967,1084,2022-07-10,2022,11,Austrian Grand Prix,51,822,855,11,14,+1 Lap,+1 Lap,1.0,0.0
4968,1084,2022-07-10,2022,11,Austrian Grand Prix,117,840,20,13,17,+1 Lap,+1 Lap,1.0,0.0
4969,1084,2022-07-10,2022,11,Austrian Grand Prix,131,1,847,3,4,Finished,Finished,1.0,0.0
4970,1084,2022-07-10,2022,11,Austrian Grand Prix,210,854,825,6,8,+1 Lap,+1 Lap,1.0,0.0
4971,1084,2022-07-10,2022,11,Austrian Grand Prix,213,842,852,15,16,+1 Lap,+1 Lap,1.0,0.0
4972,1084,2022-07-10,2022,11,Austrian Grand Prix,214,839,4,5,10,Finished,+1 Lap,1.0,0.0
4973,1085,2022-07-24,2022,12,French Grand Prix,1,846,817,7,9,Finished,Finished,1.0,0.0
4974,1085,2022-07-24,2022,12,French Grand Prix,9,830,815,1,4,Finished,Finished,1.0,0.0
4975,1085,2022-07-24,2022,12,French Grand Prix,51,822,855,14,16,Finished,+6 Laps,1.0,0.0
4976,1085,2022-07-24,2022,12,French Grand Prix,117,840,20,10,11,Finished,Finished,1.0,0.0
4977,1085,2022-07-24,2022,12,French Grand Prix,131,1,847,2,3,Finished,Finished,1.0,0.0
4978,1085,2022-07-24,2022,12,French Grand Prix,214,4,839,6,8,Finished,Finished,1.0,0.0
4979,1086,2022-07-31,2022,13,Hungarian Grand Prix,1,846,817,7,15,Finished,+1 Lap,1.0,0.0
4980,1086,2022-07-31,2022,13,Hungarian Grand Prix,3,848,849,17,18,+1 Lap,+1 Lap,1.0,0.0
4981,1086,2022-07-31,2022,13,Hungarian Grand Prix,6,832,844,4,6,Finished,Finished,1.0,0.0
4982,1086,2022-07-31,2022,13,Hungarian Grand Prix,9,830,815,1,5,Finished,Finished,1.0,0.0
4983,1086,2022-07-31,2022,13,Hungarian Grand Prix,117,20,840,10,11,+1 Lap,+1 Lap,1.0,0.0
4984,1086,2022-07-31,2022,13,Hungarian Grand Prix,131,1,847,2,3,Finished,Finished,1.0,0.0
4985,1086,2022-07-31,2022,13,Hungarian Grand Prix,210,854,825,14,16,+1 Lap,+1 Lap,1.0,0.0
4986,1086,2022-07-31,2022,13,Hungarian Grand Prix,213,842,852,12,19,+1 Lap,+2 Laps,1.0,0.0
4987,1086,2022-07-31,2022,13,Hungarian Grand Prix,214,4,839,8,9,+1 Lap,+1 Lap,1.0,0.0
4988,1087,2022-08-28,2022,14,Belgian Grand Prix,1,846,817,12,15,Finished,Finished,1.0,0.0
4989,1087,2022-08-28,2022,14,Belgian Grand Prix,3,848,849,10,18,Finished,+1 Lap,1.0,0.0
4990,1087,2022-08-28,2022,14,Belgian Grand Prix,6,832,844,3,6,Finished,Finished,1.0,0.0
4991,1087,2022-08-28,2022,14,Belgian Grand Prix,9,830,815,1,2,Finished,Finished,1.0,0.0
4992,1087,2022-08-28,2022,14,Belgian Grand Prix,117,20,840,8,11,Finished,Finished,1.0,0.0
4993,1087,2022-08-28,2022,14,Belgian Grand Prix,210,825,854,16,17,+1 Lap,+1 Lap,1.0,0.0
4994,1087,2022-08-28,2022,14,Belgian Grand Prix,213,842,852,9,13,Finished,Finished,1.0,0.0
4995,1087,2022-08-28,2022,14,Belgian Grand Prix,214,4,839,5,7,Finished,Finished,1.0,0.0
4996,1088,2022-09-04,2022,15,Dutch Grand Prix,1,846,817,7,17,Finished,Finished,1.0,0.0
4997,1088,2022-09-04,2022,15,Dutch Grand Prix,3,848,849,12,18,Finished,+1 Lap,1.0,0.0
4998,1088,2022-09-04,2022,15,Dutch Grand Prix,6,844,832,3,8,Finished,Finished,1.0,0.0
4999,1088,2022-09-04,2022,15,Dutch Grand Prix,9,830,815,1,5,Finished,Finished,1.0,0.0
5000,1088,2022-09-04,2022,15,Dutch Grand Prix,117,840,20,10,14,Finished,Finished,1.0,0.0
5001,1088,2022-09-04,2022,15,Dutch Grand Prix,131,847,1,2,4,Finished,Finished,1.0,0.0
5002,1088,2022-09-04,2022,15,Dutch Grand Prix,210,854,825,13,15,Finished,Finished,1.0,0.0
5003,1088,2022-09-04,2022,15,Dutch Grand Prix,214,4,839,6,9,Finished,Finished,1.0,0.0
5004,1089,2022-09-11,2022,16,Italian Grand Prix,3,856,849,9,15,Finished,+1 Lap,1.0,0.0
5005,1089,2022-09-11,2022,16,Italian Grand Prix,6,844,832,2,4,Finished,Finished,1.0,0.0
5006,1089,2022-09-11,2022,16,Italian Grand Prix,9,830,815,1,6,Finished,Finished,1.0,0.0
5007,1089,2022-09-11,2022,16,Italian Grand Prix,51,855,822,10,13,Finished,+1 Lap,1.0,0.0
5008,1089,2022-09-11,2022,16,Italian Grand Prix,131,847,1,3,5,Finished,Finished,1.0,0.0
5009,1089,2022-09-11,2022,16,Italian Grand Prix,210,854,825,12,16,Finished,+1 Lap,1.0,0.0
5010,1089,2022-09-11,2022,16,Italian Grand Prix,213,842,852,8,14,Finished,+1 Lap,1.0,0.0
5011,1091,2022-10-02,2022,17,Singapore Grand Prix,1,846,817,4,5,Finished,Finished,1.0,0.0
5012,1091,2022-10-02,2022,17,Singapore Grand Prix,6,844,832,2,3,Finished,Finished,1.0,0.0
5013,1091,2022-10-02,2022,17,Singapore Grand Prix,9,815,830,1,7,Finished,Finished,1.0,0.0
5014,1091,2022-10-02,2022,17,Singapore Grand Prix,117,840,20,6,8,Finished,Finished,1.0,0.0
5015,1091,2022-10-02,2022,17,Singapore Grand Prix,131,1,847,9,14,Finished,+2 Laps,1.0,0.0
5016,1091,2022-10-02,2022,17,Singapore Grand Prix,210,825,854,12,13,Finished,+1 Lap,1.0,0.0
5017,1092,2022-10-09,2022,18,Japanese Grand Prix,1,846,817,10,11,Finished,Finished,1.0,0.0
5018,1092,2022-10-09,2022,18,Japanese Grand Prix,9,830,815,1,2,Finished,Finished,1.0,0.0
5019,1092,2022-10-09,2022,18,Japanese Grand Prix,51,822,855,15,16,Finished,Finished,1.0,0.0
5020,1092,2022-10-09,2022,18,Japanese Grand Prix,117,20,840,6,12,Finished,Finished,1.0,0.0
5021,1092,2022-10-09,2022,18,Japanese Grand Prix,131,1,847,5,8,Finished,Finished,1.0,0.0
5022,1092,2022-10-09,2022,18,Japanese Grand Prix,210,825,854,14,17,Finished,Finished,1.0,0.0
5023,1092,2022-10-09,2022,18,Japanese Grand Prix,213,852,842,13,18,Finished,Finished,1.0,0.0
5024,1092,2022-10-09,2022,18,Japanese Grand Prix,214,839,4,4,7,Finished,Finished,1.0,0.0
5025,1093,2022-10-23,2022,19,United States Grand Prix,1,846,817,6,16,Finished,Finished,1.0,0.0
5026,1093,2022-10-23,2022,19,United States Grand Prix,3,848,849,13,17,Finished,Finished,1.0,0.0
5027,1093,2022-10-23,2022,19,United States Grand Prix,9,830,815,1,4,Finished,Finished,1.0,0.0
5028,1093,2022-10-23,2022,19,United States Grand Prix,131,1,847,2,5,Finished,Finished,1.0,0.0
5029,1093,2022-10-23,2022,19,United States Grand Prix,210,825,854,9,15,Finished,Finished,1.0,0.0
5030,1093,2022-10-23,2022,19,United States Grand Prix,213,852,842,10,14,Finished,Finished,1.0,0.0
5031,1093,2022-10-23,2022,19,United States Grand Prix,214,4,839,7,11,Finished,Finished,1.0,0.0
5032,1094,2022-10-30,2022,20,Mexico City Grand Prix,1,817,846,7,9,+1 Lap,+1 Lap,1.0,0.0
5033,1094,2022-10-30,2022,20,Mexico City Grand Prix,3,848,849,12,18,+1 Lap,+2 Laps,1.0,0.0
5034,1094,2022-10-30,2022,20,Mexico City Grand Prix,6,832,844,5,6,Finished,Finished,1.0,0.0
5035,1094,2022-10-30,2022,20,Mexico City Grand Prix,9,830,815,1,3,Finished,Finished,1.0,0.0
5036,1094,2022-10-30,2022,20,Mexico City Grand Prix,51,822,855,10,13,+1 Lap,+1 Lap,1.0,0.0
5037,1094,2022-10-30,2022,20,Mexico City Grand Prix,117,20,840,14,15,+1 Lap,+1 Lap,1.0,0.0
5038,1094,2022-10-30,2022,20,Mexico City Grand Prix,131,1,847,2,4,Finished,Finished,1.0,0.0
5039,1094,2022-10-30,2022,20,Mexico City Grand Prix,210,854,825,16,17,+1 Lap,+1 Lap,1.0,0.0
5040,1095,2022-11-13,2022,21,São Paulo Grand Prix,3,848,849,15,16,Finished,Finished,1.0,0.0
5041,1095,2022-11-13,2022,21,São Paulo Grand Prix,6,832,844,3,4,Finished,Finished,1.0,0.0
5042,1095,2022-11-13,2022,21,São Paulo Grand Prix,9,830,815,6,7,Finished,Finished,1.0,0.0
5043,1095,2022-11-13,2022,21,São Paulo Grand Prix,51,822,855,9,12,Finished,Finished,1.0,0.0
5044,1095,2022-11-13,2022,21,São Paulo Grand Prix,117,840,20,10,11,Finished,Finished,1.0,0.0
5045,1095,2022-11-13,2022,21,São Paulo Grand Prix,131,847,1,1,2,Finished,Finished,1.0,0.0
5046,1095,2022-11-13,2022,21,São Paulo Grand Prix,213,842,852,14,17,Finished,+1 Lap,1.0,0.0
5047,1095,2022-11-13,2022,21,São Paulo Grand Prix,214,4,839,5,8,Finished,Finished,1.0,0.0
5048,1096,2022-11-20,2022,22,Abu Dhabi Grand Prix,1,846,817,6,9,Finished,Finished,1.0,0.0
5049,1096,2022-11-20,2022,22,Abu Dhabi Grand Prix,6,844,832,2,4,Finished,Finished,1.0,0.0
5050,1096,2022-11-20,2022,22,Abu Dhabi Grand Prix,9,830,815,1,3,Finished,Finished,1.0,0.0
5051,1096,2022-11-20,2022,22,Abu Dhabi Grand Prix,51,855,822,12,15,+1 Lap,+1 Lap,1.0,0.0
5052,1096,2022-11-20,2022,22,Abu Dhabi Grand Prix,117,840,20,8,10,Finished,Finished,1.0,0.0
5053,1096,2022-11-20,2022,22,Abu Dhabi Grand Prix,210,854,825,16,17,+1 Lap,+1 Lap,1.0,0.0
5054,1096,2022-11-20,2022,22,Abu Dhabi Grand Prix,213,852,842,11,14,Finished,+1 Lap,1.0,0.0
5055,1098,2023-03-05,2023,1,Bahrain Grand Prix,3,848,858,10,12,Finished,+1 Lap,1.0,0.0
5056,1098,2023-03-05,2023,1,Bahrain Grand Prix,9,830,815,1,2,Finished,Finished,1.0,0.0
5057,1098,2023-03-05,2023,1,Bahrain Grand Prix,51,822,855,8,16,Finished,+1 Lap,1.0,0.0
5058,1098,2023-03-05,2023,1,Bahrain Grand Prix,117,4,840,3,6,Finished,Finished,1.0,0.0
5059,1098,2023-03-05,2023,1,Bahrain Grand Prix,131,1,847,5,7,Finished,Finished,1.0,0.0
5060,1098,2023-03-05,2023,1,Bahrain Grand Prix,210,825,807,13,15,+1 Lap,+1 Lap,1.0,0.0
5061,1098,2023-03-05,2023,1,Bahrain Grand Prix,213,852,856,11,14,Finished,+1 Lap,1.0,0.0
5062,1099,2023-03-19,2023,2,Saudi Arabian Grand Prix,1,857,846,15,17,Finished,Finished,1.0,0.0
5063,1099,2023-03-19,2023,2,Saudi Arabian Grand Prix,6,832,844,6,7,Finished,Finished,1.0,0.0
5064,1099,2023-03-19,2023,2,Saudi Arabian Grand Prix,9,815,830,1,2,Finished,Finished,1.0,0.0
5065,1099,2023-03-19,2023,2,Saudi Arabian Grand Prix,51,855,822,13,18,Finished,+1 Lap,1.0,0.0
5066,1099,2023-03-19,2023,2,Saudi Arabian Grand Prix,131,847,1,4,5,Finished,Finished,1.0,0.0
5067,1099,2023-03-19,2023,2,Saudi Arabian Grand Prix,210,825,807,10,12,Finished,Finished,1.0,0.0
5068,1099,2023-03-19,2023,2,Saudi Arabian Grand Prix,213,852,856,11,14,Finished,Finished,1.0,0.0
5069,1099,2023-03-19,2023,2,Saudi Arabian Grand Prix,214,839,842,8,9,Finished,Finished,1.0,0.0
5070,1100,2023-04-02,2023,3,Australian Grand Prix,1,846,857,6,8,Finished,Finished,1.0,0.0
5071,1100,2023-04-02,2023,3,Australian Grand Prix,9,830,815,1,5,Finished,Finished,1.0,0.0
5072,1100,2023-04-02,2023,3,Australian Grand Prix,51,855,822,9,11,Finished,Finished,1.0,0.0
5073,1100,2023-04-02,2023,3,Australian Grand Prix,117,4,840,3,4,Finished,Finished,1.0,0.0
5074,1101,2023-04-30,2023,4,Azerbaijan Grand Prix,1,846,857,9,11,Finished,Finished,1.0,0.0
5075,1101,2023-04-30,2023,4,Azerbaijan Grand Prix,3,848,858,12,16,Finished,Finished,1.0,0.0
5076,1101,2023-04-30,2023,4,Azerbaijan Grand Prix,6,844,832,3,5,Finished,Finished,1.0,0.0
5077,1101,2023-04-30,2023,4,Azerbaijan Grand Prix,9,815,830,1,2,Finished,Finished,1.0,0.0
5078,1101,2023-04-30,2023,4,Azerbaijan Grand Prix,117,4,840,4,7,Finished,Finished,1.0,0.0
5079,1101,2023-04-30,2023,4,Azerbaijan Grand Prix,131,1,847,6,8,Finished,Finished,1.0,0.0
5080,1101,2023-04-30,2023,4,Azerbaijan Grand Prix,210,825,807,13,17,Finished,+1 Lap,1.0,0.0
5081,1101,2023-04-30,2023,4,Azerbaijan Grand Prix,214,842,839,14,15,Finished,Finished,1.0,0.0
5082,1102,2023-05-07,2023,5,Miami Grand Prix,1,846,857,17,19,Finished,+1 Lap,1.0,0.0
5083,1102,2023-05-07,2023,5,Miami Grand Prix,3,848,858,14,20,Finished,+1 Lap,1.0,0.0
5084,1102,2023-05-07,2023,5,Miami Grand Prix,6,832,844,5,7,Finished,Finished,1.0,0.0
5085,1102,2023-05-07,2023,5,Miami Grand Prix,9,830,815,1,2,Finished,Finished,1.0,0.0
5086,1102,2023-05-07,2023,5,Miami Grand Prix,51,822,855,13,16,Finished,Finished,1.0,0.0
5087,1102,2023-05-07,2023,5,Miami Grand Prix,117,4,840,3,12,Finished,Finished,1.0,0.0
5088,1102,2023-05-07,2023,5,Miami Grand Prix,131,847,1,4,6,Finished,Finished,1.0,0.0
5089,1102,2023-05-07,2023,5,Miami Grand Prix,210,825,807,10,15,Finished,Finished,1.0,0.0
5090,1102,2023-05-07,2023,5,Miami Grand Prix,213,852,856,11,18,Finished,Finished,1.0,0.0
5091,1102,2023-05-07,2023,5,Miami Grand Prix,214,842,839,8,9,Finished,Finished,1.0,0.0
5092,1104,2023-05-28,2023,6,Monaco Grand Prix,1,846,857,9,10,+1 Lap,+1 Lap,1.0,0.0
5093,1104,2023-05-28,2023,6,Monaco Grand Prix,3,848,858,14,18,+1 Lap,+2 Laps,1.0,0.0
5094,1104,2023-05-28,2023,6,Monaco Grand Prix,6,844,832,6,8,Finished,Finished,1.0,0.0
5095,1104,2023-05-28,2023,6,Monaco Grand Prix,9,830,815,1,16,Finished,+2 Laps,1.0,0.0
5096,1104,2023-05-28,2023,6,Monaco Grand Prix,51,822,855,11,13,+1 Lap,+1 Lap,1.0,0.0
5097,1104,2023-05-28,2023,6,Monaco Grand Prix,131,1,847,4,5,Finished,Finished,1.0,0.0
5098,1104,2023-05-28,2023,6,Monaco Grand Prix,213,856,852,12,15,+1 Lap,+2 Laps,1.0,0.0
5099,1104,2023-05-28,2023,6,Monaco Grand Prix,214,839,842,3,7,Finished,Finished,1.0,0.0
5100,1105,2023-06-04,2023,7,Spanish Grand Prix,1,857,846,13,17,+1 Lap,+1 Lap,1.0,0.0
5101,1105,2023-06-04,2023,7,Spanish Grand Prix,3,848,858,16,20,+1 Lap,+1 Lap,1.0,0.0
5102,1105,2023-06-04,2023,7,Spanish Grand Prix,6,832,844,5,11,Finished,Finished,1.0,0.0
5103,1105,2023-06-04,2023,7,Spanish Grand Prix,9,830,815,1,4,Finished,Finished,1.0,0.0
5104,1105,2023-06-04,2023,7,Spanish Grand Prix,51,855,822,9,19,Finished,+1 Lap,1.0,0.0
5105,1105,2023-06-04,2023,7,Spanish Grand Prix,117,840,4,6,7,Finished,Finished,1.0,0.0
5106,1105,2023-06-04,2023,7,Spanish Grand Prix,131,1,847,2,3,Finished,Finished,1.0,0.0
5107,1105,2023-06-04,2023,7,Spanish Grand Prix,210,807,825,15,18,+1 Lap,+1 Lap,1.0,0.0
5108,1105,2023-06-04,2023,7,Spanish Grand Prix,213,852,856,12,14,Finished,+1 Lap,1.0,0.0
5109,1105,2023-06-04,2023,7,Spanish Grand Prix,214,839,842,8,10,Finished,Finished,1.0,0.0
5110,1106,2023-06-18,2023,8,Canadian Grand Prix,1,857,846,11,13,Finished,Finished,1.0,0.0
5111,1106,2023-06-18,2023,8,Canadian Grand Prix,6,844,832,4,5,Finished,Finished,1.0,0.0
5112,1106,2023-06-18,2023,8,Canadian Grand Prix,9,830,815,1,6,Finished,Finished,1.0,0.0
5113,1106,2023-06-18,2023,8,Canadian Grand Prix,51,822,855,10,16,Finished,+1 Lap,1.0,0.0
5114,1106,2023-06-18,2023,8,Canadian Grand Prix,117,4,840,2,9,Finished,Finished,1.0,0.0
5115,1106,2023-06-18,2023,8,Canadian Grand Prix,210,807,825,15,17,+1 Lap,+1 Lap,1.0,0.0
5116,1106,2023-06-18,2023,8,Canadian Grand Prix,213,852,856,14,18,Finished,+1 Lap,1.0,0.0
5117,1106,2023-06-18,2023,8,Canadian Grand Prix,214,839,842,8,12,Finished,Finished,1.0,0.0
5118,1107,2023-07-02,2023,9,Austrian Grand Prix,1,846,857,4,16,Finished,+1 Lap,1.0,0.0
5119,1107,2023-07-02,2023,9,Austrian Grand Prix,3,848,858,11,13,Finished,+1 Lap,1.0,0.0
5120,1107,2023-07-02,2023,9,Austrian Grand Prix,6,844,832,2,6,Finished,Finished,1.0,0.0
5121,1107,2023-07-02,2023,9,Austrian Grand Prix,9,830,815,1,3,Finished,Finished,1.0,0.0
5122,1107,2023-07-02,2023,9,Austrian Grand Prix,51,855,822,12,15,+1 Lap,+1 Lap,1.0,0.0
5123,1107,2023-07-02,2023,9,Austrian Grand Prix,117,4,840,5,9,Finished,Finished,1.0,0.0
5124,1107,2023-07-02,2023,9,Austrian Grand Prix,131,847,1,7,8,Finished,Finished,1.0,0.0
5125,1107,2023-07-02,2023,9,Austrian Grand Prix,213,856,852,17,19,+1 Lap,+1 Lap,1.0,0.0
5126,1107,2023-07-02,2023,9,Austrian Grand Prix,214,842,839,10,14,Finished,+1 Lap,1.0,0.0
5127,1108,2023-07-09,2023,10,British Grand Prix,1,846,857,2,4,Finished,Finished,1.0,0.0
5128,1108,2023-07-09,2023,10,British Grand Prix,3,848,858,8,11,Finished,Finished,1.0,0.0
5129,1108,2023-07-09,2023,10,British Grand Prix,6,844,832,9,10,Finished,Finished,1.0,0.0
5130,1108,2023-07-09,2023,10,British Grand Prix,9,830,815,1,6,Finished,Finished,1.0,0.0
5131,1108,2023-07-09,2023,10,British Grand Prix,51,822,855,12,15,Finished,Finished,1.0,0.0
5132,1108,2023-07-09,2023,10,British Grand Prix,117,4,840,7,14,Finished,Finished,1.0,0.0
5133,1108,2023-07-09,2023,10,British Grand Prix,131,1,847,3,5,Finished,Finished,1.0,0.0
5134,1108,2023-07-09,2023,10,British Grand Prix,213,852,856,16,17,Finished,Finished,1.0,0.0
5135,1109,2023-07-23,2023,11,Hungarian Grand Prix,1,846,857,2,5,Finished,Finished,1.0,0.0
5136,1109,2023-07-23,2023,11,Hungarian Grand Prix,6,844,832,7,8,Finished,Finished,1.0,0.0
5137,1109,2023-07-23,2023,11,Hungarian Grand Prix,9,830,815,1,3,Finished,Finished,1.0,0.0
5138,1109,2023-07-23,2023,11,Hungarian Grand Prix,51,822,855,12,16,+1 Lap,+1 Lap,1.0,0.0
5139,1109,2023-07-23,2023,11,Hungarian Grand Prix,117,4,840,9,10,Finished,+1 Lap,1.0,0.0
5140,1109,2023-07-23,2023,11,Hungarian Grand Prix,131,1,847,4,6,Finished,Finished,1.0,0.0
5141,1109,2023-07-23,2023,11,Hungarian Grand Prix,210,807,825,14,17,+1 Lap,+1 Lap,1.0,0.0
5142,1109,2023-07-23,2023,11,Hungarian Grand Prix,213,817,852,13,15,+1 Lap,+1 Lap,1.0,0.0
5143,1110,2023-07-30,2023,12,Belgian Grand Prix,3,848,858,14,17,Finished,Finished,1.0,0.0
5144,1110,2023-07-30,2023,12,Belgian Grand Prix,9,830,815,1,2,Finished,Finished,1.0,0.0
5145,1110,2023-07-30,2023,12,Belgian Grand Prix,51,822,855,12,13,Finished,Finished,1.0,0.0
5146,1110,2023-07-30,2023,12,Belgian Grand Prix,117,4,840,5,9,Finished,Finished,1.0,0.0
5147,1110,2023-07-30,2023,12,Belgian Grand Prix,131,1,847,4,6,Finished,Finished,1.0,0.0
5148,1110,2023-07-30,2023,12,Belgian Grand Prix,210,825,807,15,18,Finished,Finished,1.0,0.0
5149,1110,2023-07-30,2023,12,Belgian Grand Prix,213,852,817,10,16,Finished,Finished,1.0,0.0
5150,1110,2023-07-30,2023,12,Belgian Grand Prix,214,839,842,8,11,Finished,Finished,1.0,0.0
5151,1111,2023-08-27,2023,13,Dutch Grand Prix,1,846,857,7,9,Finished,Finished,1.0,0.0
5152,1111,2023-08-27,2023,13,Dutch Grand Prix,9,830,815,1,4,Finished,Finished,1.0,0.0
5153,1111,2023-08-27,2023,13,Dutch Grand Prix,117,4,840,2,11,Finished,Finished,1.0,0.0
5154,1111,2023-08-27,2023,13,Dutch Grand Prix,131,1,847,6,17,Finished,Finished,1.0,0.0
5155,1111,2023-08-27,2023,13,Dutch Grand Prix,210,807,825,12,16,Finished,Finished,1.0,0.0
5156,1111,2023-08-27,2023,13,Dutch Grand Prix,213,859,852,13,15,Finished,Finished,1.0,0.0
5157,1111,2023-08-27,2023,13,Dutch Grand Prix,214,842,839,3,10,Finished,Finished,1.0,0.0
5158,1112,2023-09-03,2023,14,Italian Grand Prix,1,846,857,8,12,Finished,Finished,1.0,0.0
5159,1112,2023-09-03,2023,14,Italian Grand Prix,3,848,858,7,13,Finished,Finished,1.0,0.0
5160,1112,2023-09-03,2023,14,Italian Grand Prix,6,832,844,3,4,Finished,Finished,1.0,0.0
5161,1112,2023-09-03,2023,14,Italian Grand Prix,9,830,815,1,2,Finished,Finished,1.0,0.0
5162,1112,2023-09-03,2023,14,Italian Grand Prix,51,822,855,10,14,Finished,Finished,1.0,0.0
5163,1112,2023-09-03,2023,14,Italian Grand Prix,117,4,840,9,16,Finished,Finished,1.0,0.0
5164,1112,2023-09-03,2023,14,Italian Grand Prix,131,847,1,5,6,Finished,Finished,1.0,0.0
5165,1112,2023-09-03,2023,14,Italian Grand Prix,210,807,825,17,18,+1 Lap,+1 Lap,1.0,0.0
5166,1113,2023-09-17,2023,15,Singapore Grand Prix,1,846,857,2,7,Finished,Finished,1.0,0.0
5167,1113,2023-09-17,2023,15,Singapore Grand Prix,3,848,858,11,14,Finished,Finished,1.0,0.0
5168,1113,2023-09-17,2023,15,Singapore Grand Prix,6,832,844,1,4,Finished,Finished,1.0,0.0
5169,1113,2023-09-17,2023,15,Singapore Grand Prix,9,830,815,5,8,Finished,Finished,1.0,0.0
5170,1113,2023-09-17,2023,15,Singapore Grand Prix,210,825,807,10,13,Finished,Finished,1.0,0.0
5171,1114,2023-09-24,2023,16,Japanese Grand Prix,1,846,857,2,3,Finished,Finished,1.0,0.0
5172,1114,2023-09-24,2023,16,Japanese Grand Prix,6,844,832,4,6,Finished,Finished,1.0,0.0
5173,1114,2023-09-24,2023,16,Japanese Grand Prix,131,1,847,5,7,Finished,Finished,1.0,0.0
5174,1114,2023-09-24,2023,16,Japanese Grand Prix,210,807,825,14,15,+1 Lap,+1 Lap,1.0,0.0
5175,1114,2023-09-24,2023,16,Japanese Grand Prix,213,859,852,11,12,+1 Lap,+1 Lap,1.0,0.0
5176,1114,2023-09-24,2023,16,Japanese Grand Prix,214,839,842,9,10,Finished,Finished,1.0,0.0
5177,1115,2023-10-08,2023,17,Qatar Grand Prix,1,857,846,2,3,Finished,Finished,1.0,0.0
5178,1115,2023-10-08,2023,17,Qatar Grand Prix,9,830,815,1,10,Finished,Finished,1.0,0.0
5179,1115,2023-10-08,2023,17,Qatar Grand Prix,51,822,855,8,9,Finished,Finished,1.0,0.0
5180,1115,2023-10-08,2023,17,Qatar Grand Prix,117,4,840,6,11,Finished,Finished,1.0,0.0
5181,1115,2023-10-08,2023,17,Qatar Grand Prix,210,825,807,14,16,+1 Lap,+1 Lap,1.0,0.0
5182,1115,2023-10-08,2023,17,Qatar Grand Prix,213,852,859,15,17,+1 Lap,+1 Lap,1.0,0.0
5183,1115,2023-10-08,2023,17,Qatar Grand Prix,214,839,842,7,12,Finished,Finished,1.0,0.0
5184,1116,2023-10-22,2023,18,United States Grand Prix,3,848,858,9,10,Finished,Finished,1.0,0.0
5185,1116,2023-10-22,2023,18,United States Grand Prix,9,830,815,1,4,Finished,Finished,1.0,0.0
5186,1116,2023-10-22,2023,18,United States Grand Prix,51,822,855,12,13,Finished,+1 Lap,1.0,0.0
5187,1116,2023-10-22,2023,18,United States Grand Prix,210,807,825,11,14,Finished,+1 Lap,1.0,0.0
5188,1116,2023-10-22,2023,18,United States Grand Prix,213,852,817,8,15,Finished,+1 Lap,1.0,0.0
5189,1117,2023-10-29,2023,19,Mexico City Grand Prix,1,846,857,5,8,Finished,Finished,1.0,0.0
5190,1117,2023-10-29,2023,19,Mexico City Grand Prix,6,844,832,3,4,Finished,Finished,1.0,0.0
5191,1117,2023-10-29,2023,19,Mexico City Grand Prix,51,855,822,14,15,Finished,Finished,1.0,0.0
5192,1117,2023-10-29,2023,19,Mexico City Grand Prix,131,1,847,2,6,Finished,Finished,1.0,0.0
5193,1117,2023-10-29,2023,19,Mexico City Grand Prix,213,817,852,7,12,Finished,Finished,1.0,0.0
5194,1117,2023-10-29,2023,19,Mexico City Grand Prix,214,839,842,10,11,Finished,Finished,1.0,0.0
5195,1118,2023-11-05,2023,20,São Paulo Grand Prix,1,846,857,2,14,Finished,+2 Laps,1.0,0.0
5196,1118,2023-11-05,2023,20,São Paulo Grand Prix,9,830,815,1,4,Finished,Finished,1.0,0.0
5197,1118,2023-11-05,2023,20,São Paulo Grand Prix,117,4,840,3,5,Finished,Finished,1.0,0.0
5198,1118,2023-11-05,2023,20,São Paulo Grand Prix,213,852,817,9,13,Finished,+1 Lap,1.0,0.0
5199,1118,2023-11-05,2023,20,São Paulo Grand Prix,214,842,839,7,10,Finished,+1 Lap,1.0,0.0
5200,1119,2023-11-19,2023,21,Las Vegas Grand Prix,3,848,858,12,16,Finished,Finished,1.0,0.0
5201,1119,2023-11-19,2023,21,Las Vegas Grand Prix,6,844,832,2,6,Finished,Finished,1.0,0.0
5202,1119,2023-11-19,2023,21,Las Vegas Grand Prix,9,830,815,1,3,Finished,Finished,1.0,0.0
5203,1119,2023-11-19,2023,21,Las Vegas Grand Prix,51,855,822,15,17,Finished,Finished,1.0,0.0
5204,1119,2023-11-19,2023,21,Las Vegas Grand Prix,117,840,4,5,9,Finished,Finished,1.0,0.0
5205,1119,2023-11-19,2023,21,Las Vegas Grand Prix,131,1,847,7,8,Finished,Finished,1.0,0.0
5206,1119,2023-11-19,2023,21,Las Vegas Grand Prix,214,839,842,4,11,Finished,Finished,1.0,0.0
5207,1120,2023-11-26,2023,22,Abu Dhabi Grand Prix,1,846,857,5,6,Finished,Finished,1.0,0.0
5208,1120,2023-11-26,2023,22,Abu Dhabi Grand Prix,3,848,858,14,16,Finished,Finished,1.0,0.0
5209,1120,2023-11-26,2023,22,Abu Dhabi Grand Prix,9,830,815,1,4,Finished,Finished,1.0,0.0
5210,1120,2023-11-26,2023,22,Abu Dhabi Grand Prix,51,855,822,17,19,Finished,+1 Lap,1.0,0.0
5211,1120,2023-11-26,2023,22,Abu Dhabi Grand Prix,117,4,840,7,10,Finished,Finished,1.0,0.0
5212,1120,2023-11-26,2023,22,Abu Dhabi Grand Prix,131,847,1,3,9,Finished,Finished,1.0,0.0
5213,1120,2023-11-26,2023,22,Abu Dhabi Grand Prix,210,807,825,15,20,Finished,+1 Lap,1.0,0.0
5214,1120,2023-11-26,2023,22,Abu Dhabi Grand Prix,213,852,817,8,11,Finished,Finished,1.0,0.0
5215,1120,2023-11-26,2023,22,Abu Dhabi Grand Prix,214,839,842,12,13,Finished,Finished,1.0,0.0
5216,1121,2024-03-02,2024,1,Bahrain Grand Prix,1,846,857,6,8,Finished,Finished,1.0,0.0
5217,1121,2024-03-02,2024,1,Bahrain Grand Prix,3,848,858,15,20,+1 Lap,+2 Laps,1.0,0.0
5218,1121,2024-03-02,2024,1,Bahrain Grand Prix,6,832,844,3,4,Finished,Finished,1.0,0.0
5219,1121,2024-03-02,2024,1,Bahrain Grand Prix,9,830,815,1,2,Finished,Finished,1.0,0.0
5220,1121,2024-03-02,2024,1,Bahrain Grand Prix,15,855,822,11,19,+1 Lap,+1 Lap,1.0,0.0
5221,1121,2024-03-02,2024,1,Bahrain Grand Prix,117,4,840,9,10,Finished,Finished,1.0,0.0
5222,1121,2024-03-02,2024,1,Bahrain Grand Prix,131,847,1,5,7,Finished,Finished,1.0,0.0
5223,1121,2024-03-02,2024,1,Bahrain Grand Prix,210,825,807,12,16,+1 Lap,+1 Lap,1.0,0.0
5224,1121,2024-03-02,2024,1,Bahrain Grand Prix,214,839,842,17,18,+1 Lap,+1 Lap,1.0,0.0
5225,1121,2024-03-02,2024,1,Bahrain Grand Prix,215,817,852,13,14,+1 Lap,+1 Lap,1.0,0.0
5226,1122,2024-03-09,2024,2,Saudi Arabian Grand Prix,1,857,846,4,8,Finished,Finished,1.0,0.0
5227,1122,2024-03-09,2024,2,Saudi Arabian Grand Prix,3,848,858,11,14,Finished,+1 Lap,1.0,0.0
5228,1122,2024-03-09,2024,2,Saudi Arabian Grand Prix,6,844,860,3,7,Finished,Finished,1.0,0.0
5229,1122,2024-03-09,2024,2,Saudi Arabian Grand Prix,9,830,815,1,2,Finished,Finished,1.0,0.0
5230,1122,2024-03-09,2024,2,Saudi Arabian Grand Prix,15,822,855,17,18,+1 Lap,+1 Lap,1.0,0.0
5231,1122,2024-03-09,2024,2,Saudi Arabian Grand Prix,131,847,1,6,9,Finished,Finished,1.0,0.0
5232,1122,2024-03-09,2024,2,Saudi Arabian Grand Prix,210,807,825,10,12,Finished,Finished,1.0,0.0
5233,1122,2024-03-09,2024,2,Saudi Arabian Grand Prix,215,852,817,15,16,+1 Lap,+1 Lap,1.0,0.0
5234,1123,2024-03-24,2024,3,Australian Grand Prix,1,846,857,3,4,Finished,Finished,1.0,0.0
5235,1123,2024-03-24,2024,3,Australian Grand Prix,6,832,844,1,2,Finished,Finished,1.0,0.0
5236,1123,2024-03-24,2024,3,Australian Grand Prix,15,822,855,14,15,+1 Lap,+1 Lap,1.0,0.0
5237,1123,2024-03-24,2024,3,Australian Grand Prix,117,840,4,6,8,Finished,Finished,1.0,0.0
5238,1123,2024-03-24,2024,3,Australian Grand Prix,210,807,825,9,10,Finished,+1 Lap,1.0,0.0
5239,1123,2024-03-24,2024,3,Australian Grand Prix,214,842,839,13,16,+1 Lap,+1 Lap,1.0,0.0
5240,1123,2024-03-24,2024,3,Australian Grand Prix,215,852,817,7,12,Finished,+1 Lap,1.0,0.0
5241,1124,2024-04-07,2024,4,Japanese Grand Prix,1,846,857,5,8,Finished,Finished,1.0,0.0
5242,1124,2024-04-07,2024,4,Japanese Grand Prix,6,832,844,3,4,Finished,Finished,1.0,0.0
5243,1124,2024-04-07,2024,4,Japanese Grand Prix,9,830,815,1,2,Finished,Finished,1.0,0.0
5244,1124,2024-04-07,2024,4,Japanese Grand Prix,117,4,840,6,12,Finished,+1 Lap,1.0,0.0
5245,1124,2024-04-07,2024,4,Japanese Grand Prix,131,847,1,7,9,Finished,Finished,1.0,0.0
5246,1124,2024-04-07,2024,4,Japanese Grand Prix,210,807,825,11,13,+1 Lap,+1 Lap,1.0,0.0
5247,1124,2024-04-07,2024,4,Japanese Grand Prix,214,839,842,15,16,+1 Lap,+1 Lap,1.0,0.0
5248,1125,2024-04-21,2024,5,Chinese Grand Prix,1,846,857,2,8,Finished,Finished,1.0,0.0
5249,1125,2024-04-21,2024,5,Chinese Grand Prix,3,848,858,12,17,Finished,Finished,1.0,0.0
5250,1125,2024-04-21,2024,5,Chinese Grand Prix,6,844,832,4,5,Finished,Finished,1.0,0.0
5251,1125,2024-04-21,2024,5,Chinese Grand Prix,9,830,815,1,3,Finished,Finished,1.0,0.0
5252,1125,2024-04-21,2024,5,Chinese Grand Prix,117,4,840,7,15,Finished,Finished,1.0,0.0
5253,1125,2024-04-21,2024,5,Chinese Grand Prix,131,847,1,6,9,Finished,Finished,1.0,0.0
5254,1125,2024-04-21,2024,5,Chinese Grand Prix,210,807,825,10,16,Finished,Finished,1.0,0.0
5255,1125,2024-04-21,2024,5,Chinese Grand Prix,214,839,842,11,13,Finished,Finished,1.0,0.0
5256,1126,2024-05-05,2024,6,Miami Grand Prix,1,846,857,1,13,Finished,Finished,1.0,0.0
5257,1126,2024-05-05,2024,6,Miami Grand Prix,6,844,832,3,5,Finished,Finished,1.0,0.0
5258,1126,2024-05-05,2024,6,Miami Grand Prix,9,830,815,2,4,Finished,Finished,1.0,0.0
5259,1126,2024-05-05,2024,6,Miami Grand Prix,15,855,822,14,16,Finished,Finished,1.0,0.0
5260,1126,2024-05-05,2024,6,Miami Grand Prix,117,4,840,9,17,Finished,Finished,1.0,0.0
5261,1126,2024-05-05,2024,6,Miami Grand Prix,131,1,847,6,8,Finished,Finished,1.0,0.0
5262,1126,2024-05-05,2024,6,Miami Grand Prix,210,807,825,11,19,Finished,Finished,1.0,0.0
5263,1126,2024-05-05,2024,6,Miami Grand Prix,214,839,842,10,12,Finished,Finished,1.0,0.0
5264,1126,2024-05-05,2024,6,Miami Grand Prix,215,852,817,7,15,Finished,Finished,1.0,0.0
5265,1127,2024-05-19,2024,7,Emilia Romagna Grand Prix,1,846,857,2,4,Finished,Finished,1.0,0.0
5266,1127,2024-05-19,2024,7,Emilia Romagna Grand Prix,6,844,832,3,5,Finished,Finished,1.0,0.0
5267,1127,2024-05-19,2024,7,Emilia Romagna Grand Prix,9,830,815,1,8,Finished,Finished,1.0,0.0
5268,1127,2024-05-19,2024,7,Emilia Romagna Grand Prix,15,855,822,15,18,+1 Lap,+1 Lap,1.0,0.0
5269,1127,2024-05-19,2024,7,Emilia Romagna Grand Prix,117,840,4,9,19,Finished,+1 Lap,1.0,0.0
5270,1127,2024-05-19,2024,7,Emilia Romagna Grand Prix,131,1,847,6,7,Finished,Finished,1.0,0.0
5271,1127,2024-05-19,2024,7,Emilia Romagna Grand Prix,210,807,825,11,12,+1 Lap,+1 Lap,1.0,0.0
5272,1127,2024-05-19,2024,7,Emilia Romagna Grand Prix,214,839,842,14,16,+1 Lap,+1 Lap,1.0,0.0
5273,1127,2024-05-19,2024,7,Emilia Romagna Grand Prix,215,852,817,10,13,+1 Lap,+1 Lap,1.0,0.0
5274,1128,2024-05-26,2024,8,Monaco Grand Prix,1,857,846,2,4,Finished,Finished,1.0,0.0
5275,1128,2024-05-26,2024,8,Monaco Grand Prix,3,848,858,9,15,+1 Lap,+2 Laps,1.0,0.0
5276,1128,2024-05-26,2024,8,Monaco Grand Prix,6,844,832,1,3,Finished,Finished,1.0,0.0
5277,1128,2024-05-26,2024,8,Monaco Grand Prix,15,822,855,13,16,+2 Laps,+2 Laps,1.0,0.0
5278,1128,2024-05-26,2024,8,Monaco Grand Prix,117,4,840,11,14,+2 Laps,+2 Laps,1.0,0.0
5279,1128,2024-05-26,2024,8,Monaco Grand Prix,131,847,1,5,7,Finished,Finished,1.0,0.0
5280,1128,2024-05-26,2024,8,Monaco Grand Prix,215,852,817,8,12,+1 Lap,+2 Laps,1.0,0.0
5281,1129,2024-06-09,2024,9,Canadian Grand Prix,1,846,857,2,5,Finished,Finished,1.0,0.0
5282,1129,2024-06-09,2024,9,Canadian Grand Prix,15,822,855,13,15,Finished,+1 Lap,1.0,0.0
5283,1129,2024-06-09,2024,9,Canadian Grand Prix,117,4,840,6,7,Finished,Finished,1.0,0.0
5284,1129,2024-06-09,2024,9,Canadian Grand Prix,131,847,1,3,4,Finished,Finished,1.0,0.0
5285,1129,2024-06-09,2024,9,Canadian Grand Prix,210,807,825,11,12,Finished,Finished,1.0,0.0
5286,1129,2024-06-09,2024,9,Canadian Grand Prix,214,842,839,9,10,Finished,Finished,1.0,0.0
5287,1129,2024-06-09,2024,9,Canadian Grand Prix,215,817,852,8,14,Finished,Finished,1.0,0.0
5288,1130,2024-06-23,2024,10,Spanish Grand Prix,1,846,857,2,7,Finished,Finished,1.0,0.0
5289,1130,2024-06-23,2024,10,Spanish Grand Prix,3,848,858,18,20,+1 Lap,+2 Laps,1.0,0.0
5290,1130,2024-06-23,2024,10,Spanish Grand Prix,6,844,832,5,6,Finished,Finished,1.0,0.0
5291,1130,2024-06-23,2024,10,Spanish Grand Prix,9,830,815,1,8,Finished,Finished,1.0,0.0
5292,1130,2024-06-23,2024,10,Spanish Grand Prix,15,855,822,13,16,+1 Lap,+1 Lap,1.0,0.0
5293,1130,2024-06-23,2024,10,Spanish Grand Prix,117,4,840,12,14,+1 Lap,+1 Lap,1.0,0.0
5294,1130,2024-06-23,2024,10,Spanish Grand Prix,131,1,847,3,4,Finished,Finished,1.0,0.0
5295,1130,2024-06-23,2024,10,Spanish Grand Prix,210,807,825,11,17,Finished,+1 Lap,1.0,0.0
5296,1130,2024-06-23,2024,10,Spanish Grand Prix,214,842,839,9,10,Finished,Finished,1.0,0.0
5297,1130,2024-06-23,2024,10,Spanish Grand Prix,215,817,852,15,19,+1 Lap,+1 Lap,1.0,0.0
5298,1131,2024-06-30,2024,11,Austrian Grand Prix,1,857,846,2,20,Finished,+7 Laps,1.0,0.0
5299,1131,2024-06-30,2024,11,Austrian Grand Prix,3,848,858,15,19,+1 Lap,+2 Laps,1.0,0.0
5300,1131,2024-06-30,2024,11,Austrian Grand Prix,6,832,844,3,11,Finished,Finished,1.0,0.0
5301,1131,2024-06-30,2024,11,Austrian Grand Prix,9,830,815,5,7,Finished,Finished,1.0,0.0
5302,1131,2024-06-30,2024,11,Austrian Grand Prix,15,822,855,16,17,+1 Lap,+1 Lap,1.0,0.0
5303,1131,2024-06-30,2024,11,Austrian Grand Prix,117,840,4,13,18,+1 Lap,+1 Lap,1.0,0.0
5304,1131,2024-06-30,2024,11,Austrian Grand Prix,131,847,1,1,4,Finished,Finished,1.0,0.0
5305,1131,2024-06-30,2024,11,Austrian Grand Prix,210,807,825,6,8,Finished,Finished,1.0,0.0
5306,1131,2024-06-30,2024,11,Austrian Grand Prix,214,842,839,10,12,Finished,Finished,1.0,0.0
5307,1131,2024-06-30,2024,11,Austrian Grand Prix,215,817,852,9,14,Finished,+1 Lap,1.0,0.0
5308,1132,2024-07-07,2024,12,British Grand Prix,1,846,857,3,4,Finished,Finished,1.0,0.0
5309,1132,2024-07-07,2024,12,British Grand Prix,3,848,858,9,11,Finished,Finished,1.0,0.0
5310,1132,2024-07-07,2024,12,British Grand Prix,6,832,844,5,14,Finished,+1 Lap,1.0,0.0
5311,1132,2024-07-07,2024,12,British Grand Prix,9,830,815,2,17,Finished,+2 Laps,1.0,0.0
5312,1132,2024-07-07,2024,12,British Grand Prix,15,822,855,15,18,+1 Lap,+2 Laps,1.0,0.0
5313,1132,2024-07-07,2024,12,British Grand Prix,117,840,4,7,8,Finished,Finished,1.0,0.0
5314,1132,2024-07-07,2024,12,British Grand Prix,210,807,825,6,12,Finished,Finished,1.0,0.0
5315,1132,2024-07-07,2024,12,British Grand Prix,215,852,817,10,13,Finished,+1 Lap,1.0,0.0
5316,1133,2024-07-21,2024,13,Hungarian Grand Prix,1,857,846,1,2,Finished,Finished,1.0,0.0
5317,1133,2024-07-21,2024,13,Hungarian Grand Prix,3,848,858,14,17,+1 Lap,+1 Lap,1.0,0.0
5318,1133,2024-07-21,2024,13,Hungarian Grand Prix,6,844,832,4,6,Finished,Finished,1.0,0.0
5319,1133,2024-07-21,2024,13,Hungarian Grand Prix,9,830,815,5,7,Finished,Finished,1.0,0.0
5320,1133,2024-07-21,2024,13,Hungarian Grand Prix,15,822,855,16,19,+1 Lap,+1 Lap,1.0,0.0
5321,1133,2024-07-21,2024,13,Hungarian Grand Prix,117,840,4,10,11,Finished,Finished,1.0,0.0
5322,1133,2024-07-21,2024,13,Hungarian Grand Prix,131,1,847,3,8,Finished,Finished,1.0,0.0
5323,1133,2024-07-21,2024,13,Hungarian Grand Prix,210,807,825,13,15,+1 Lap,+1 Lap,1.0,0.0
5324,1133,2024-07-21,2024,13,Hungarian Grand Prix,215,852,817,9,12,Finished,+1 Lap,1.0,0.0
5325,1134,2024-07-28,2024,14,Belgian Grand Prix,1,857,846,2,5,Finished,Finished,1.0,0.0
5326,1134,2024-07-28,2024,14,Belgian Grand Prix,3,848,858,12,17,Finished,Finished,1.0,0.0
5327,1134,2024-07-28,2024,14,Belgian Grand Prix,6,844,832,3,6,Finished,Finished,1.0,0.0
5328,1134,2024-07-28,2024,14,Belgian Grand Prix,9,830,815,4,7,Finished,Finished,1.0,0.0
5329,1134,2024-07-28,2024,14,Belgian Grand Prix,117,4,840,8,11,Finished,Finished,1.0,0.0
5330,1134,2024-07-28,2024,14,Belgian Grand Prix,210,825,807,14,18,Finished,Finished,1.0,0.0
5331,1134,2024-07-28,2024,14,Belgian Grand Prix,214,839,842,9,13,Finished,Finished,1.0,0.0
5332,1134,2024-07-28,2024,14,Belgian Grand Prix,215,817,852,10,16,Finished,Finished,1.0,0.0
5333,1135,2024-08-25,2024,15,Dutch Grand Prix,1,846,857,1,4,Finished,Finished,1.0,0.0
5334,1135,2024-08-25,2024,15,Dutch Grand Prix,3,848,858,14,16,+1 Lap,+1 Lap,1.0,0.0
5335,1135,2024-08-25,2024,15,Dutch Grand Prix,6,844,832,3,5,Finished,Finished,1.0,0.0
5336,1135,2024-08-25,2024,15,Dutch Grand Prix,9,830,815,2,6,Finished,Finished,1.0,0.0
5337,1135,2024-08-25,2024,15,Dutch Grand Prix,15,822,855,19,20,+2 Laps,+2 Laps,1.0,0.0
5338,1135,2024-08-25,2024,15,Dutch Grand Prix,117,4,840,10,13,+1 Lap,+1 Lap,1.0,0.0
5339,1135,2024-08-25,2024,15,Dutch Grand Prix,131,847,1,7,8,Finished,Finished,1.0,0.0
5340,1135,2024-08-25,2024,15,Dutch Grand Prix,210,807,825,11,18,+1 Lap,+1 Lap,1.0,0.0
5341,1135,2024-08-25,2024,15,Dutch Grand Prix,214,842,839,9,15,+1 Lap,+1 Lap,1.0,0.0
5342,1135,2024-08-25,2024,15,Dutch Grand Prix,215,817,852,12,17,+1 Lap,+1 Lap,1.0,0.0
5343,1136,2024-09-01,2024,16,Italian Grand Prix,1,857,846,2,3,Finished,Finished,1.0,0.0
5344,1136,2024-09-01,2024,16,Italian Grand Prix,3,848,861,9,12,Finished,Finished,1.0,0.0
5345,1136,2024-09-01,2024,16,Italian Grand Prix,6,844,832,1,4,Finished,Finished,1.0,0.0
5346,1136,2024-09-01,2024,16,Italian Grand Prix,9,830,815,6,8,Finished,Finished,1.0,0.0
5347,1136,2024-09-01,2024,16,Italian Grand Prix,15,822,855,16,18,+1 Lap,+1 Lap,1.0,0.0
5348,1136,2024-09-01,2024,16,Italian Grand Prix,117,4,840,11,19,Finished,+1 Lap,1.0,0.0
5349,1136,2024-09-01,2024,16,Italian Grand Prix,131,1,847,5,7,Finished,Finished,1.0,0.0
5350,1136,2024-09-01,2024,16,Italian Grand Prix,210,825,807,10,17,Finished,+1 Lap,1.0,0.0
5351,1136,2024-09-01,2024,16,Italian Grand Prix,214,839,842,14,15,+1 Lap,+1 Lap,1.0,0.0
5352,1137,2024-09-15,2024,17,Azerbaijan Grand Prix,1,857,846,1,4,Finished,Finished,1.0,0.0
5353,1137,2024-09-15,2024,17,Azerbaijan Grand Prix,3,848,861,7,8,Finished,Finished,1.0,0.0
5354,1137,2024-09-15,2024,17,Azerbaijan Grand Prix,15,855,822,14,16,Finished,+1 Lap,1.0,0.0
5355,1137,2024-09-15,2024,17,Azerbaijan Grand Prix,131,847,1,3,9,Finished,Finished,1.0,0.0
5356,1137,2024-09-15,2024,17,Azerbaijan Grand Prix,210,860,807,10,11,Finished,Finished,1.0,0.0
5357,1137,2024-09-15,2024,17,Azerbaijan Grand Prix,214,842,839,12,15,Finished,+1 Lap,1.0,0.0
5358,1138,2024-09-22,2024,18,Singapore Grand Prix,1,846,857,1,3,Finished,Finished,1.0,0.0
5359,1138,2024-09-22,2024,18,Singapore Grand Prix,6,844,832,5,7,Finished,Finished,1.0,0.0
5360,1138,2024-09-22,2024,18,Singapore Grand Prix,9,830,815,2,10,Finished,+1 Lap,1.0,0.0
5361,1138,2024-09-22,2024,18,Singapore Grand Prix,15,855,822,15,16,+1 Lap,+1 Lap,1.0,0.0
5362,1138,2024-09-22,2024,18,Singapore Grand Prix,117,4,840,8,14,+1 Lap,+1 Lap,1.0,0.0
5363,1138,2024-09-22,2024,18,Singapore Grand Prix,131,847,1,4,6,Finished,Finished,1.0,0.0
5364,1138,2024-09-22,2024,18,Singapore Grand Prix,214,839,842,13,17,+1 Lap,+1 Lap,1.0,0.0
5365,1138,2024-09-22,2024,18,Singapore Grand Prix,215,852,817,12,18,+1 Lap,+1 Lap,1.0,0.0
5366,1139,2024-10-20,2024,19,United States Grand Prix,1,846,857,4,5,Finished,Finished,1.0,0.0
5367,1139,2024-10-20,2024,19,United States Grand Prix,3,861,848,10,16,Finished,+1 Lap,1.0,0.0
5368,1139,2024-10-20,2024,19,United States Grand Prix,6,844,832,1,2,Finished,Finished,1.0,0.0
5369,1139,2024-10-20,2024,19,United States Grand Prix,9,830,815,3,7,Finished,Finished,1.0,0.0
5370,1139,2024-10-20,2024,19,United States Grand Prix,15,822,855,17,19,+1 Lap,+1 Lap,1.0,0.0
5371,1139,2024-10-20,2024,19,United States Grand Prix,117,4,840,13,15,+1 Lap,+1 Lap,1.0,0.0
5372,1139,2024-10-20,2024,19,United States Grand Prix,210,807,825,8,11,Finished,Finished,1.0,0.0
5373,1139,2024-10-20,2024,19,United States Grand Prix,214,842,839,12,18,Finished,+1 Lap,1.0,0.0
5374,1139,2024-10-20,2024,19,United States Grand Prix,215,859,852,9,14,Finished,+1 Lap,1.0,0.0
5375,1140,2024-10-27,2024,20,Mexico City Grand Prix,1,846,857,2,8,Finished,Finished,1.0,0.0
5376,1140,2024-10-27,2024,20,Mexico City Grand Prix,6,832,844,1,3,Finished,Finished,1.0,0.0
5377,1140,2024-10-27,2024,20,Mexico City Grand Prix,9,830,815,6,17,Finished,+1 Lap,1.0,0.0
5378,1140,2024-10-27,2024,20,Mexico City Grand Prix,15,822,855,14,15,+1 Lap,+1 Lap,1.0,0.0
5379,1140,2024-10-27,2024,20,Mexico City Grand Prix,131,1,847,4,5,Finished,Finished,1.0,0.0
5380,1140,2024-10-27,2024,20,Mexico City Grand Prix,210,825,807,7,9,Finished,+1 Lap,1.0,0.0
5381,1140,2024-10-27,2024,20,Mexico City Grand Prix,214,842,839,10,13,+1 Lap,+1 Lap,1.0,0.0
5382,1141,2024-11-03,2024,21,São Paulo Grand Prix,1,846,857,6,8,Finished,Finished,1.0,0.0
5383,1141,2024-11-03,2024,21,São Paulo Grand Prix,9,830,815,1,11,Finished,Finished,1.0,0.0
5384,1141,2024-11-03,2024,21,São Paulo Grand Prix,15,822,855,13,15,Finished,Finished,1.0,0.0
5385,1141,2024-11-03,2024,21,São Paulo Grand Prix,131,847,1,4,10,Finished,Finished,1.0,0.0
5386,1141,2024-11-03,2024,21,São Paulo Grand Prix,214,839,842,2,3,Finished,Finished,1.0,0.0
5387,1141,2024-11-03,2024,21,São Paulo Grand Prix,215,852,859,7,9,Finished,Finished,1.0,0.0
5388,1142,2024-11-23,2024,22,Las Vegas Grand Prix,1,846,857,6,7,Finished,Finished,1.0,0.0
5389,1142,2024-11-23,2024,22,Las Vegas Grand Prix,6,832,844,3,4,Finished,Finished,1.0,0.0
5390,1142,2024-11-23,2024,22,Las Vegas Grand Prix,9,830,815,5,10,Finished,Finished,1.0,0.0
5391,1142,2024-11-23,2024,22,Las Vegas Grand Prix,15,855,822,13,18,Finished,+1 Lap,1.0,0.0
5392,1142,2024-11-23,2024,22,Las Vegas Grand Prix,117,4,840,11,15,Finished,Finished,1.0,0.0
5393,1142,2024-11-23,2024,22,Las Vegas Grand Prix,131,847,1,1,2,Finished,Finished,1.0,0.0
5394,1142,2024-11-23,2024,22,Las Vegas Grand Prix,210,807,825,8,12,Finished,Finished,1.0,0.0
5395,1142,2024-11-23,2024,22,Las Vegas Grand Prix,215,852,859,9,16,Finished,Finished,1.0,0.0
5396,1143,2024-12-01,2024,23,Qatar Grand Prix,1,857,846,3,10,Finished,Finished,1.0,0.0
5397,1143,2024-12-01,2024,23,Qatar Grand Prix,6,844,832,2,6,Finished,Finished,1.0,0.0
5398,1143,2024-12-01,2024,23,Qatar Grand Prix,15,855,822,8,11,Finished,Finished,1.0,0.0
5399,1143,2024-12-01,2024,23,Qatar Grand Prix,131,847,1,4,12,Finished,Finished,1.0,0.0
5400,1143,2024-12-01,2024,23,Qatar Grand Prix,215,852,859,13,14,Finished,Finished,1.0,0.0
5401,1144,2024-12-08,2024,24,Abu Dhabi Grand Prix,1,846,857,1,10,Finished,Finished,1.0,0.0
5402,1144,2024-12-08,2024,24,Abu Dhabi Grand Prix,6,832,844,2,3,Finished,Finished,1.0,0.0
5403,1144,2024-12-08,2024,24,Abu Dhabi Grand Prix,117,4,840,9,14,Finished,+1 Lap,1.0,0.0
5404,1144,2024-12-08,2024,24,Abu Dhabi Grand Prix,131,1,847,4,5,Finished,Finished,1.0,0.0
5405,1144,2024-12-08,2024,24,Abu Dhabi Grand Prix,210,807,825,8,16,Finished,+1 Lap,1.0,0.0
5406,1144,2024-12-08,2024,24,Abu Dhabi Grand Prix,214,842,862,7,15,Finished,+1 Lap,1.0,0.0
5407,1145,2025-03-16,2025,1,Australian Grand Prix,1,846,857,1,9,Finished,Finished,1.0,0.0
5408,1145,2025-03-16,2025,1,Australian Grand Prix,6,844,1,8,10,Finished,Finished,1.0,0.0
5409,1145,2025-03-16,2025,1,Australian Grand Prix,131,847,863,3,4,Finished,Finished,1.0,0.0
5410,1145,2025-03-16,2025,1,Australian Grand Prix,210,839,860,13,14,Finished,Finished,1.0,0.0
5411,1146,2025-03-23,2025,2,Chinese Grand Prix,1,857,846,1,2,Finished,Finished,1.0,0.0
5412,1146,2025-03-23,2025,2,Chinese Grand Prix,3,848,832,7,10,Finished,Finished,1.0,0.0
5413,1146,2025-03-23,2025,2,Chinese Grand Prix,9,830,859,4,12,Finished,Finished,1.0,0.0
5414,1146,2025-03-23,2025,2,Chinese Grand Prix,131,847,863,3,6,Finished,Finished,1.0,0.0
5415,1146,2025-03-23,2025,2,Chinese Grand Prix,210,839,860,5,8,Finished,Finished,1.0,0.0
5416,1147,2025-04-06,2025,3,Japanese Grand Prix,1,846,857,2,3,Finished,Finished,1.0,0.0
5417,1147,2025-04-06,2025,3,Japanese Grand Prix,3,848,832,9,14,Finished,Finished,1.0,0.0
5418,1147,2025-04-06,2025,3,Japanese Grand Prix,6,844,1,4,7,Finished,Finished,1.0,0.0
5419,1147,2025-04-06,2025,3,Japanese Grand Prix,9,830,852,1,12,Finished,Finished,1.0,0.0
5420,1147,2025-04-06,2025,3,Japanese Grand Prix,15,807,866,16,19,Finished,Finished,1.0,0.0
5421,1147,2025-04-06,2025,3,Japanese Grand Prix,131,847,863,5,6,Finished,Finished,1.0,0.0
5422,1147,2025-04-06,2025,3,Japanese Grand Prix,210,860,839,10,18,Finished,Finished,1.0,0.0
5423,1147,2025-04-06,2025,3,Japanese Grand Prix,214,842,862,13,15,Finished,Finished,1.0,0.0
5424,1147,2025-04-06,2025,3,Japanese Grand Prix,215,872,859,8,17,Finished,Finished,1.0,0.0
5425,1148,2025-04-13,2025,4,Bahrain Grand Prix,1,857,846,1,3,Finished,Finished,1.0,0.0
5426,1148,2025-04-13,2025,4,Bahrain Grand Prix,6,844,1,4,5,Finished,Finished,1.0,0.0
5427,1148,2025-04-13,2025,4,Bahrain Grand Prix,9,830,852,6,9,Finished,Finished,1.0,0.0
5428,1148,2025-04-13,2025,4,Bahrain Grand Prix,117,4,840,15,17,Finished,Finished,1.0,0.0
5429,1148,2025-04-13,2025,4,Bahrain Grand Prix,131,847,863,2,11,Finished,Finished,1.0,0.0
5430,1148,2025-04-13,2025,4,Bahrain Grand Prix,210,839,860,8,10,Finished,Finished,1.0,0.0
5431,1148,2025-04-13,2025,4,Bahrain Grand Prix,214,842,862,7,14,Finished,Finished,1.0,0.0
5432,1148,2025-04-13,2025,4,Bahrain Grand Prix,215,872,859,13,16,Finished,Finished,1.0,0.0
5433,1149,2025-04-20,2025,5,Saudi Arabian Grand Prix,1,857,846,1,4,Finished,Finished,1.0,0.0
5434,1149,2025-04-20,2025,5,Saudi Arabian Grand Prix,3,832,848,8,9,Finished,Finished,1.0,0.0
5435,1149,2025-04-20,2025,5,Saudi Arabian Grand Prix,6,844,1,3,7,Finished,Finished,1.0,0.0
5436,1149,2025-04-20,2025,5,Saudi Arabian Grand Prix,131,847,863,5,6,Finished,Finished,1.0,0.0
5437,1149,2025-04-20,2025,5,Saudi Arabian Grand Prix,210,860,839,13,14,Finished,Finished,1.0,0.0
5438,1149,2025-04-20,2025,5,Saudi Arabian Grand Prix,215,872,859,10,12,Finished,Finished,1.0,0.0
5439,1150,2025-05-04,2025,6,Miami Grand Prix,1,857,846,1,2,Finished,Finished,1.0,0.0
5440,1150,2025-05-04,2025,6,Miami Grand Prix,3,848,832,5,9,Finished,Finished,1.0,0.0
5441,1150,2025-05-04,2025,6,Miami Grand Prix,6,844,1,7,8,Finished,Finished,1.0,0.0
5442,1150,2025-05-04,2025,6,Miami Grand Prix,9,830,852,4,10,Finished,Finished,1.0,0.0
5443,1150,2025-05-04,2025,6,Miami Grand Prix,131,847,863,3,6,Finished,Finished,1.0,0.0
5444,1151,2025-05-18,2025,7,Emilia Romagna Grand Prix,1,846,857,2,3,Finished,Finished,1.0,0.0
5445,1151,2025-05-18,2025,7,Emilia Romagna Grand Prix,3,848,832,5,8,Finished,Finished,1.0,0.0
5446,1151,2025-05-18,2025,7,Emilia Romagna Grand Prix,6,1,844,4,6,Finished,Finished,1.0,0.0
5447,1151,2025-05-18,2025,7,Emilia Romagna Grand Prix,9,830,852,1,10,Finished,Finished,1.0,0.0
5448,1151,2025-05-18,2025,7,Emilia Romagna Grand Prix,15,807,866,12,18,Finished,Finished,1.0,0.0
5449,1151,2025-05-18,2025,7,Emilia Romagna Grand Prix,117,4,840,11,15,Finished,Finished,1.0,0.0
5450,1151,2025-05-18,2025,7,Emilia Romagna Grand Prix,214,842,861,13,16,Finished,Finished,1.0,0.0
5451,1151,2025-05-18,2025,7,Emilia Romagna Grand Prix,215,872,859,9,14,Finished,Finished,1.0,0.0
5452,1152,2025-05-25,2025,8,Monaco Grand Prix,1,846,857,1,3,Finished,Finished,1.0,0.0
5453,1152,2025-05-25,2025,8,Monaco Grand Prix,6,844,1,2,5,Finished,Finished,1.0,0.0
5454,1153,2025-06-01,2025,9,Spanish Grand Prix,1,857,846,1,2,Finished,Finished,1.0,0.0
5455,1153,2025-06-01,2025,9,Spanish Grand Prix,6,844,1,3,6,Finished,Finished,1.0,0.0
5456,1153,2025-06-01,2025,9,Spanish Grand Prix,9,830,852,10,13,Finished,Finished,1.0,0.0
5457,1153,2025-06-01,2025,9,Spanish Grand Prix,15,807,866,5,12,Finished,Finished,1.0,0.0
5458,1153,2025-06-01,2025,9,Spanish Grand Prix,210,839,860,16,17,Finished,Finished,1.0,0.0
5459,1153,2025-06-01,2025,9,Spanish Grand Prix,214,842,861,8,15,Finished,Finished,1.0,0.0
5460,1153,2025-06-01,2025,9,Spanish Grand Prix,215,872,859,7,11,Finished,Finished,1.0,0.0
5461,1154,2025-06-15,2025,10,Canadian Grand Prix,6,844,1,5,6,Finished,Finished,1.0,0.0
5462,1154,2025-06-15,2025,10,Canadian Grand Prix,131,847,863,1,3,Finished,Finished,1.0,0.0
5463,1155,2025-06-29,2025,11,Austrian Grand Prix,1,846,857,1,2,Finished,Finished,1.0,0.0
5464,1155,2025-06-29,2025,11,Austrian Grand Prix,6,844,1,3,4,Finished,Finished,1.0,0.0
5465,1156,2025-07-06,2025,12,British Grand Prix,1,846,857,1,2,Finished,Finished,1.0,0.0
5466,1156,2025-07-06,2025,12,British Grand Prix,3,848,832,8,12,Finished,Finished,1.0,0.0
5467,1156,2025-07-06,2025,12,British Grand Prix,6,1,844,4,14,Finished,Finished,1.0,0.0
5468,1156,2025-07-06,2025,12,British Grand Prix,117,840,4,7,9,Finished,Finished,1.0,0.0
5469,1156,2025-07-06,2025,12,British Grand Prix,210,860,839,11,13,Finished,Finished,1.0,0.0
5470,1157,2025-07-27,2025,13,Belgian Grand Prix,1,857,846,1,2,Finished,Finished,1.0,0.0
5471,1157,2025-07-27,2025,13,Belgian Grand Prix,3,848,832,6,18,Finished,Finished,1.0,0.0
5472,1157,2025-07-27,2025,13,Belgian Grand Prix,6,844,1,3,7,Finished,Finished,1.0,0.0
5473,1157,2025-07-27,2025,13,Belgian Grand Prix,9,830,852,4,13,Finished,Finished,1.0,0.0
5474,1157,2025-07-27,2025,13,Belgian Grand Prix,15,866,807,9,12,Finished,Finished,1.0,0.0
5475,1157,2025-07-27,2025,13,Belgian Grand Prix,117,840,4,14,17,Finished,Finished,1.0,0.0
5476,1157,2025-07-27,2025,13,Belgian Grand Prix,131,847,863,5,16,Finished,Finished,1.0,0.0
5477,1157,2025-07-27,2025,13,Belgian Grand Prix,210,860,839,11,15,Finished,Finished,1.0,0.0
5478,1157,2025-07-27,2025,13,Belgian Grand Prix,214,842,861,10,19,Finished,Finished,1.0,0.0
5479,1158,2025-08-03,2025,14,Hungarian Grand Prix,1,846,857,1,2,Finished,Finished,1.0,0.0
5480,1158,2025-08-03,2025,14,Hungarian Grand Prix,117,4,840,5,7,Finished,Finished,1.0,0.0
5481,1159,2025-08-31,2025,15,Dutch Grand Prix,3,848,832,5,13,Finished,Finished,1.0,0.0
5482,1159,2025-08-31,2025,15,Dutch Grand Prix,9,830,852,2,9,Finished,Finished,1.0,0.0
5483,1159,2025-08-31,2025,15,Dutch Grand Prix,15,807,866,14,15,Finished,Finished,1.0,0.0
5484,1159,2025-08-31,2025,15,Dutch Grand Prix,117,840,4,7,8,Finished,Finished,1.0,0.0
5485,1159,2025-08-31,2025,15,Dutch Grand Prix,131,847,863,4,16,Finished,Finished,1.0,0.0
5486,1159,2025-08-31,2025,15,Dutch Grand Prix,210,860,839,6,10,Finished,Finished,1.0,0.0
5487,1159,2025-08-31,2025,15,Dutch Grand Prix,214,861,842,11,17,Finished,Finished,1.0,0.0
5488,1159,2025-08-31,2025,15,Dutch Grand Prix,215,872,859,3,12,Finished,Finished,1.0,0.0
5489,1160,2025-09-07,2025,16,Italian Grand Prix,1,846,857,2,3,Finished,Finished,1.0,0.0
5490,1160,2025-09-07,2025,16,Italian Grand Prix,3,848,832,7,11,Finished,Finished,1.0,0.0
5491,1160,2025-09-07,2025,16,Italian Grand Prix,6,844,1,4,6,Finished,Finished,1.0,0.0
5492,1160,2025-09-07,2025,16,Italian Grand Prix,9,830,852,1,13,Finished,Finished,1.0,0.0
5493,1160,2025-09-07,2025,16,Italian Grand Prix,131,847,863,5,9,Finished,Finished,1.0,0.0
5494,1160,2025-09-07,2025,16,Italian Grand Prix,215,872,859,10,14,Finished,Finished,1.0,0.0
5495,1161,2025-09-21,2025,17,Azerbaijan Grand Prix,3,832,848,3,13,Finished,Finished,1.0,0.0
5496,1161,2025-09-21,2025,17,Azerbaijan Grand Prix,6,1,844,8,9,Finished,Finished,1.0,0.0
5497,1161,2025-09-21,2025,17,Azerbaijan Grand Prix,9,830,852,1,6,Finished,Finished,1.0,0.0
5498,1161,2025-09-21,2025,17,Azerbaijan Grand Prix,15,866,807,11,16,Finished,Finished,1.0,0.0
5499,1161,2025-09-21,2025,17,Azerbaijan Grand Prix,117,4,840,15,17,Finished,Finished,1.0,0.0
5500,1161,2025-09-21,2025,17,Azerbaijan Grand Prix,131,847,863,2,4,Finished,Finished,1.0,0.0
5501,1161,2025-09-21,2025,17,Azerbaijan Grand Prix,210,860,839,12,14,Finished,Finished,1.0,0.0
5502,1161,2025-09-21,2025,17,Azerbaijan Grand Prix,215,859,872,5,10,Finished,Finished,1.0,0.0
5503,1162,2025-10-05,2025,18,Singapore Grand Prix,1,846,857,3,4,Finished,Finished,1.0,0.0
5504,1162,2025-10-05,2025,18,Singapore Grand Prix,6,844,1,6,8,Finished,Finished,1.0,0.0
5505,1162,2025-10-05,2025,18,Singapore Grand Prix,131,847,863,1,5,Finished,Finished,1.0,0.0
5506,1163,2025-10-19,2025,19,United States Grand Prix,1,846,857,2,5,Finished,Finished,1.0,0.0
5507,1163,2025-10-19,2025,19,United States Grand Prix,6,844,1,3,4,Finished,Finished,1.0,0.0
5508,1163,2025-10-19,2025,19,United States Grand Prix,9,830,852,1,7,Finished,Finished,1.0,0.0
5509,1163,2025-10-19,2025,19,United States Grand Prix,117,4,840,10,12,Finished,Finished,1.0,0.0
5510,1163,2025-10-19,2025,19,United States Grand Prix,131,847,863,6,13,Finished,Finished,1.0,0.0
5511,1163,2025-10-19,2025,19,United States Grand Prix,210,860,839,9,15,Finished,Finished,1.0,0.0
5512,1163,2025-10-19,2025,19,United States Grand Prix,215,859,872,11,16,Finished,Finished,1.0,0.0
5513,1164,2025-10-26,2025,20,Mexico City Grand Prix,1,846,857,1,5,Finished,Finished,1.0,0.0
5514,1164,2025-10-26,2025,20,Mexico City Grand Prix,6,844,1,2,8,Finished,Finished,1.0,0.0
5515,1164,2025-10-26,2025,20,Mexico City Grand Prix,9,830,852,3,11,Finished,Finished,1.0,0.0
5516,1164,2025-10-26,2025,20,Mexico City Grand Prix,131,863,847,6,7,Finished,Finished,1.0,0.0
5517,1164,2025-10-26,2025,20,Mexico City Grand Prix,210,860,839,4,9,Finished,Finished,1.0,0.0
5518,1165,2025-11-09,2025,21,São Paulo Grand Prix,1,846,857,1,5,Finished,Finished,1.0,0.0
5519,1165,2025-11-09,2025,21,São Paulo Grand Prix,3,848,832,11,13,Finished,Finished,1.0,0.0
5520,1165,2025-11-09,2025,21,São Paulo Grand Prix,9,830,852,3,17,Finished,Finished,1.0,0.0
5521,1165,2025-11-09,2025,21,São Paulo Grand Prix,117,4,840,14,16,Finished,Finished,1.0,0.0
5522,1165,2025-11-09,2025,21,São Paulo Grand Prix,131,863,847,2,4,Finished,Finished,1.0,0.0
5523,1165,2025-11-09,2025,21,São Paulo Grand Prix,210,860,839,6,12,Finished,Finished,1.0,0.0
5524,1165,2025-11-09,2025,21,São Paulo Grand Prix,214,842,861,10,15,Finished,Finished,1.0,0.0
5525,1165,2025-11-09,2025,21,São Paulo Grand Prix,215,859,872,7,8,Finished,Finished,1.0,0.0
5526,1166,2025-11-23,2025,22,Las Vegas Grand Prix,6,844,1,4,8,Finished,Finished,1.0,0.0
5527,1166,2025-11-23,2025,22,Las Vegas Grand Prix,9,830,852,1,12,Finished,Finished,1.0,0.0
5528,1166,2025-11-23,2025,22,Las Vegas Grand Prix,131,847,863,2,3,Finished,Finished,1.0,0.0
5529,1166,2025-11-23,2025,22,Las Vegas Grand Prix,210,839,860,9,10,Finished,Finished,1.0,0.0
5530,1167,2025-11-30,2025,23,Qatar Grand Prix,1,857,846,2,4,Finished,Finished,1.0,0.0
5531,1167,2025-11-30,2025,23,Qatar Grand Prix,3,832,848,3,11,Finished,Finished,1.0,0.0
5532,1167,2025-11-30,2025,23,Qatar Grand Prix,6,844,1,8,12,Finished,Finished,1.0,0.0
5533,1167,2025-11-30,2025,23,Qatar Grand Prix,9,830,852,1,10,Finished,Finished,1.0,0.0
5534,1167,2025-11-30,2025,23,Qatar Grand Prix,131,863,847,5,6,Finished,Finished,1.0,0.0
5535,1168,2025-12-07,2025,24,Abu Dhabi Grand Prix,1,857,846,2,3,Finished,Finished,1.0,0.0
5536,1168,2025-12-07,2025,24,Abu Dhabi Grand Prix,3,832,848,13,16,Finished,Finished,1.0,0.0
5537,1168,2025-12-07,2025,24,Abu Dhabi Grand Prix,6,844,1,4,8,Finished,Finished,1.0,0.0
5538,1168,2025-12-07,2025,24,Abu Dhabi Grand Prix,9,830,852,1,14,Finished,Finished,1.0,0.0
5539,1168,2025-12-07,2025,24,Abu Dhabi Grand Prix,15,807,866,9,11,Finished,Finished,1.0,0.0
5540,1168,2025-12-07,2025,24,Abu Dhabi Grand Prix,117,4,840,6,10,Finished,Finished,1.0,0.0
5541,1168,2025-12-07,2025,24,Abu Dhabi Grand Prix,131,847,863,5,15,Finished,Finished,1.0,0.0
5542,1168,2025-12-07,2025,24,Abu Dhabi Grand Prix,210,839,860,7,12,Finished,Finished,1.0,0.0
5543,1169,2026-03-08,2026,1,Australian Grand Prix,6,844,1,3,4,Finished,Finished,1.0,0.0
5544,1169,2026-03-08,2026,1,Australian Grand Prix,131,847,863,1,2,Finished,Finished,1.0,0.0
5545,1170,2026-03-15,2026,2,Chinese Grand Prix,6,1,844,3,4,Finished,Finished,1.0,0.0
5546,1170,2026-03-15,2026,2,Chinese Grand Prix,131,863,847,1,2,Finished,Finished,1.0,0.0
5547,1171,2026-03-29,2026,3,Japanese Grand Prix,1,857,846,2,5,Finished,Finished,1.0,0.0
5548,1171,2026-03-29,2026,3,Japanese Grand Prix,6,844,1,3,6,Finished,Finished,1.0,0.0
5549,1171,2026-03-29,2026,3,Japanese Grand Prix,9,830,872,8,12,Finished,Finished,1.0,0.0
5550,1171,2026-03-29,2026,3,Japanese Grand Prix,131,863,847,1,4,Finished,Finished,1.0,0.0
5551,1171,2026-03-29,2026,3,Japanese Grand Prix,214,842,861,7,16,Finished,Finished,1.0,0.0
5552,1171,2026-03-29,2026,3,Japanese Grand Prix,215,859,876,9,14,Finished,Finished,1.0,0.0
5553,1171,2026-03-29,2026,3,Japanese Grand Prix,216,807,866,11,13,Finished,Finished,1.0,0.0
5554,1172,2026-05-03,2026,4,Miami Grand Prix,1,846,857,2,3,Finished,Finished,1.0,0.0
5555,1172,2026-05-03,2026,4,Miami Grand Prix,3,832,848,9,10,Finished,Finished,1.0,0.0
5556,1172,2026-05-03,2026,4,Miami Grand Prix,6,1,844,6,8,Finished,Finished,1.0,0.0
5557,1172,2026-05-03,2026,4,Miami Grand Prix,131,863,847,1,4,Finished,Finished,1.0,0.0
5558,1173,2026-05-24,2026,5,Canadian Grand Prix,6,1,844,2,4,Finished,Finished,1.0,0.0
5559,1174,2026-06-07,2026,6,Monaco Grand Prix,131,863,847,1,12,Finished,Finished,1.0,0.0
5560,1174,2026-06-07,2026,6,Monaco Grand Prix,214,842,861,3,14,Finished,Finished,1.0,0.0
5561,1174,2026-06-07,2026,6,Monaco Grand Prix,215,859,876,6,7,Finished,Finished,1.0,0.0
5562,1174,2026-06-07,2026,6,Monaco Grand Prix,216,866,807,11,13,Finished,Finished,1.0,0.0
5563,1175,2026-06-14,2026,7,Barcelona Grand Prix,1,846,857,3,5,Finished,Finished,1.0,0.0
5564,1176,2026-06-28,2026,8,Austrian Grand Prix,1,857,846,4,7,Finished,Finished,1.0,0.0
5565,1176,2026-06-28,2026,8,Austrian Grand Prix,6,1,844,5,8,Finished,Finished,1.0,0.0
5566,1176,2026-06-28,2026,8,Austrian Grand Prix,9,830,872,2,6,Finished,Finished,1.0,0.0
5567,1176,2026-06-28,2026,8,Austrian Grand Prix,131,847,863,1,3,Finished,Finished,1.0,0.0
5568,1177,2026-07-05,2026,9,British Grand Prix,1,846,857,4,11,Finished,Finished,1.0,0.0
5569,1177,2026-07-05,2026,9,British Grand Prix,6,844,1,1,3,Finished,Finished,1.0,0.0
5570,1177,2026-07-05,2026,9,British Grand Prix,131,847,863,2,15,Finished,Finished,1.0,0.0
5571,1177,2026-07-05,2026,9,British Grand Prix,210,860,839,12,13,Finished,Finished,1.0,0.0
5572,1177,2026-07-05,2026,9,British Grand Prix,214,861,842,9,10,Finished,Finished,1.0,0.0
5573,1177,2026-07-05,2026,9,British Grand Prix,215,859,876,6,7,Finished,Finished,1.0,0.0
5574,1177,2026-07-05,2026,9,British Grand Prix,217,815,822,14,16,Finished,Finished,1.0,0.0
5575,1178,2026-07-19,2026,10,Belgian Grand Prix,1,857,846,5,7,Finished,Finished,1.0,0.0
5576,1178,2026-07-19,2026,10,Belgian Grand Prix,3,848,832,15,16,Finished,Finished,1.0,0.0
5577,1178,2026-07-19,2026,10,Belgian Grand Prix,6,844,1,2,4,Finished,Finished,1.0,0.0
5578,1178,2026-07-19,2026,10,Belgian Grand Prix,9,830,872,3,6,Finished,Finished,1.0,0.0
5579,1178,2026-07-19,2026,10,Belgian Grand Prix,210,860,839,14,17,Finished,Finished,1.0,0.0
5580,1178,2026-07-19,2026,10,Belgian Grand Prix,214,861,842,10,11,Finished,Finished,1.0,0.0
5581,1178,2026-07-19,2026,10,Belgian Grand Prix,215,876,859,9,12,Finished,Finished,1.0,0.0
5582,1178,2026-07-19,2026,10,Belgian Grand Prix,216,866,807,8,13,Finished,Finished,1.0,0.0
5583,1179,2026-07-26,2026,11,Hungarian Grand Prix,6,844,1,4,5,Finished,Finished,1.0,0.0
5584,1179,2026-07-26,2026,11,Hungarian Grand Prix,9,830,872,2,6,Finished,Finished,1.0,0.0
5585,1179,2026-07-26,2026,11,Hungarian Grand Prix,131,863,847,3,7,Finished,Finished,1.0,0.0
